{
  "type": "Project",
  "name": "Project",
  "children": [
    {
      "type": "File",
      "name": "EMAFilter.java",
      "value": "D:\\py-java-transform\\java to py\\java-to-python_user\\java-to-python-main\\java to python-result\\138\\EMAFilter\\EMAFilter.java",
      "children": [
        {
          "type": "CompilationUnit",
          "name": "",
          "line": 1,
          "column": 1,
          "endLine": 48,
          "endColumn": 2,
          "children": [
            {
              "type": "PackageDeclaration",
              "name": "com.thealgorithms.audiofilters",
              "line": 1,
              "column": 1,
              "endLine": 1,
              "endColumn": 39,
              "attrs": {
                "name": "com.thealgorithms.audiofilters"
              },
              "children": [
                {
                  "type": "Name",
                  "name": "",
                  "line": 1,
                  "column": 9,
                  "endLine": 1,
                  "endColumn": 38,
                  "children": [
                    {
                      "type": "Name",
                      "name": "",
                      "line": 1,
                      "column": 9,
                      "endLine": 1,
                      "endColumn": 25,
                      "children": [
                        {
                          "type": "Name",
                          "name": "",
                          "line": 1,
                          "column": 9,
                          "endLine": 1,
                          "endColumn": 11
                        }
                      ]
                    }
                  ]
                }
              ]
            },
            {
              "type": "ClassOrInterfaceDeclaration",
              "name": "EMAFilter",
              "line": 13,
              "column": 1,
              "endLine": 48,
              "endColumn": 1,
              "value": "class",
              "attrs": {
                "modifiers": "[public ]",
                "typeParams": "[]",
                "extends": "[]",
                "implements": "[]",
                "annotations": "[]"
              },
              "children": [
                {
                  "type": "Javadoc",
                  "name": "",
                  "line": 3,
                  "column": 1,
                  "endLine": 12,
                  "endColumn": 3,
                  "value": "\n * Exponential Moving Average (EMA) Filter for smoothing audio signals.\n *\n * <p>This filter applies an exponential moving average to a sequence of audio\n * signal values, making it useful for smoothing out rapid fluctuations.\n * The smoothing factor (alpha) controls the degree of smoothing.\n *\n * <p>Based on the definition from\n * <a href=\"https://en.wikipedia.org/wiki/Moving_average\">Wikipedia link</a>.\n "
                },
                {
                  "type": "Modifier",
                  "name": "",
                  "line": 13,
                  "column": 1,
                  "endLine": 13,
                  "endColumn": 6
                },
                {
                  "type": "SimpleName",
                  "name": "",
                  "line": 13,
                  "column": 14,
                  "endLine": 13,
                  "endColumn": 22
                },
                {
                  "type": "FieldDeclaration",
                  "name": "",
                  "line": 14,
                  "column": 5,
                  "endLine": 14,
                  "endColumn": 31,
                  "value": "double",
                  "attrs": {
                    "modifiers": "[private , final ]",
                    "annotations": "[]"
                  },
                  "children": [
                    {
                      "type": "Modifier",
                      "name": "",
                      "line": 14,
                      "column": 5,
                      "endLine": 14,
                      "endColumn": 11
                    },
                    {
                      "type": "Modifier",
                      "name": "",
                      "line": 14,
                      "column": 13,
                      "endLine": 14,
                      "endColumn": 17
                    },
                    {
                      "type": "VariableDeclarator",
                      "name": "alpha",
                      "line": 14,
                      "column": 26,
                      "endLine": 14,
                      "endColumn": 30,
                      "value": "double",
                      "attrs": {
                        "type": "double"
                      },
                      "children": [
                        {
                          "type": "PrimitiveType",
                          "name": "",
                          "line": 14,
                          "column": 19,
                          "endLine": 14,
                          "endColumn": 24
                        },
                        {
                          "type": "SimpleName",
                          "name": "",
                          "line": 14,
                          "column": 26,
                          "endLine": 14,
                          "endColumn": 30
                        }
                      ]
                    }
                  ]
                },
                {
                  "type": "FieldDeclaration",
                  "name": "",
                  "line": 15,
                  "column": 5,
                  "endLine": 15,
                  "endColumn": 28,
                  "value": "double",
                  "attrs": {
                    "modifiers": "[private ]",
                    "annotations": "[]"
                  },
                  "children": [
                    {
                      "type": "Modifier",
                      "name": "",
                      "line": 15,
                      "column": 5,
                      "endLine": 15,
                      "endColumn": 11
                    },
                    {
                      "type": "VariableDeclarator",
                      "name": "emaValue",
                      "line": 15,
                      "column": 20,
                      "endLine": 15,
                      "endColumn": 27,
                      "value": "double",
                      "attrs": {
                        "type": "double"
                      },
                      "children": [
                        {
                          "type": "PrimitiveType",
                          "name": "",
                          "line": 15,
                          "column": 13,
                          "endLine": 15,
                          "endColumn": 18
                        },
                        {
                          "type": "SimpleName",
                          "name": "",
                          "line": 15,
                          "column": 20,
                          "endLine": 15,
                          "endColumn": 27
                        }
                      ]
                    }
                  ]
                },
                {
                  "type": "ConstructorDeclaration",
                  "name": "EMAFilter",
                  "line": 22,
                  "column": 5,
                  "endLine": 28,
                  "endColumn": 5,
                  "attrs": {
                    "modifiers": "[public ]",
                    "throws": "[]",
                    "annotations": "[]",
                    "params": "[double alpha]"
                  },
                  "children": [
                    {
                      "type": "Javadoc",
                      "name": "",
                      "line": 16,
                      "column": 5,
                      "endLine": 21,
                      "endColumn": 7,
                      "value": "\n     * Constructs an EMA filter with a given smoothing factor.\n     *\n     * @param alpha Smoothing factor (0 < alpha <= 1)\n     * @throws IllegalArgumentException if alpha is not in (0, 1]\n     "
                    },
                    {
                      "type": "Modifier",
                      "name": "",
                      "line": 22,
                      "column": 5,
                      "endLine": 22,
                      "endColumn": 10
                    },
                    {
                      "type": "SimpleName",
                      "name": "",
                      "line": 22,
                      "column": 12,
                      "endLine": 22,
                      "endColumn": 20
                    },
                    {
                      "type": "Parameter",
                      "name": "alpha",
                      "line": 22,
                      "column": 22,
                      "endLine": 22,
                      "endColumn": 33,
                      "attrs": {
                        "modifiers": "[]",
                        "type": "double",
                        "isVarArgs": "false",
                        "annotations": "[]"
                      },
                      "children": [
                        {
                          "type": "PrimitiveType",
                          "name": "",
                          "line": 22,
                          "column": 22,
                          "endLine": 22,
                          "endColumn": 27
                        },
                        {
                          "type": "SimpleName",
                          "name": "",
                          "line": 22,
                          "column": 29,
                          "endLine": 22,
                          "endColumn": 33
                        }
                      ]
                    },
                    {
                      "type": "BlockStmt",
                      "name": "",
                      "line": 22,
                      "column": 36,
                      "endLine": 28,
                      "endColumn": 5,
                      "children": [
                        {
                          "type": "IfStmt",
                          "name": "if(alpha <= 0 || alpha > 1)",
                          "line": 23,
                          "column": 9,
                          "endLine": 25,
                          "endColumn": 9,
                          "attrs": {
                            "condition": "alpha <= 0 || alpha > 1"
                          },
                          "children": [
                            {
                              "type": "BinaryExpr",
                              "name": "",
                              "line": 23,
                              "column": 13,
                              "endLine": 23,
                              "endColumn": 35,
                              "children": [
                                {
                                  "type": "BinaryExpr",
                                  "name": "",
                                  "line": 23,
                                  "column": 13,
                                  "endLine": 23,
                                  "endColumn": 22,
                                  "children": [
                                    {
                                      "type": "NameExpr",
                                      "name": "alpha",
                                      "line": 23,
                                      "column": 13,
                                      "endLine": 23,
                                      "endColumn": 17,
                                      "children": [
                                        {
                                          "type": "SimpleName",
                                          "name": "",
                                          "line": 23,
                                          "column": 13,
                                          "endLine": 23,
                                          "endColumn": 17
                                        }
                                      ]
                                    },
                                    {
                                      "type": "IntegerLiteralExpr",
                                      "name": "",
                                      "line": 23,
                                      "column": 22,
                                      "endLine": 23,
                                      "endColumn": 22
                                    }
                                  ]
                                },
                                {
                                  "type": "BinaryExpr",
                                  "name": "",
                                  "line": 23,
                                  "column": 27,
                                  "endLine": 23,
                                  "endColumn": 35,
                                  "children": [
                                    {
                                      "type": "NameExpr",
                                      "name": "alpha",
                                      "line": 23,
                                      "column": 27,
                                      "endLine": 23,
                                      "endColumn": 31,
                                      "children": [
                                        {
                                          "type": "SimpleName",
                                          "name": "",
                                          "line": 23,
                                          "column": 27,
                                          "endLine": 23,
                                          "endColumn": 31
                                        }
                                      ]
                                    },
                                    {
                                      "type": "IntegerLiteralExpr",
                                      "name": "",
                                      "line": 23,
                                      "column": 35,
                                      "endLine": 23,
                                      "endColumn": 35
                                    }
                                  ]
                                }
                              ]
                            },
                            {
                              "type": "BlockStmt",
                              "name": "",
                              "line": 23,
                              "column": 38,
                              "endLine": 25,
                              "endColumn": 9,
                              "children": [
                                {
                                  "type": "ThrowStmt",
                                  "name": "throw",
                                  "line": 24,
                                  "column": 13,
                                  "endLine": 24,
                                  "endColumn": 81,
                                  "attrs": {
                                    "expr": "new IllegalArgumentException(\"Alpha must be between 0 and 1.\")"
                                  },
                                  "children": [
                                    {
                                      "type": "ObjectCreationExpr",
                                      "name": "new IllegalArgumentException",
                                      "line": 24,
                                      "column": 19,
                                      "endLine": 24,
                                      "endColumn": 80,
                                      "attrs": {
                                        "type": "IllegalArgumentException",
                                        "hasAnonymousClassBody": "false",
                                        "args": "[\"Alpha must be between 0 and 1.\"]"
                                      },
                                      "children": [
                                        {
                                          "type": "ClassOrInterfaceType",
                                          "name": "IllegalArgumentException",
                                          "line": 24,
                                          "column": 23,
                                          "endLine": 24,
                                          "endColumn": 46,
                                          "children": [
                                            {
                                              "type": "SimpleName",
                                              "name": "",
                                              "line": 24,
                                              "column": 23,
                                              "endLine": 24,
                                              "endColumn": 46
                                            }
                                          ]
                                        },
                                        {
                                          "type": "StringLiteralExpr",
                                          "name": "",
                                          "line": 24,
                                          "column": 48,
                                          "endLine": 24,
                                          "endColumn": 79
                                        }
                                      ]
                                    }
                                  ]
                                }
                              ]
                            }
                          ]
                        },
                        {
                          "type": "ExpressionStmt",
                          "name": "",
                          "line": 26,
                          "column": 9,
                          "endLine": 26,
                          "endColumn": 27,
                          "attrs": {
                            "code": "this.alpha = alpha"
                          },
                          "children": [
                            {
                              "type": "AssignExpr",
                              "name": "",
                              "line": 26,
                              "column": 9,
                              "endLine": 26,
                              "endColumn": 26,
                              "attrs": {
                                "code": "this.alpha = alpha"
                              },
                              "children": [
                                {
                                  "type": "FieldAccessExpr",
                                  "name": "alpha",
                                  "line": 26,
                                  "column": 9,
                                  "endLine": 26,
                                  "endColumn": 18,
                                  "children": [
                                    {
                                      "type": "ThisExpr",
                                      "name": "",
                                      "line": 26,
                                      "column": 9,
                                      "endLine": 26,
                                      "endColumn": 12
                                    },
                                    {
                                      "type": "SimpleName",
                                      "name": "",
                                      "line": 26,
                                      "column": 14,
                                      "endLine": 26,
                                      "endColumn": 18
                                    }
                                  ]
                                },
                                {
                                  "type": "NameExpr",
                                  "name": "alpha",
                                  "line": 26,
                                  "column": 22,
                                  "endLine": 26,
                                  "endColumn": 26,
                                  "children": [
                                    {
                                      "type": "SimpleName",
                                      "name": "",
                                      "line": 26,
                                      "column": 22,
                                      "endLine": 26,
                                      "endColumn": 26
                                    }
                                  ]
                                }
                              ]
                            }
                          ]
                        },
                        {
                          "type": "ExpressionStmt",
                          "name": "",
                          "line": 27,
                          "column": 9,
                          "endLine": 27,
                          "endColumn": 28,
                          "attrs": {
                            "code": "this.emaValue = 0.0"
                          },
                          "children": [
                            {
                              "type": "AssignExpr",
                              "name": "",
                              "line": 27,
                              "column": 9,
                              "endLine": 27,
                              "endColumn": 27,
                              "attrs": {
                                "code": "this.emaValue = 0.0"
                              },
                              "children": [
                                {
                                  "type": "FieldAccessExpr",
                                  "name": "emaValue",
                                  "line": 27,
                                  "column": 9,
                                  "endLine": 27,
                                  "endColumn": 21,
                                  "children": [
                                    {
                                      "type": "ThisExpr",
                                      "name": "",
                                      "line": 27,
                                      "column": 9,
                                      "endLine": 27,
                                      "endColumn": 12
                                    },
                                    {
                                      "type": "SimpleName",
                                      "name": "",
                                      "line": 27,
                                      "column": 14,
                                      "endLine": 27,
                                      "endColumn": 21
                                    }
                                  ]
                                },
                                {
                                  "type": "DoubleLiteralExpr",
                                  "name": "",
                                  "line": 27,
                                  "column": 25,
                                  "endLine": 27,
                                  "endColumn": 27
                                }
                              ]
                            }
                          ]
                        }
                      ]
                    }
                  ]
                },
                {
                  "type": "MethodDeclaration",
                  "name": "apply",
                  "line": 35,
                  "column": 5,
                  "endLine": 47,
                  "endColumn": 5,
                  "value": "double[]",
                  "attrs": {
                    "modifiers": "[public ]",
                    "typeParams": "[]",
                    "throws": "[]",
                    "annotations": "[]",
                    "type": "double[]",
                    "params": "[double[] audioSignal]"
                  },
                  "children": [
                    {
                      "type": "Javadoc",
                      "name": "",
                      "line": 29,
                      "column": 5,
                      "endLine": 34,
                      "endColumn": 7,
                      "value": "\n     * Applies the EMA filter to an audio signal array.\n     *\n     * @param audioSignal Array of audio samples to process\n     * @return Array of processed (smoothed) samples\n     "
                    },
                    {
                      "type": "Modifier",
                      "name": "",
                      "line": 35,
                      "column": 5,
                      "endLine": 35,
                      "endColumn": 10
                    },
                    {
                      "type": "SimpleName",
                      "name": "",
                      "line": 35,
                      "column": 21,
                      "endLine": 35,
                      "endColumn": 25
                    },
                    {
                      "type": "Parameter",
                      "name": "audioSignal",
                      "line": 35,
                      "column": 27,
                      "endLine": 35,
                      "endColumn": 46,
                      "attrs": {
                        "modifiers": "[]",
                        "type": "double[]",
                        "isVarArgs": "false",
                        "annotations": "[]"
                      },
                      "children": [
                        {
                          "type": "ArrayType",
                          "name": "",
                          "line": 35,
                          "column": 27,
                          "endLine": 35,
                          "endColumn": 34,
                          "children": [
                            {
                              "type": "PrimitiveType",
                              "name": "",
                              "line": 35,
                              "column": 27,
                              "endLine": 35,
                              "endColumn": 32
                            }
                          ]
                        },
                        {
                          "type": "SimpleName",
                          "name": "",
                          "line": 35,
                          "column": 36,
                          "endLine": 35,
                          "endColumn": 46
                        }
                      ]
                    },
                    {
                      "type": "ArrayType",
                      "name": "",
                      "line": 35,
                      "column": 12,
                      "endLine": 35,
                      "endColumn": 19,
                      "children": [
                        {
                          "type": "PrimitiveType",
                          "name": "",
                          "line": 35,
                          "column": 12,
                          "endLine": 35,
                          "endColumn": 17
                        }
                      ]
                    },
                    {
                      "type": "BlockStmt",
                      "name": "",
                      "line": 35,
                      "column": 49,
                      "endLine": 47,
                      "endColumn": 5,
                      "children": [
                        {
                          "type": "IfStmt",
                          "name": "if(audioSignal.length == 0)",
                          "line": 36,
                          "column": 9,
                          "endLine": 38,
                          "endColumn": 9,
                          "attrs": {
                            "condition": "audioSignal.length == 0"
                          },
                          "children": [
                            {
                              "type": "BinaryExpr",
                              "name": "",
                              "line": 36,
                              "column": 13,
                              "endLine": 36,
                              "endColumn": 35,
                              "children": [
                                {
                                  "type": "FieldAccessExpr",
                                  "name": "length",
                                  "line": 36,
                                  "column": 13,
                                  "endLine": 36,
                                  "endColumn": 30,
                                  "children": [
                                    {
                                      "type": "NameExpr",
                                      "name": "audioSignal",
                                      "line": 36,
                                      "column": 13,
                                      "endLine": 36,
                                      "endColumn": 23,
                                      "children": [
                                        {
                                          "type": "SimpleName",
                                          "name": "",
                                          "line": 36,
                                          "column": 13,
                                          "endLine": 36,
                                          "endColumn": 23
                                        }
                                      ]
                                    },
                                    {
                                      "type": "SimpleName",
                                      "name": "",
                                      "line": 36,
                                      "column": 25,
                                      "endLine": 36,
                                      "endColumn": 30
                                    }
                                  ]
                                },
                                {
                                  "type": "IntegerLiteralExpr",
                                  "name": "",
                                  "line": 36,
                                  "column": 35,
                                  "endLine": 36,
                                  "endColumn": 35
                                }
                              ]
                            },
                            {
                              "type": "BlockStmt",
                              "name": "",
                              "line": 36,
                              "column": 38,
                              "endLine": 38,
                              "endColumn": 9,
                              "children": [
                                {
                                  "type": "ReturnStmt",
                                  "name": "return",
                                  "line": 37,
                                  "column": 13,
                                  "endLine": 37,
                                  "endColumn": 33,
                                  "attrs": {
                                    "expr": "new double[0]"
                                  },
                                  "children": [
                                    {
                                      "type": "ArrayCreationExpr",
                                      "name": "",
                                      "line": 37,
                                      "column": 20,
                                      "endLine": 37,
                                      "endColumn": 32,
                                      "children": [
                                        {
                                          "type": "PrimitiveType",
                                          "name": "",
                                          "line": 37,
                                          "column": 24,
                                          "endLine": 37,
                                          "endColumn": 29
                                        },
                                        {
                                          "type": "ArrayCreationLevel",
                                          "name": "",
                                          "line": 37,
                                          "column": 30,
                                          "endLine": 37,
                                          "endColumn": 32,
                                          "children": [
                                            {
                                              "type": "IntegerLiteralExpr",
                                              "name": "",
                                              "line": 37,
                                              "column": 31,
                                              "endLine": 37,
                                              "endColumn": 31
                                            }
                                          ]
                                        }
                                      ]
                                    }
                                  ]
                                }
                              ]
                            }
                          ]
                        },
                        {
                          "type": "ExpressionStmt",
                          "name": "",
                          "line": 39,
                          "column": 9,
                          "endLine": 39,
                          "endColumn": 60,
                          "attrs": {
                            "code": "double[] emaSignal = new double[audioSignal.length]"
                          },
                          "children": [
                            {
                              "type": "VariableDeclarationExpr",
                              "name": "",
                              "line": 39,
                              "column": 9,
                              "endLine": 39,
                              "endColumn": 59,
                              "attrs": {
                                "modifiers": "[]",
                                "code": "double[] emaSignal = new double[audioSignal.length]"
                              },
                              "children": [
                                {
                                  "type": "VariableDeclarator",
                                  "name": "emaSignal",
                                  "line": 39,
                                  "column": 18,
                                  "endLine": 39,
                                  "endColumn": 59,
                                  "value": "double[]",
                                  "attrs": {
                                    "initializer": "new double[audioSignal.length]",
                                    "type": "double[]"
                                  },
                                  "children": [
                                    {
                                      "type": "ArrayType",
                                      "name": "",
                                      "line": 39,
                                      "column": 9,
                                      "endLine": 39,
                                      "endColumn": 16,
                                      "children": [
                                        {
                                          "type": "PrimitiveType",
                                          "name": "",
                                          "line": 39,
                                          "column": 9,
                                          "endLine": 39,
                                          "endColumn": 14
                                        }
                                      ]
                                    },
                                    {
                                      "type": "SimpleName",
                                      "name": "",
                                      "line": 39,
                                      "column": 18,
                                      "endLine": 39,
                                      "endColumn": 26
                                    },
                                    {
                                      "type": "ArrayCreationExpr",
                                      "name": "",
                                      "line": 39,
                                      "column": 30,
                                      "endLine": 39,
                                      "endColumn": 59,
                                      "children": [
                                        {
                                          "type": "PrimitiveType",
                                          "name": "",
                                          "line": 39,
                                          "column": 34,
                                          "endLine": 39,
                                          "endColumn": 39
                                        },
                                        {
                                          "type": "ArrayCreationLevel",
                                          "name": "",
                                          "line": 39,
                                          "column": 40,
                                          "endLine": 39,
                                          "endColumn": 59,
                                          "children": [
                                            {
                                              "type": "FieldAccessExpr",
                                              "name": "length",
                                              "line": 39,
                                              "column": 41,
                                              "endLine": 39,
                                              "endColumn": 58,
                                              "children": [
                                                {
                                                  "type": "NameExpr",
                                                  "name": "audioSignal",
                                                  "line": 39,
                                                  "column": 41,
                                                  "endLine": 39,
                                                  "endColumn": 51,
                                                  "children": [
                                                    {
                                                      "type": "SimpleName",
                                                      "name": "",
                                                      "line": 39,
                                                      "column": 41,
                                                      "endLine": 39,
                                                      "endColumn": 51
                                                    }
                                                  ]
                                                },
                                                {
                                                  "type": "SimpleName",
                                                  "name": "",
                                                  "line": 39,
                                                  "column": 53,
                                                  "endLine": 39,
                                                  "endColumn": 58
                                                }
                                              ]
                                            }
                                          ]
                                        }
                                      ]
                                    }
                                  ]
                                }
                              ]
                            }
                          ]
                        },
                        {
                          "type": "ExpressionStmt",
                          "name": "",
                          "line": 40,
                          "column": 9,
                          "endLine": 40,
                          "endColumn": 34,
                          "attrs": {
                            "code": "emaValue = audioSignal[0]"
                          },
                          "children": [
                            {
                              "type": "AssignExpr",
                              "name": "",
                              "line": 40,
                              "column": 9,
                              "endLine": 40,
                              "endColumn": 33,
                              "attrs": {
                                "code": "emaValue = audioSignal[0]"
                              },
                              "children": [
                                {
                                  "type": "NameExpr",
                                  "name": "emaValue",
                                  "line": 40,
                                  "column": 9,
                                  "endLine": 40,
                                  "endColumn": 16,
                                  "children": [
                                    {
                                      "type": "SimpleName",
                                      "name": "",
                                      "line": 40,
                                      "column": 9,
                                      "endLine": 40,
                                      "endColumn": 16
                                    }
                                  ]
                                },
                                {
                                  "type": "ArrayAccessExpr",
                                  "name": "",
                                  "line": 40,
                                  "column": 20,
                                  "endLine": 40,
                                  "endColumn": 33,
                                  "children": [
                                    {
                                      "type": "NameExpr",
                                      "name": "audioSignal",
                                      "line": 40,
                                      "column": 20,
                                      "endLine": 40,
                                      "endColumn": 30,
                                      "children": [
                                        {
                                          "type": "SimpleName",
                                          "name": "",
                                          "line": 40,
                                          "column": 20,
                                          "endLine": 40,
                                          "endColumn": 30
                                        }
                                      ]
                                    },
                                    {
                                      "type": "IntegerLiteralExpr",
                                      "name": "",
                                      "line": 40,
                                      "column": 32,
                                      "endLine": 40,
                                      "endColumn": 32
                                    }
                                  ]
                                }
                              ]
                            }
                          ]
                        },
                        {
                          "type": "ExpressionStmt",
                          "name": "",
                          "line": 41,
                          "column": 9,
                          "endLine": 41,
                          "endColumn": 32,
                          "attrs": {
                            "code": "emaSignal[0] = emaValue"
                          },
                          "children": [
                            {
                              "type": "AssignExpr",
                              "name": "",
                              "line": 41,
                              "column": 9,
                              "endLine": 41,
                              "endColumn": 31,
                              "attrs": {
                                "code": "emaSignal[0] = emaValue"
                              },
                              "children": [
                                {
                                  "type": "ArrayAccessExpr",
                                  "name": "",
                                  "line": 41,
                                  "column": 9,
                                  "endLine": 41,
                                  "endColumn": 20,
                                  "children": [
                                    {
                                      "type": "NameExpr",
                                      "name": "emaSignal",
                                      "line": 41,
                                      "column": 9,
                                      "endLine": 41,
                                      "endColumn": 17,
                                      "children": [
                                        {
                                          "type": "SimpleName",
                                          "name": "",
                                          "line": 41,
                                          "column": 9,
                                          "endLine": 41,
                                          "endColumn": 17
                                        }
                                      ]
                                    },
                                    {
                                      "type": "IntegerLiteralExpr",
                                      "name": "",
                                      "line": 41,
                                      "column": 19,
                                      "endLine": 41,
                                      "endColumn": 19
                                    }
                                  ]
                                },
                                {
                                  "type": "NameExpr",
                                  "name": "emaValue",
                                  "line": 41,
                                  "column": 24,
                                  "endLine": 41,
                                  "endColumn": 31,
                                  "children": [
                                    {
                                      "type": "SimpleName",
                                      "name": "",
                                      "line": 41,
                                      "column": 24,
                                      "endLine": 41,
                                      "endColumn": 31
                                    }
                                  ]
                                }
                              ]
                            }
                          ]
                        },
                        {
                          "type": "ForStmt",
                          "name": "for(…)",
                          "line": 42,
                          "column": 9,
                          "endLine": 45,
                          "endColumn": 9,
                          "attrs": {
                            "init": "[int i = 1]",
                            "compare": "i < audioSignal.length",
                            "update": "[i++]"
                          },
                          "children": [
                            {
                              "type": "VariableDeclarationExpr",
                              "name": "",
                              "line": 42,
                              "column": 14,
                              "endLine": 42,
                              "endColumn": 22,
                              "attrs": {
                                "modifiers": "[]",
                                "code": "int i = 1"
                              },
                              "children": [
                                {
                                  "type": "VariableDeclarator",
                                  "name": "i",
                                  "line": 42,
                                  "column": 18,
                                  "endLine": 42,
                                  "endColumn": 22,
                                  "value": "int",
                                  "attrs": {
                                    "initializer": "1",
                                    "type": "int"
                                  },
                                  "children": [
                                    {
                                      "type": "PrimitiveType",
                                      "name": "",
                                      "line": 42,
                                      "column": 14,
                                      "endLine": 42,
                                      "endColumn": 16
                                    },
                                    {
                                      "type": "SimpleName",
                                      "name": "",
                                      "line": 42,
                                      "column": 18,
                                      "endLine": 42,
                                      "endColumn": 18
                                    },
                                    {
                                      "type": "IntegerLiteralExpr",
                                      "name": "",
                                      "line": 42,
                                      "column": 22,
                                      "endLine": 42,
                                      "endColumn": 22
                                    }
                                  ]
                                }
                              ]
                            },
                            {
                              "type": "BinaryExpr",
                              "name": "",
                              "line": 42,
                              "column": 25,
                              "endLine": 42,
                              "endColumn": 46,
                              "children": [
                                {
                                  "type": "NameExpr",
                                  "name": "i",
                                  "line": 42,
                                  "column": 25,
                                  "endLine": 42,
                                  "endColumn": 25,
                                  "children": [
                                    {
                                      "type": "SimpleName",
                                      "name": "",
                                      "line": 42,
                                      "column": 25,
                                      "endLine": 42,
                                      "endColumn": 25
                                    }
                                  ]
                                },
                                {
                                  "type": "FieldAccessExpr",
                                  "name": "length",
                                  "line": 42,
                                  "column": 29,
                                  "endLine": 42,
                                  "endColumn": 46,
                                  "children": [
                                    {
                                      "type": "NameExpr",
                                      "name": "audioSignal",
                                      "line": 42,
                                      "column": 29,
                                      "endLine": 42,
                                      "endColumn": 39,
                                      "children": [
                                        {
                                          "type": "SimpleName",
                                          "name": "",
                                          "line": 42,
                                          "column": 29,
                                          "endLine": 42,
                                          "endColumn": 39
                                        }
                                      ]
                                    },
                                    {
                                      "type": "SimpleName",
                                      "name": "",
                                      "line": 42,
                                      "column": 41,
                                      "endLine": 42,
                                      "endColumn": 46
                                    }
                                  ]
                                }
                              ]
                            },
                            {
                              "type": "UnaryExpr",
                              "name": "",
                              "line": 42,
                              "column": 49,
                              "endLine": 42,
                              "endColumn": 51,
                              "children": [
                                {
                                  "type": "NameExpr",
                                  "name": "i",
                                  "line": 42,
                                  "column": 49,
                                  "endLine": 42,
                                  "endColumn": 49,
                                  "children": [
                                    {
                                      "type": "SimpleName",
                                      "name": "",
                                      "line": 42,
                                      "column": 49,
                                      "endLine": 42,
                                      "endColumn": 49
                                    }
                                  ]
                                }
                              ]
                            },
                            {
                              "type": "BlockStmt",
                              "name": "",
                              "line": 42,
                              "column": 54,
                              "endLine": 45,
                              "endColumn": 9,
                              "children": [
                                {
                                  "type": "ExpressionStmt",
                                  "name": "",
                                  "line": 43,
                                  "column": 13,
                                  "endLine": 43,
                                  "endColumn": 71,
                                  "attrs": {
                                    "code": "emaValue = alpha * audioSignal[i] + (1 - alpha) * emaValue"
                                  },
                                  "children": [
                                    {
                                      "type": "AssignExpr",
                                      "name": "",
                                      "line": 43,
                                      "column": 13,
                                      "endLine": 43,
                                      "endColumn": 70,
                                      "attrs": {
                                        "code": "emaValue = alpha * audioSignal[i] + (1 - alpha) * emaValue"
                                      },
                                      "children": [
                                        {
                                          "type": "NameExpr",
                                          "name": "emaValue",
                                          "line": 43,
                                          "column": 13,
                                          "endLine": 43,
                                          "endColumn": 20,
                                          "children": [
                                            {
                                              "type": "SimpleName",
                                              "name": "",
                                              "line": 43,
                                              "column": 13,
                                              "endLine": 43,
                                              "endColumn": 20
                                            }
                                          ]
                                        },
                                        {
                                          "type": "BinaryExpr",
                                          "name": "",
                                          "line": 43,
                                          "column": 24,
                                          "endLine": 43,
                                          "endColumn": 70,
                                          "children": [
                                            {
                                              "type": "BinaryExpr",
                                              "name": "",
                                              "line": 43,
                                              "column": 24,
                                              "endLine": 43,
                                              "endColumn": 45,
                                              "children": [
                                                {
                                                  "type": "NameExpr",
                                                  "name": "alpha",
                                                  "line": 43,
                                                  "column": 24,
                                                  "endLine": 43,
                                                  "endColumn": 28,
                                                  "children": [
                                                    {
                                                      "type": "SimpleName",
                                                      "name": "",
                                                      "line": 43,
                                                      "column": 24,
                                                      "endLine": 43,
                                                      "endColumn": 28
                                                    }
                                                  ]
                                                },
                                                {
                                                  "type": "ArrayAccessExpr",
                                                  "name": "",
                                                  "line": 43,
                                                  "column": 32,
                                                  "endLine": 43,
                                                  "endColumn": 45,
                                                  "children": [
                                                    {
                                                      "type": "NameExpr",
                                                      "name": "audioSignal",
                                                      "line": 43,
                                                      "column": 32,
                                                      "endLine": 43,
                                                      "endColumn": 42,
                                                      "children": [
                                                        {
                                                          "type": "SimpleName",
                                                          "name": "",
                                                          "line": 43,
                                                          "column": 32,
                                                          "endLine": 43,
                                                          "endColumn": 42
                                                        }
                                                      ]
                                                    },
                                                    {
                                                      "type": "NameExpr",
                                                      "name": "i",
                                                      "line": 43,
                                                      "column": 44,
                                                      "endLine": 43,
                                                      "endColumn": 44,
                                                      "children": [
                                                        {
                                                          "type": "SimpleName",
                                                          "name": "",
                                                          "line": 43,
                                                          "column": 44,
                                                          "endLine": 43,
                                                          "endColumn": 44
                                                        }
                                                      ]
                                                    }
                                                  ]
                                                }
                                              ]
                                            },
                                            {
                                              "type": "BinaryExpr",
                                              "name": "",
                                              "line": 43,
                                              "column": 49,
                                              "endLine": 43,
                                              "endColumn": 70,
                                              "children": [
                                                {
                                                  "type": "EnclosedExpr",
                                                  "name": "",
                                                  "line": 43,
                                                  "column": 49,
                                                  "endLine": 43,
                                                  "endColumn": 59,
                                                  "children": [
                                                    {
                                                      "type": "BinaryExpr",
                                                      "name": "",
                                                      "line": 43,
                                                      "column": 50,
                                                      "endLine": 43,
                                                      "endColumn": 58,
                                                      "children": [
                                                        {
                                                          "type": "IntegerLiteralExpr",
                                                          "name": "",
                                                          "line": 43,
                                                          "column": 50,
                                                          "endLine": 43,
                                                          "endColumn": 50
                                                        },
                                                        {
                                                          "type": "NameExpr",
                                                          "name": "alpha",
                                                          "line": 43,
                                                          "column": 54,
                                                          "endLine": 43,
                                                          "endColumn": 58,
                                                          "children": [
                                                            {
                                                              "type": "SimpleName",
                                                              "name": "",
                                                              "line": 43,
                                                              "column": 54,
                                                              "endLine": 43,
                                                              "endColumn": 58
                                                            }
                                                          ]
                                                        }
                                                      ]
                                                    }
                                                  ]
                                                },
                                                {
                                                  "type": "NameExpr",
                                                  "name": "emaValue",
                                                  "line": 43,
                                                  "column": 63,
                                                  "endLine": 43,
                                                  "endColumn": 70,
                                                  "children": [
                                                    {
                                                      "type": "SimpleName",
                                                      "name": "",
                                                      "line": 43,
                                                      "column": 63,
                                                      "endLine": 43,
                                                      "endColumn": 70
                                                    }
                                                  ]
                                                }
                                              ]
                                            }
                                          ]
                                        }
                                      ]
                                    }
                                  ]
                                },
                                {
                                  "type": "ExpressionStmt",
                                  "name": "",
                                  "line": 44,
                                  "column": 13,
                                  "endLine": 44,
                                  "endColumn": 36,
                                  "attrs": {
                                    "code": "emaSignal[i] = emaValue"
                                  },
                                  "children": [
                                    {
                                      "type": "AssignExpr",
                                      "name": "",
                                      "line": 44,
                                      "column": 13,
                                      "endLine": 44,
                                      "endColumn": 35,
                                      "attrs": {
                                        "code": "emaSignal[i] = emaValue"
                                      },
                                      "children": [
                                        {
                                          "type": "ArrayAccessExpr",
                                          "name": "",
                                          "line": 44,
                                          "column": 13,
                                          "endLine": 44,
                                          "endColumn": 24,
                                          "children": [
                                            {
                                              "type": "NameExpr",
                                              "name": "emaSignal",
                                              "line": 44,
                                              "column": 13,
                                              "endLine": 44,
                                              "endColumn": 21,
                                              "children": [
                                                {
                                                  "type": "SimpleName",
                                                  "name": "",
                                                  "line": 44,
                                                  "column": 13,
                                                  "endLine": 44,
                                                  "endColumn": 21
                                                }
                                              ]
                                            },
                                            {
                                              "type": "NameExpr",
                                              "name": "i",
                                              "line": 44,
                                              "column": 23,
                                              "endLine": 44,
                                              "endColumn": 23,
                                              "children": [
                                                {
                                                  "type": "SimpleName",
                                                  "name": "",
                                                  "line": 44,
                                                  "column": 23,
                                                  "endLine": 44,
                                                  "endColumn": 23
                                                }
                                              ]
                                            }
                                          ]
                                        },
                                        {
                                          "type": "NameExpr",
                                          "name": "emaValue",
                                          "line": 44,
                                          "column": 28,
                                          "endLine": 44,
                                          "endColumn": 35,
                                          "children": [
                                            {
                                              "type": "SimpleName",
                                              "name": "",
                                              "line": 44,
                                              "column": 28,
                                              "endLine": 44,
                                              "endColumn": 35
                                            }
                                          ]
                                        }
                                      ]
                                    }
                                  ]
                                }
                              ]
                            }
                          ]
                        },
                        {
                          "type": "ReturnStmt",
                          "name": "return",
                          "line": 46,
                          "column": 9,
                          "endLine": 46,
                          "endColumn": 25,
                          "attrs": {
                            "expr": "emaSignal"
                          },
                          "children": [
                            {
                              "type": "NameExpr",
                              "name": "emaSignal",
                              "line": 46,
                              "column": 16,
                              "endLine": 46,
                              "endColumn": 24,
                              "children": [
                                {
                                  "type": "SimpleName",
                                  "name": "",
                                  "line": 46,
                                  "column": 16,
                                  "endLine": 46,
                                  "endColumn": 24
                                }
                              ]
                            }
                          ]
                        }
                      ]
                    }
                  ]
                }
              ]
            }
          ]
        }
      ]
    }
  ]
}