{
  "type": "Project",
  "name": "Project",
  "children": [
    {
      "type": "File",
      "name": "CountBitsFlip.java",
      "value": "D:\\py-java-transform\\java to py\\java-to-python_user\\java-to-python-main\\java to python-result\\165\\CountBitsFlip.java",
      "children": [
        {
          "type": "CompilationUnit",
          "name": "",
          "line": 1,
          "column": 1,
          "endLine": 63,
          "endColumn": 2,
          "children": [
            {
              "type": "PackageDeclaration",
              "name": "com.thealgorithms.bitmanipulation",
              "line": 1,
              "column": 1,
              "endLine": 1,
              "endColumn": 42,
              "attrs": {
                "name": "com.thealgorithms.bitmanipulation"
              },
              "children": [
                {
                  "type": "Name",
                  "name": "",
                  "line": 1,
                  "column": 9,
                  "endLine": 1,
                  "endColumn": 41,
                  "children": [
                    {
                      "type": "Name",
                      "name": "",
                      "line": 1,
                      "column": 9,
                      "endLine": 1,
                      "endColumn": 25,
                      "children": [
                        {
                          "type": "Name",
                          "name": "",
                          "line": 1,
                          "column": 9,
                          "endLine": 1,
                          "endColumn": 11
                        }
                      ]
                    }
                  ]
                }
              ]
            },
            {
              "type": "ClassOrInterfaceDeclaration",
              "name": "CountBitsFlip",
              "line": 20,
              "column": 1,
              "endLine": 63,
              "endColumn": 1,
              "value": "class",
              "attrs": {
                "modifiers": "[public , final ]",
                "typeParams": "[]",
                "extends": "[]",
                "implements": "[]",
                "annotations": "[]"
              },
              "children": [
                {
                  "type": "Javadoc",
                  "name": "",
                  "line": 3,
                  "column": 1,
                  "endLine": 19,
                  "endColumn": 3,
                  "value": "\n * Implementation to count number of bits to be flipped to convert A to B\n *\n * Problem: Given two numbers A and B, count the number of bits needed to be\n * flipped to convert A to B.\n *\n * Example:\n * A = 10 (01010 in binary)\n * B = 20 (10100 in binary)\n * XOR = 30 (11110 in binary) - positions where bits differ\n * Answer: 4 bits need to be flipped\n *\n * Time Complexity: O(log n) - where n is the number of set bits\n * Space Complexity: O(1)\n *\n *@author [Yash Rajput](https://github.com/the-yash-rajput)\n "
                },
                {
                  "type": "Modifier",
                  "name": "",
                  "line": 20,
                  "column": 1,
                  "endLine": 20,
                  "endColumn": 6
                },
                {
                  "type": "Modifier",
                  "name": "",
                  "line": 20,
                  "column": 8,
                  "endLine": 20,
                  "endColumn": 12
                },
                {
                  "type": "SimpleName",
                  "name": "",
                  "line": 20,
                  "column": 20,
                  "endLine": 20,
                  "endColumn": 32
                },
                {
                  "type": "ConstructorDeclaration",
                  "name": "CountBitsFlip",
                  "line": 22,
                  "column": 5,
                  "endLine": 24,
                  "endColumn": 5,
                  "attrs": {
                    "modifiers": "[private ]",
                    "throws": "[]",
                    "annotations": "[]",
                    "params": "[]"
                  },
                  "children": [
                    {
                      "type": "Modifier",
                      "name": "",
                      "line": 22,
                      "column": 5,
                      "endLine": 22,
                      "endColumn": 11
                    },
                    {
                      "type": "SimpleName",
                      "name": "",
                      "line": 22,
                      "column": 13,
                      "endLine": 22,
                      "endColumn": 25
                    },
                    {
                      "type": "BlockStmt",
                      "name": "",
                      "line": 22,
                      "column": 29,
                      "endLine": 24,
                      "endColumn": 5,
                      "children": [
                        {
                          "type": "ThrowStmt",
                          "name": "throw",
                          "line": 23,
                          "column": 9,
                          "endLine": 23,
                          "endColumn": 50,
                          "attrs": {
                            "expr": "new AssertionError(\"No instances.\")"
                          },
                          "children": [
                            {
                              "type": "ObjectCreationExpr",
                              "name": "new AssertionError",
                              "line": 23,
                              "column": 15,
                              "endLine": 23,
                              "endColumn": 49,
                              "attrs": {
                                "type": "AssertionError",
                                "hasAnonymousClassBody": "false",
                                "args": "[\"No instances.\"]"
                              },
                              "children": [
                                {
                                  "type": "ClassOrInterfaceType",
                                  "name": "AssertionError",
                                  "line": 23,
                                  "column": 19,
                                  "endLine": 23,
                                  "endColumn": 32,
                                  "children": [
                                    {
                                      "type": "SimpleName",
                                      "name": "",
                                      "line": 23,
                                      "column": 19,
                                      "endLine": 23,
                                      "endColumn": 32
                                    }
                                  ]
                                },
                                {
                                  "type": "StringLiteralExpr",
                                  "name": "",
                                  "line": 23,
                                  "column": 34,
                                  "endLine": 23,
                                  "endColumn": 48
                                }
                              ]
                            }
                          ]
                        }
                      ]
                    }
                  ]
                },
                {
                  "type": "MethodDeclaration",
                  "name": "countBitsFlip",
                  "line": 38,
                  "column": 5,
                  "endLine": 51,
                  "endColumn": 5,
                  "value": "long",
                  "attrs": {
                    "modifiers": "[public , static ]",
                    "typeParams": "[]",
                    "throws": "[]",
                    "annotations": "[]",
                    "type": "long",
                    "params": "[long a, long b]"
                  },
                  "children": [
                    {
                      "type": "Javadoc",
                      "name": "",
                      "line": 26,
                      "column": 5,
                      "endLine": 37,
                      "endColumn": 7,
                      "value": "\n     * Counts the number of bits that need to be flipped to convert a to b\n     *\n     * Algorithm:\n     * 1. XOR a and b to get positions where bits differ\n     * 2. Count the number of set bits in the XOR result\n     * 3. Use Brian Kernighan's algorithm: n & (n-1) removes rightmost set bit\n     *\n     * @param a the source number\n     * @param b the target number\n     * @return the number of bits to flip to convert A to B\n     "
                    },
                    {
                      "type": "Modifier",
                      "name": "",
                      "line": 38,
                      "column": 5,
                      "endLine": 38,
                      "endColumn": 10
                    },
                    {
                      "type": "Modifier",
                      "name": "",
                      "line": 38,
                      "column": 12,
                      "endLine": 38,
                      "endColumn": 17
                    },
                    {
                      "type": "SimpleName",
                      "name": "",
                      "line": 38,
                      "column": 24,
                      "endLine": 38,
                      "endColumn": 36
                    },
                    {
                      "type": "Parameter",
                      "name": "a",
                      "line": 38,
                      "column": 38,
                      "endLine": 38,
                      "endColumn": 43,
                      "attrs": {
                        "modifiers": "[]",
                        "type": "long",
                        "isVarArgs": "false",
                        "annotations": "[]"
                      },
                      "children": [
                        {
                          "type": "PrimitiveType",
                          "name": "",
                          "line": 38,
                          "column": 38,
                          "endLine": 38,
                          "endColumn": 41
                        },
                        {
                          "type": "SimpleName",
                          "name": "",
                          "line": 38,
                          "column": 43,
                          "endLine": 38,
                          "endColumn": 43
                        }
                      ]
                    },
                    {
                      "type": "Parameter",
                      "name": "b",
                      "line": 38,
                      "column": 46,
                      "endLine": 38,
                      "endColumn": 51,
                      "attrs": {
                        "modifiers": "[]",
                        "type": "long",
                        "isVarArgs": "false",
                        "annotations": "[]"
                      },
                      "children": [
                        {
                          "type": "PrimitiveType",
                          "name": "",
                          "line": 38,
                          "column": 46,
                          "endLine": 38,
                          "endColumn": 49
                        },
                        {
                          "type": "SimpleName",
                          "name": "",
                          "line": 38,
                          "column": 51,
                          "endLine": 38,
                          "endColumn": 51
                        }
                      ]
                    },
                    {
                      "type": "PrimitiveType",
                      "name": "",
                      "line": 38,
                      "column": 19,
                      "endLine": 38,
                      "endColumn": 22
                    },
                    {
                      "type": "BlockStmt",
                      "name": "",
                      "line": 38,
                      "column": 54,
                      "endLine": 51,
                      "endColumn": 5,
                      "children": [
                        {
                          "type": "ExpressionStmt",
                          "name": "",
                          "line": 39,
                          "column": 9,
                          "endLine": 39,
                          "endColumn": 22,
                          "attrs": {
                            "code": "int count = 0"
                          },
                          "children": [
                            {
                              "type": "VariableDeclarationExpr",
                              "name": "",
                              "line": 39,
                              "column": 9,
                              "endLine": 39,
                              "endColumn": 21,
                              "attrs": {
                                "modifiers": "[]",
                                "code": "int count = 0"
                              },
                              "children": [
                                {
                                  "type": "VariableDeclarator",
                                  "name": "count",
                                  "line": 39,
                                  "column": 13,
                                  "endLine": 39,
                                  "endColumn": 21,
                                  "value": "int",
                                  "attrs": {
                                    "initializer": "0",
                                    "type": "int"
                                  },
                                  "children": [
                                    {
                                      "type": "PrimitiveType",
                                      "name": "",
                                      "line": 39,
                                      "column": 9,
                                      "endLine": 39,
                                      "endColumn": 11
                                    },
                                    {
                                      "type": "SimpleName",
                                      "name": "",
                                      "line": 39,
                                      "column": 13,
                                      "endLine": 39,
                                      "endColumn": 17
                                    },
                                    {
                                      "type": "IntegerLiteralExpr",
                                      "name": "",
                                      "line": 39,
                                      "column": 21,
                                      "endLine": 39,
                                      "endColumn": 21
                                    }
                                  ]
                                }
                              ]
                            }
                          ]
                        },
                        {
                          "type": "ExpressionStmt",
                          "name": "",
                          "line": 42,
                          "column": 9,
                          "endLine": 42,
                          "endColumn": 31,
                          "attrs": {
                            "code": "long xorResult = a ^ b"
                          },
                          "children": [
                            {
                              "type": "LineComment",
                              "name": "",
                              "line": 41,
                              "column": 9,
                              "endLine": 41,
                              "endColumn": 51,
                              "value": " XOR gives us positions where bits differ"
                            },
                            {
                              "type": "VariableDeclarationExpr",
                              "name": "",
                              "line": 42,
                              "column": 9,
                              "endLine": 42,
                              "endColumn": 30,
                              "attrs": {
                                "modifiers": "[]",
                                "code": "long xorResult = a ^ b"
                              },
                              "children": [
                                {
                                  "type": "VariableDeclarator",
                                  "name": "xorResult",
                                  "line": 42,
                                  "column": 14,
                                  "endLine": 42,
                                  "endColumn": 30,
                                  "value": "long",
                                  "attrs": {
                                    "initializer": "a ^ b",
                                    "type": "long"
                                  },
                                  "children": [
                                    {
                                      "type": "PrimitiveType",
                                      "name": "",
                                      "line": 42,
                                      "column": 9,
                                      "endLine": 42,
                                      "endColumn": 12
                                    },
                                    {
                                      "type": "SimpleName",
                                      "name": "",
                                      "line": 42,
                                      "column": 14,
                                      "endLine": 42,
                                      "endColumn": 22
                                    },
                                    {
                                      "type": "BinaryExpr",
                                      "name": "",
                                      "line": 42,
                                      "column": 26,
                                      "endLine": 42,
                                      "endColumn": 30,
                                      "children": [
                                        {
                                          "type": "NameExpr",
                                          "name": "a",
                                          "line": 42,
                                          "column": 26,
                                          "endLine": 42,
                                          "endColumn": 26,
                                          "children": [
                                            {
                                              "type": "SimpleName",
                                              "name": "",
                                              "line": 42,
                                              "column": 26,
                                              "endLine": 42,
                                              "endColumn": 26
                                            }
                                          ]
                                        },
                                        {
                                          "type": "NameExpr",
                                          "name": "b",
                                          "line": 42,
                                          "column": 30,
                                          "endLine": 42,
                                          "endColumn": 30,
                                          "children": [
                                            {
                                              "type": "SimpleName",
                                              "name": "",
                                              "line": 42,
                                              "column": 30,
                                              "endLine": 42,
                                              "endColumn": 30
                                            }
                                          ]
                                        }
                                      ]
                                    }
                                  ]
                                }
                              ]
                            }
                          ]
                        },
                        {
                          "type": "WhileStmt",
                          "name": "while(xorResult != 0)",
                          "line": 45,
                          "column": 9,
                          "endLine": 48,
                          "endColumn": 9,
                          "attrs": {
                            "condition": "xorResult != 0"
                          },
                          "children": [
                            {
                              "type": "LineComment",
                              "name": "",
                              "line": 44,
                              "column": 9,
                              "endLine": 44,
                              "endColumn": 59,
                              "value": " Count set bits using Brian Kernighan's algorithm"
                            },
                            {
                              "type": "BinaryExpr",
                              "name": "",
                              "line": 45,
                              "column": 16,
                              "endLine": 45,
                              "endColumn": 29,
                              "children": [
                                {
                                  "type": "NameExpr",
                                  "name": "xorResult",
                                  "line": 45,
                                  "column": 16,
                                  "endLine": 45,
                                  "endColumn": 24,
                                  "children": [
                                    {
                                      "type": "SimpleName",
                                      "name": "",
                                      "line": 45,
                                      "column": 16,
                                      "endLine": 45,
                                      "endColumn": 24
                                    }
                                  ]
                                },
                                {
                                  "type": "IntegerLiteralExpr",
                                  "name": "",
                                  "line": 45,
                                  "column": 29,
                                  "endLine": 45,
                                  "endColumn": 29
                                }
                              ]
                            },
                            {
                              "type": "BlockStmt",
                              "name": "",
                              "line": 45,
                              "column": 32,
                              "endLine": 48,
                              "endColumn": 9,
                              "children": [
                                {
                                  "type": "ExpressionStmt",
                                  "name": "",
                                  "line": 46,
                                  "column": 13,
                                  "endLine": 46,
                                  "endColumn": 52,
                                  "attrs": {
                                    "code": "xorResult = xorResult & (xorResult - 1)"
                                  },
                                  "children": [
                                    {
                                      "type": "LineComment",
                                      "name": "",
                                      "line": 46,
                                      "column": 54,
                                      "endLine": 46,
                                      "endColumn": 80,
                                      "value": " Remove rightmost set bit"
                                    },
                                    {
                                      "type": "AssignExpr",
                                      "name": "",
                                      "line": 46,
                                      "column": 13,
                                      "endLine": 46,
                                      "endColumn": 51,
                                      "attrs": {
                                        "code": "xorResult = xorResult & (xorResult - 1)"
                                      },
                                      "children": [
                                        {
                                          "type": "NameExpr",
                                          "name": "xorResult",
                                          "line": 46,
                                          "column": 13,
                                          "endLine": 46,
                                          "endColumn": 21,
                                          "children": [
                                            {
                                              "type": "SimpleName",
                                              "name": "",
                                              "line": 46,
                                              "column": 13,
                                              "endLine": 46,
                                              "endColumn": 21
                                            }
                                          ]
                                        },
                                        {
                                          "type": "BinaryExpr",
                                          "name": "",
                                          "line": 46,
                                          "column": 25,
                                          "endLine": 46,
                                          "endColumn": 51,
                                          "children": [
                                            {
                                              "type": "NameExpr",
                                              "name": "xorResult",
                                              "line": 46,
                                              "column": 25,
                                              "endLine": 46,
                                              "endColumn": 33,
                                              "children": [
                                                {
                                                  "type": "SimpleName",
                                                  "name": "",
                                                  "line": 46,
                                                  "column": 25,
                                                  "endLine": 46,
                                                  "endColumn": 33
                                                }
                                              ]
                                            },
                                            {
                                              "type": "EnclosedExpr",
                                              "name": "",
                                              "line": 46,
                                              "column": 37,
                                              "endLine": 46,
                                              "endColumn": 51,
                                              "children": [
                                                {
                                                  "type": "BinaryExpr",
                                                  "name": "",
                                                  "line": 46,
                                                  "column": 38,
                                                  "endLine": 46,
                                                  "endColumn": 50,
                                                  "children": [
                                                    {
                                                      "type": "NameExpr",
                                                      "name": "xorResult",
                                                      "line": 46,
                                                      "column": 38,
                                                      "endLine": 46,
                                                      "endColumn": 46,
                                                      "children": [
                                                        {
                                                          "type": "SimpleName",
                                                          "name": "",
                                                          "line": 46,
                                                          "column": 38,
                                                          "endLine": 46,
                                                          "endColumn": 46
                                                        }
                                                      ]
                                                    },
                                                    {
                                                      "type": "IntegerLiteralExpr",
                                                      "name": "",
                                                      "line": 46,
                                                      "column": 50,
                                                      "endLine": 46,
                                                      "endColumn": 50
                                                    }
                                                  ]
                                                }
                                              ]
                                            }
                                          ]
                                        }
                                      ]
                                    }
                                  ]
                                },
                                {
                                  "type": "ExpressionStmt",
                                  "name": "",
                                  "line": 47,
                                  "column": 13,
                                  "endLine": 47,
                                  "endColumn": 20,
                                  "attrs": {
                                    "code": "count++"
                                  },
                                  "children": [
                                    {
                                      "type": "UnaryExpr",
                                      "name": "",
                                      "line": 47,
                                      "column": 13,
                                      "endLine": 47,
                                      "endColumn": 19,
                                      "children": [
                                        {
                                          "type": "NameExpr",
                                          "name": "count",
                                          "line": 47,
                                          "column": 13,
                                          "endLine": 47,
                                          "endColumn": 17,
                                          "children": [
                                            {
                                              "type": "SimpleName",
                                              "name": "",
                                              "line": 47,
                                              "column": 13,
                                              "endLine": 47,
                                              "endColumn": 17
                                            }
                                          ]
                                        }
                                      ]
                                    }
                                  ]
                                }
                              ]
                            }
                          ]
                        },
                        {
                          "type": "ReturnStmt",
                          "name": "return",
                          "line": 50,
                          "column": 9,
                          "endLine": 50,
                          "endColumn": 21,
                          "attrs": {
                            "expr": "count"
                          },
                          "children": [
                            {
                              "type": "NameExpr",
                              "name": "count",
                              "line": 50,
                              "column": 16,
                              "endLine": 50,
                              "endColumn": 20,
                              "children": [
                                {
                                  "type": "SimpleName",
                                  "name": "",
                                  "line": 50,
                                  "column": 16,
                                  "endLine": 50,
                                  "endColumn": 20
                                }
                              ]
                            }
                          ]
                        }
                      ]
                    }
                  ]
                },
                {
                  "type": "MethodDeclaration",
                  "name": "countBitsFlipAlternative",
                  "line": 60,
                  "column": 5,
                  "endLine": 62,
                  "endColumn": 5,
                  "value": "long",
                  "attrs": {
                    "modifiers": "[public , static ]",
                    "typeParams": "[]",
                    "throws": "[]",
                    "annotations": "[]",
                    "type": "long",
                    "params": "[long a, long b]"
                  },
                  "children": [
                    {
                      "type": "Javadoc",
                      "name": "",
                      "line": 53,
                      "column": 5,
                      "endLine": 59,
                      "endColumn": 7,
                      "value": "\n     * Alternative implementation using Long.bitCount().\n     *\n     * @param a the source number\n     * @param b the target number\n     * @return the number of bits to flip to convert a to b\n     "
                    },
                    {
                      "type": "Modifier",
                      "name": "",
                      "line": 60,
                      "column": 5,
                      "endLine": 60,
                      "endColumn": 10
                    },
                    {
                      "type": "Modifier",
                      "name": "",
                      "line": 60,
                      "column": 12,
                      "endLine": 60,
                      "endColumn": 17
                    },
                    {
                      "type": "SimpleName",
                      "name": "",
                      "line": 60,
                      "column": 24,
                      "endLine": 60,
                      "endColumn": 47
                    },
                    {
                      "type": "Parameter",
                      "name": "a",
                      "line": 60,
                      "column": 49,
                      "endLine": 60,
                      "endColumn": 54,
                      "attrs": {
                        "modifiers": "[]",
                        "type": "long",
                        "isVarArgs": "false",
                        "annotations": "[]"
                      },
                      "children": [
                        {
                          "type": "PrimitiveType",
                          "name": "",
                          "line": 60,
                          "column": 49,
                          "endLine": 60,
                          "endColumn": 52
                        },
                        {
                          "type": "SimpleName",
                          "name": "",
                          "line": 60,
                          "column": 54,
                          "endLine": 60,
                          "endColumn": 54
                        }
                      ]
                    },
                    {
                      "type": "Parameter",
                      "name": "b",
                      "line": 60,
                      "column": 57,
                      "endLine": 60,
                      "endColumn": 62,
                      "attrs": {
                        "modifiers": "[]",
                        "type": "long",
                        "isVarArgs": "false",
                        "annotations": "[]"
                      },
                      "children": [
                        {
                          "type": "PrimitiveType",
                          "name": "",
                          "line": 60,
                          "column": 57,
                          "endLine": 60,
                          "endColumn": 60
                        },
                        {
                          "type": "SimpleName",
                          "name": "",
                          "line": 60,
                          "column": 62,
                          "endLine": 60,
                          "endColumn": 62
                        }
                      ]
                    },
                    {
                      "type": "PrimitiveType",
                      "name": "",
                      "line": 60,
                      "column": 19,
                      "endLine": 60,
                      "endColumn": 22
                    },
                    {
                      "type": "BlockStmt",
                      "name": "",
                      "line": 60,
                      "column": 65,
                      "endLine": 62,
                      "endColumn": 5,
                      "children": [
                        {
                          "type": "ReturnStmt",
                          "name": "return",
                          "line": 61,
                          "column": 9,
                          "endLine": 61,
                          "endColumn": 36,
                          "attrs": {
                            "expr": "Long.bitCount(a ^ b)"
                          },
                          "children": [
                            {
                              "type": "MethodCallExpr",
                              "name": "bitCount",
                              "line": 61,
                              "column": 16,
                              "endLine": 61,
                              "endColumn": 35,
                              "attrs": {
                                "args": "[a ^ b]",
                                "code": "Long.bitCount(a ^ b)"
                              },
                              "children": [
                                {
                                  "type": "NameExpr",
                                  "name": "Long",
                                  "line": 61,
                                  "column": 16,
                                  "endLine": 61,
                                  "endColumn": 19,
                                  "children": [
                                    {
                                      "type": "SimpleName",
                                      "name": "",
                                      "line": 61,
                                      "column": 16,
                                      "endLine": 61,
                                      "endColumn": 19
                                    }
                                  ]
                                },
                                {
                                  "type": "SimpleName",
                                  "name": "",
                                  "line": 61,
                                  "column": 21,
                                  "endLine": 61,
                                  "endColumn": 28
                                },
                                {
                                  "type": "BinaryExpr",
                                  "name": "",
                                  "line": 61,
                                  "column": 30,
                                  "endLine": 61,
                                  "endColumn": 34,
                                  "children": [
                                    {
                                      "type": "NameExpr",
                                      "name": "a",
                                      "line": 61,
                                      "column": 30,
                                      "endLine": 61,
                                      "endColumn": 30,
                                      "children": [
                                        {
                                          "type": "SimpleName",
                                          "name": "",
                                          "line": 61,
                                          "column": 30,
                                          "endLine": 61,
                                          "endColumn": 30
                                        }
                                      ]
                                    },
                                    {
                                      "type": "NameExpr",
                                      "name": "b",
                                      "line": 61,
                                      "column": 34,
                                      "endLine": 61,
                                      "endColumn": 34,
                                      "children": [
                                        {
                                          "type": "SimpleName",
                                          "name": "",
                                          "line": 61,
                                          "column": 34,
                                          "endLine": 61,
                                          "endColumn": 34
                                        }
                                      ]
                                    }
                                  ]
                                }
                              ]
                            }
                          ]
                        }
                      ]
                    }
                  ]
                }
              ]
            }
          ]
        }
      ]
    }
  ]
}