{
  "type": "Project",
  "name": "Project",
  "children": [
    {
      "type": "File",
      "name": "BitRotate.java",
      "value": "D:\\py-java-transform\\java to py\\java-to-python_user\\java-to-python-main\\java to python-result\\160\\BitRotate.java",
      "children": [
        {
          "type": "CompilationUnit",
          "name": "",
          "line": 1,
          "column": 1,
          "endLine": 83,
          "endColumn": 2,
          "children": [
            {
              "type": "PackageDeclaration",
              "name": "com.thealgorithms.bitmanipulation",
              "line": 1,
              "column": 1,
              "endLine": 1,
              "endColumn": 42,
              "attrs": {
                "name": "com.thealgorithms.bitmanipulation"
              },
              "children": [
                {
                  "type": "Name",
                  "name": "",
                  "line": 1,
                  "column": 9,
                  "endLine": 1,
                  "endColumn": 41,
                  "children": [
                    {
                      "type": "Name",
                      "name": "",
                      "line": 1,
                      "column": 9,
                      "endLine": 1,
                      "endColumn": 25,
                      "children": [
                        {
                          "type": "Name",
                          "name": "",
                          "line": 1,
                          "column": 9,
                          "endLine": 1,
                          "endColumn": 11
                        }
                      ]
                    }
                  ]
                }
              ]
            },
            {
              "type": "ClassOrInterfaceDeclaration",
              "name": "BitRotate",
              "line": 14,
              "column": 1,
              "endLine": 83,
              "endColumn": 1,
              "value": "class",
              "attrs": {
                "modifiers": "[public , final ]",
                "typeParams": "[]",
                "extends": "[]",
                "implements": "[]",
                "annotations": "[]"
              },
              "children": [
                {
                  "type": "Javadoc",
                  "name": "",
                  "line": 3,
                  "column": 1,
                  "endLine": 13,
                  "endColumn": 3,
                  "value": "\n * Utility class for performing circular bit rotations on 32-bit integers.\n * Bit rotation is a circular shift operation where bits shifted out on one end\n * are reinserted on the opposite end.\n *\n * <p>This class provides methods for both left and right circular rotations,\n * supporting only 32-bit integer operations with proper shift normalization\n * and error handling.</p>\n *\n * @see <a href=\"https://en.wikipedia.org/wiki/Bit_rotation\">Bit Rotation</a>\n "
                },
                {
                  "type": "Modifier",
                  "name": "",
                  "line": 14,
                  "column": 1,
                  "endLine": 14,
                  "endColumn": 6
                },
                {
                  "type": "Modifier",
                  "name": "",
                  "line": 14,
                  "column": 8,
                  "endLine": 14,
                  "endColumn": 12
                },
                {
                  "type": "SimpleName",
                  "name": "",
                  "line": 14,
                  "column": 20,
                  "endLine": 14,
                  "endColumn": 28
                },
                {
                  "type": "ConstructorDeclaration",
                  "name": "BitRotate",
                  "line": 20,
                  "column": 5,
                  "endLine": 22,
                  "endColumn": 5,
                  "attrs": {
                    "modifiers": "[private ]",
                    "throws": "[]",
                    "annotations": "[]",
                    "params": "[]"
                  },
                  "children": [
                    {
                      "type": "Javadoc",
                      "name": "",
                      "line": 16,
                      "column": 5,
                      "endLine": 19,
                      "endColumn": 7,
                      "value": "\n     * Private constructor to prevent instantiation.\n     * This is a utility class with only static methods.\n     "
                    },
                    {
                      "type": "Modifier",
                      "name": "",
                      "line": 20,
                      "column": 5,
                      "endLine": 20,
                      "endColumn": 11
                    },
                    {
                      "type": "SimpleName",
                      "name": "",
                      "line": 20,
                      "column": 13,
                      "endLine": 20,
                      "endColumn": 21
                    },
                    {
                      "type": "BlockStmt",
                      "name": "",
                      "line": 20,
                      "column": 25,
                      "endLine": 22,
                      "endColumn": 5,
                      "children": [
                        {
                          "type": "ThrowStmt",
                          "name": "throw",
                          "line": 21,
                          "column": 9,
                          "endLine": 21,
                          "endColumn": 102,
                          "attrs": {
                            "expr": "new UnsupportedOperationException(\"This is a utility class and cannot be instantiated\")"
                          },
                          "children": [
                            {
                              "type": "ObjectCreationExpr",
                              "name": "new UnsupportedOperationException",
                              "line": 21,
                              "column": 15,
                              "endLine": 21,
                              "endColumn": 101,
                              "attrs": {
                                "type": "UnsupportedOperationException",
                                "hasAnonymousClassBody": "false",
                                "args": "[\"This is a utility class and cannot be instantiated\"]"
                              },
                              "children": [
                                {
                                  "type": "ClassOrInterfaceType",
                                  "name": "UnsupportedOperationException",
                                  "line": 21,
                                  "column": 19,
                                  "endLine": 21,
                                  "endColumn": 47,
                                  "children": [
                                    {
                                      "type": "SimpleName",
                                      "name": "",
                                      "line": 21,
                                      "column": 19,
                                      "endLine": 21,
                                      "endColumn": 47
                                    }
                                  ]
                                },
                                {
                                  "type": "StringLiteralExpr",
                                  "name": "",
                                  "line": 21,
                                  "column": 49,
                                  "endLine": 21,
                                  "endColumn": 100
                                }
                              ]
                            }
                          ]
                        }
                      ]
                    }
                  ]
                },
                {
                  "type": "MethodDeclaration",
                  "name": "rotateLeft",
                  "line": 38,
                  "column": 5,
                  "endLine": 52,
                  "endColumn": 5,
                  "value": "int",
                  "attrs": {
                    "modifiers": "[public , static ]",
                    "typeParams": "[]",
                    "throws": "[]",
                    "annotations": "[]",
                    "type": "int",
                    "params": "[int value, int shift]"
                  },
                  "children": [
                    {
                      "type": "Javadoc",
                      "name": "",
                      "line": 24,
                      "column": 5,
                      "endLine": 37,
                      "endColumn": 7,
                      "value": "\n     * Performs a circular left rotation (left shift) on a 32-bit integer.\n     * Bits shifted out from the left side are inserted on the right side.\n     *\n     * @param value the 32-bit integer value to rotate\n     * @param shift the number of positions to rotate left (must be non-negative)\n     * @return the result of left rotating the value by the specified shift amount\n     * @throws IllegalArgumentException if shift is negative\n     *\n     * @example\n     * // Binary: 10000000 00000000 00000000 00000001\n     * rotateLeft(0x80000001, 1)\n     * // Returns: 3 (binary: 00000000 00000000 00000000 00000011)\n     "
                    },
                    {
                      "type": "Modifier",
                      "name": "",
                      "line": 38,
                      "column": 5,
                      "endLine": 38,
                      "endColumn": 10
                    },
                    {
                      "type": "Modifier",
                      "name": "",
                      "line": 38,
                      "column": 12,
                      "endLine": 38,
                      "endColumn": 17
                    },
                    {
                      "type": "SimpleName",
                      "name": "",
                      "line": 38,
                      "column": 23,
                      "endLine": 38,
                      "endColumn": 32
                    },
                    {
                      "type": "Parameter",
                      "name": "value",
                      "line": 38,
                      "column": 34,
                      "endLine": 38,
                      "endColumn": 42,
                      "attrs": {
                        "modifiers": "[]",
                        "type": "int",
                        "isVarArgs": "false",
                        "annotations": "[]"
                      },
                      "children": [
                        {
                          "type": "PrimitiveType",
                          "name": "",
                          "line": 38,
                          "column": 34,
                          "endLine": 38,
                          "endColumn": 36
                        },
                        {
                          "type": "SimpleName",
                          "name": "",
                          "line": 38,
                          "column": 38,
                          "endLine": 38,
                          "endColumn": 42
                        }
                      ]
                    },
                    {
                      "type": "Parameter",
                      "name": "shift",
                      "line": 38,
                      "column": 45,
                      "endLine": 38,
                      "endColumn": 53,
                      "attrs": {
                        "modifiers": "[]",
                        "type": "int",
                        "isVarArgs": "false",
                        "annotations": "[]"
                      },
                      "children": [
                        {
                          "type": "PrimitiveType",
                          "name": "",
                          "line": 38,
                          "column": 45,
                          "endLine": 38,
                          "endColumn": 47
                        },
                        {
                          "type": "SimpleName",
                          "name": "",
                          "line": 38,
                          "column": 49,
                          "endLine": 38,
                          "endColumn": 53
                        }
                      ]
                    },
                    {
                      "type": "PrimitiveType",
                      "name": "",
                      "line": 38,
                      "column": 19,
                      "endLine": 38,
                      "endColumn": 21
                    },
                    {
                      "type": "BlockStmt",
                      "name": "",
                      "line": 38,
                      "column": 56,
                      "endLine": 52,
                      "endColumn": 5,
                      "children": [
                        {
                          "type": "IfStmt",
                          "name": "if(shift < 0)",
                          "line": 39,
                          "column": 9,
                          "endLine": 41,
                          "endColumn": 9,
                          "attrs": {
                            "condition": "shift < 0"
                          },
                          "children": [
                            {
                              "type": "BinaryExpr",
                              "name": "",
                              "line": 39,
                              "column": 13,
                              "endLine": 39,
                              "endColumn": 21,
                              "children": [
                                {
                                  "type": "NameExpr",
                                  "name": "shift",
                                  "line": 39,
                                  "column": 13,
                                  "endLine": 39,
                                  "endColumn": 17,
                                  "children": [
                                    {
                                      "type": "SimpleName",
                                      "name": "",
                                      "line": 39,
                                      "column": 13,
                                      "endLine": 39,
                                      "endColumn": 17
                                    }
                                  ]
                                },
                                {
                                  "type": "IntegerLiteralExpr",
                                  "name": "",
                                  "line": 39,
                                  "column": 21,
                                  "endLine": 39,
                                  "endColumn": 21
                                }
                              ]
                            },
                            {
                              "type": "BlockStmt",
                              "name": "",
                              "line": 39,
                              "column": 24,
                              "endLine": 41,
                              "endColumn": 9,
                              "children": [
                                {
                                  "type": "ThrowStmt",
                                  "name": "throw",
                                  "line": 40,
                                  "column": 13,
                                  "endLine": 40,
                                  "endColumn": 92,
                                  "attrs": {
                                    "expr": "new IllegalArgumentException(\"Shift amount cannot be negative: \" + shift)"
                                  },
                                  "children": [
                                    {
                                      "type": "ObjectCreationExpr",
                                      "name": "new IllegalArgumentException",
                                      "line": 40,
                                      "column": 19,
                                      "endLine": 40,
                                      "endColumn": 91,
                                      "attrs": {
                                        "type": "IllegalArgumentException",
                                        "hasAnonymousClassBody": "false",
                                        "args": "[\"Shift amount cannot be negative: \" + shift]"
                                      },
                                      "children": [
                                        {
                                          "type": "ClassOrInterfaceType",
                                          "name": "IllegalArgumentException",
                                          "line": 40,
                                          "column": 23,
                                          "endLine": 40,
                                          "endColumn": 46,
                                          "children": [
                                            {
                                              "type": "SimpleName",
                                              "name": "",
                                              "line": 40,
                                              "column": 23,
                                              "endLine": 40,
                                              "endColumn": 46
                                            }
                                          ]
                                        },
                                        {
                                          "type": "BinaryExpr",
                                          "name": "",
                                          "line": 40,
                                          "column": 48,
                                          "endLine": 40,
                                          "endColumn": 90,
                                          "children": [
                                            {
                                              "type": "StringLiteralExpr",
                                              "name": "",
                                              "line": 40,
                                              "column": 48,
                                              "endLine": 40,
                                              "endColumn": 82
                                            },
                                            {
                                              "type": "NameExpr",
                                              "name": "shift",
                                              "line": 40,
                                              "column": 86,
                                              "endLine": 40,
                                              "endColumn": 90,
                                              "children": [
                                                {
                                                  "type": "SimpleName",
                                                  "name": "",
                                                  "line": 40,
                                                  "column": 86,
                                                  "endLine": 40,
                                                  "endColumn": 90
                                                }
                                              ]
                                            }
                                          ]
                                        }
                                      ]
                                    }
                                  ]
                                }
                              ]
                            }
                          ]
                        },
                        {
                          "type": "ExpressionStmt",
                          "name": "",
                          "line": 44,
                          "column": 9,
                          "endLine": 44,
                          "endColumn": 27,
                          "attrs": {
                            "code": "shift = shift % 32"
                          },
                          "children": [
                            {
                              "type": "LineComment",
                              "name": "",
                              "line": 43,
                              "column": 9,
                              "endLine": 43,
                              "endColumn": 63,
                              "value": " Normalize shift to the range [0, 31] using modulo 32"
                            },
                            {
                              "type": "AssignExpr",
                              "name": "",
                              "line": 44,
                              "column": 9,
                              "endLine": 44,
                              "endColumn": 26,
                              "attrs": {
                                "code": "shift = shift % 32"
                              },
                              "children": [
                                {
                                  "type": "NameExpr",
                                  "name": "shift",
                                  "line": 44,
                                  "column": 9,
                                  "endLine": 44,
                                  "endColumn": 13,
                                  "children": [
                                    {
                                      "type": "SimpleName",
                                      "name": "",
                                      "line": 44,
                                      "column": 9,
                                      "endLine": 44,
                                      "endColumn": 13
                                    }
                                  ]
                                },
                                {
                                  "type": "BinaryExpr",
                                  "name": "",
                                  "line": 44,
                                  "column": 17,
                                  "endLine": 44,
                                  "endColumn": 26,
                                  "children": [
                                    {
                                      "type": "NameExpr",
                                      "name": "shift",
                                      "line": 44,
                                      "column": 17,
                                      "endLine": 44,
                                      "endColumn": 21,
                                      "children": [
                                        {
                                          "type": "SimpleName",
                                          "name": "",
                                          "line": 44,
                                          "column": 17,
                                          "endLine": 44,
                                          "endColumn": 21
                                        }
                                      ]
                                    },
                                    {
                                      "type": "IntegerLiteralExpr",
                                      "name": "",
                                      "line": 44,
                                      "column": 25,
                                      "endLine": 44,
                                      "endColumn": 26
                                    }
                                  ]
                                }
                              ]
                            }
                          ]
                        },
                        {
                          "type": "IfStmt",
                          "name": "if(shift == 0)",
                          "line": 46,
                          "column": 9,
                          "endLine": 48,
                          "endColumn": 9,
                          "attrs": {
                            "condition": "shift == 0"
                          },
                          "children": [
                            {
                              "type": "BinaryExpr",
                              "name": "",
                              "line": 46,
                              "column": 13,
                              "endLine": 46,
                              "endColumn": 22,
                              "children": [
                                {
                                  "type": "NameExpr",
                                  "name": "shift",
                                  "line": 46,
                                  "column": 13,
                                  "endLine": 46,
                                  "endColumn": 17,
                                  "children": [
                                    {
                                      "type": "SimpleName",
                                      "name": "",
                                      "line": 46,
                                      "column": 13,
                                      "endLine": 46,
                                      "endColumn": 17
                                    }
                                  ]
                                },
                                {
                                  "type": "IntegerLiteralExpr",
                                  "name": "",
                                  "line": 46,
                                  "column": 22,
                                  "endLine": 46,
                                  "endColumn": 22
                                }
                              ]
                            },
                            {
                              "type": "BlockStmt",
                              "name": "",
                              "line": 46,
                              "column": 25,
                              "endLine": 48,
                              "endColumn": 9,
                              "children": [
                                {
                                  "type": "ReturnStmt",
                                  "name": "return",
                                  "line": 47,
                                  "column": 13,
                                  "endLine": 47,
                                  "endColumn": 25,
                                  "attrs": {
                                    "expr": "value"
                                  },
                                  "children": [
                                    {
                                      "type": "NameExpr",
                                      "name": "value",
                                      "line": 47,
                                      "column": 20,
                                      "endLine": 47,
                                      "endColumn": 24,
                                      "children": [
                                        {
                                          "type": "SimpleName",
                                          "name": "",
                                          "line": 47,
                                          "column": 20,
                                          "endLine": 47,
                                          "endColumn": 24
                                        }
                                      ]
                                    }
                                  ]
                                }
                              ]
                            }
                          ]
                        },
                        {
                          "type": "ReturnStmt",
                          "name": "return",
                          "line": 51,
                          "column": 9,
                          "endLine": 51,
                          "endColumn": 59,
                          "attrs": {
                            "expr": "(value << shift) | (value >>> (32 - shift))"
                          },
                          "children": [
                            {
                              "type": "LineComment",
                              "name": "",
                              "line": 50,
                              "column": 9,
                              "endLine": 50,
                              "endColumn": 69,
                              "value": " Left rotation: (value << shift) | (value >>> (32 - shift))"
                            },
                            {
                              "type": "BinaryExpr",
                              "name": "",
                              "line": 51,
                              "column": 16,
                              "endLine": 51,
                              "endColumn": 58,
                              "children": [
                                {
                                  "type": "EnclosedExpr",
                                  "name": "",
                                  "line": 51,
                                  "column": 16,
                                  "endLine": 51,
                                  "endColumn": 31,
                                  "children": [
                                    {
                                      "type": "BinaryExpr",
                                      "name": "",
                                      "line": 51,
                                      "column": 17,
                                      "endLine": 51,
                                      "endColumn": 30,
                                      "children": [
                                        {
                                          "type": "NameExpr",
                                          "name": "value",
                                          "line": 51,
                                          "column": 17,
                                          "endLine": 51,
                                          "endColumn": 21,
                                          "children": [
                                            {
                                              "type": "SimpleName",
                                              "name": "",
                                              "line": 51,
                                              "column": 17,
                                              "endLine": 51,
                                              "endColumn": 21
                                            }
                                          ]
                                        },
                                        {
                                          "type": "NameExpr",
                                          "name": "shift",
                                          "line": 51,
                                          "column": 26,
                                          "endLine": 51,
                                          "endColumn": 30,
                                          "children": [
                                            {
                                              "type": "SimpleName",
                                              "name": "",
                                              "line": 51,
                                              "column": 26,
                                              "endLine": 51,
                                              "endColumn": 30
                                            }
                                          ]
                                        }
                                      ]
                                    }
                                  ]
                                },
                                {
                                  "type": "EnclosedExpr",
                                  "name": "",
                                  "line": 51,
                                  "column": 35,
                                  "endLine": 51,
                                  "endColumn": 58,
                                  "children": [
                                    {
                                      "type": "BinaryExpr",
                                      "name": "",
                                      "line": 51,
                                      "column": 36,
                                      "endLine": 51,
                                      "endColumn": 57,
                                      "children": [
                                        {
                                          "type": "NameExpr",
                                          "name": "value",
                                          "line": 51,
                                          "column": 36,
                                          "endLine": 51,
                                          "endColumn": 40,
                                          "children": [
                                            {
                                              "type": "SimpleName",
                                              "name": "",
                                              "line": 51,
                                              "column": 36,
                                              "endLine": 51,
                                              "endColumn": 40
                                            }
                                          ]
                                        },
                                        {
                                          "type": "EnclosedExpr",
                                          "name": "",
                                          "line": 51,
                                          "column": 46,
                                          "endLine": 51,
                                          "endColumn": 57,
                                          "children": [
                                            {
                                              "type": "BinaryExpr",
                                              "name": "",
                                              "line": 51,
                                              "column": 47,
                                              "endLine": 51,
                                              "endColumn": 56,
                                              "children": [
                                                {
                                                  "type": "IntegerLiteralExpr",
                                                  "name": "",
                                                  "line": 51,
                                                  "column": 47,
                                                  "endLine": 51,
                                                  "endColumn": 48
                                                },
                                                {
                                                  "type": "NameExpr",
                                                  "name": "shift",
                                                  "line": 51,
                                                  "column": 52,
                                                  "endLine": 51,
                                                  "endColumn": 56,
                                                  "children": [
                                                    {
                                                      "type": "SimpleName",
                                                      "name": "",
                                                      "line": 51,
                                                      "column": 52,
                                                      "endLine": 51,
                                                      "endColumn": 56
                                                    }
                                                  ]
                                                }
                                              ]
                                            }
                                          ]
                                        }
                                      ]
                                    }
                                  ]
                                }
                              ]
                            }
                          ]
                        }
                      ]
                    }
                  ]
                },
                {
                  "type": "MethodDeclaration",
                  "name": "rotateRight",
                  "line": 68,
                  "column": 5,
                  "endLine": 82,
                  "endColumn": 5,
                  "value": "int",
                  "attrs": {
                    "modifiers": "[public , static ]",
                    "typeParams": "[]",
                    "throws": "[]",
                    "annotations": "[]",
                    "type": "int",
                    "params": "[int value, int shift]"
                  },
                  "children": [
                    {
                      "type": "Javadoc",
                      "name": "",
                      "line": 54,
                      "column": 5,
                      "endLine": 67,
                      "endColumn": 7,
                      "value": "\n     * Performs a circular right rotation (right shift) on a 32-bit integer.\n     * Bits shifted out from the right side are inserted on the left side.\n     *\n     * @param value the 32-bit integer value to rotate\n     * @param shift the number of positions to rotate right (must be non-negative)\n     * @return the result of right rotating the value by the specified shift amount\n     * @throws IllegalArgumentException if shift is negative\n     *\n     * @example\n     * // Binary: 00000000 00000000 00000000 00000011\n     * rotateRight(3, 1)\n     * // Returns: -2147483647 (binary: 10000000 00000000 00000000 00000001)\n     "
                    },
                    {
                      "type": "Modifier",
                      "name": "",
                      "line": 68,
                      "column": 5,
                      "endLine": 68,
                      "endColumn": 10
                    },
                    {
                      "type": "Modifier",
                      "name": "",
                      "line": 68,
                      "column": 12,
                      "endLine": 68,
                      "endColumn": 17
                    },
                    {
                      "type": "SimpleName",
                      "name": "",
                      "line": 68,
                      "column": 23,
                      "endLine": 68,
                      "endColumn": 33
                    },
                    {
                      "type": "Parameter",
                      "name": "value",
                      "line": 68,
                      "column": 35,
                      "endLine": 68,
                      "endColumn": 43,
                      "attrs": {
                        "modifiers": "[]",
                        "type": "int",
                        "isVarArgs": "false",
                        "annotations": "[]"
                      },
                      "children": [
                        {
                          "type": "PrimitiveType",
                          "name": "",
                          "line": 68,
                          "column": 35,
                          "endLine": 68,
                          "endColumn": 37
                        },
                        {
                          "type": "SimpleName",
                          "name": "",
                          "line": 68,
                          "column": 39,
                          "endLine": 68,
                          "endColumn": 43
                        }
                      ]
                    },
                    {
                      "type": "Parameter",
                      "name": "shift",
                      "line": 68,
                      "column": 46,
                      "endLine": 68,
                      "endColumn": 54,
                      "attrs": {
                        "modifiers": "[]",
                        "type": "int",
                        "isVarArgs": "false",
                        "annotations": "[]"
                      },
                      "children": [
                        {
                          "type": "PrimitiveType",
                          "name": "",
                          "line": 68,
                          "column": 46,
                          "endLine": 68,
                          "endColumn": 48
                        },
                        {
                          "type": "SimpleName",
                          "name": "",
                          "line": 68,
                          "column": 50,
                          "endLine": 68,
                          "endColumn": 54
                        }
                      ]
                    },
                    {
                      "type": "PrimitiveType",
                      "name": "",
                      "line": 68,
                      "column": 19,
                      "endLine": 68,
                      "endColumn": 21
                    },
                    {
                      "type": "BlockStmt",
                      "name": "",
                      "line": 68,
                      "column": 57,
                      "endLine": 82,
                      "endColumn": 5,
                      "children": [
                        {
                          "type": "IfStmt",
                          "name": "if(shift < 0)",
                          "line": 69,
                          "column": 9,
                          "endLine": 71,
                          "endColumn": 9,
                          "attrs": {
                            "condition": "shift < 0"
                          },
                          "children": [
                            {
                              "type": "BinaryExpr",
                              "name": "",
                              "line": 69,
                              "column": 13,
                              "endLine": 69,
                              "endColumn": 21,
                              "children": [
                                {
                                  "type": "NameExpr",
                                  "name": "shift",
                                  "line": 69,
                                  "column": 13,
                                  "endLine": 69,
                                  "endColumn": 17,
                                  "children": [
                                    {
                                      "type": "SimpleName",
                                      "name": "",
                                      "line": 69,
                                      "column": 13,
                                      "endLine": 69,
                                      "endColumn": 17
                                    }
                                  ]
                                },
                                {
                                  "type": "IntegerLiteralExpr",
                                  "name": "",
                                  "line": 69,
                                  "column": 21,
                                  "endLine": 69,
                                  "endColumn": 21
                                }
                              ]
                            },
                            {
                              "type": "BlockStmt",
                              "name": "",
                              "line": 69,
                              "column": 24,
                              "endLine": 71,
                              "endColumn": 9,
                              "children": [
                                {
                                  "type": "ThrowStmt",
                                  "name": "throw",
                                  "line": 70,
                                  "column": 13,
                                  "endLine": 70,
                                  "endColumn": 92,
                                  "attrs": {
                                    "expr": "new IllegalArgumentException(\"Shift amount cannot be negative: \" + shift)"
                                  },
                                  "children": [
                                    {
                                      "type": "ObjectCreationExpr",
                                      "name": "new IllegalArgumentException",
                                      "line": 70,
                                      "column": 19,
                                      "endLine": 70,
                                      "endColumn": 91,
                                      "attrs": {
                                        "type": "IllegalArgumentException",
                                        "hasAnonymousClassBody": "false",
                                        "args": "[\"Shift amount cannot be negative: \" + shift]"
                                      },
                                      "children": [
                                        {
                                          "type": "ClassOrInterfaceType",
                                          "name": "IllegalArgumentException",
                                          "line": 70,
                                          "column": 23,
                                          "endLine": 70,
                                          "endColumn": 46,
                                          "children": [
                                            {
                                              "type": "SimpleName",
                                              "name": "",
                                              "line": 70,
                                              "column": 23,
                                              "endLine": 70,
                                              "endColumn": 46
                                            }
                                          ]
                                        },
                                        {
                                          "type": "BinaryExpr",
                                          "name": "",
                                          "line": 70,
                                          "column": 48,
                                          "endLine": 70,
                                          "endColumn": 90,
                                          "children": [
                                            {
                                              "type": "StringLiteralExpr",
                                              "name": "",
                                              "line": 70,
                                              "column": 48,
                                              "endLine": 70,
                                              "endColumn": 82
                                            },
                                            {
                                              "type": "NameExpr",
                                              "name": "shift",
                                              "line": 70,
                                              "column": 86,
                                              "endLine": 70,
                                              "endColumn": 90,
                                              "children": [
                                                {
                                                  "type": "SimpleName",
                                                  "name": "",
                                                  "line": 70,
                                                  "column": 86,
                                                  "endLine": 70,
                                                  "endColumn": 90
                                                }
                                              ]
                                            }
                                          ]
                                        }
                                      ]
                                    }
                                  ]
                                }
                              ]
                            }
                          ]
                        },
                        {
                          "type": "ExpressionStmt",
                          "name": "",
                          "line": 74,
                          "column": 9,
                          "endLine": 74,
                          "endColumn": 27,
                          "attrs": {
                            "code": "shift = shift % 32"
                          },
                          "children": [
                            {
                              "type": "LineComment",
                              "name": "",
                              "line": 73,
                              "column": 9,
                              "endLine": 73,
                              "endColumn": 63,
                              "value": " Normalize shift to the range [0, 31] using modulo 32"
                            },
                            {
                              "type": "AssignExpr",
                              "name": "",
                              "line": 74,
                              "column": 9,
                              "endLine": 74,
                              "endColumn": 26,
                              "attrs": {
                                "code": "shift = shift % 32"
                              },
                              "children": [
                                {
                                  "type": "NameExpr",
                                  "name": "shift",
                                  "line": 74,
                                  "column": 9,
                                  "endLine": 74,
                                  "endColumn": 13,
                                  "children": [
                                    {
                                      "type": "SimpleName",
                                      "name": "",
                                      "line": 74,
                                      "column": 9,
                                      "endLine": 74,
                                      "endColumn": 13
                                    }
                                  ]
                                },
                                {
                                  "type": "BinaryExpr",
                                  "name": "",
                                  "line": 74,
                                  "column": 17,
                                  "endLine": 74,
                                  "endColumn": 26,
                                  "children": [
                                    {
                                      "type": "NameExpr",
                                      "name": "shift",
                                      "line": 74,
                                      "column": 17,
                                      "endLine": 74,
                                      "endColumn": 21,
                                      "children": [
                                        {
                                          "type": "SimpleName",
                                          "name": "",
                                          "line": 74,
                                          "column": 17,
                                          "endLine": 74,
                                          "endColumn": 21
                                        }
                                      ]
                                    },
                                    {
                                      "type": "IntegerLiteralExpr",
                                      "name": "",
                                      "line": 74,
                                      "column": 25,
                                      "endLine": 74,
                                      "endColumn": 26
                                    }
                                  ]
                                }
                              ]
                            }
                          ]
                        },
                        {
                          "type": "IfStmt",
                          "name": "if(shift == 0)",
                          "line": 76,
                          "column": 9,
                          "endLine": 78,
                          "endColumn": 9,
                          "attrs": {
                            "condition": "shift == 0"
                          },
                          "children": [
                            {
                              "type": "BinaryExpr",
                              "name": "",
                              "line": 76,
                              "column": 13,
                              "endLine": 76,
                              "endColumn": 22,
                              "children": [
                                {
                                  "type": "NameExpr",
                                  "name": "shift",
                                  "line": 76,
                                  "column": 13,
                                  "endLine": 76,
                                  "endColumn": 17,
                                  "children": [
                                    {
                                      "type": "SimpleName",
                                      "name": "",
                                      "line": 76,
                                      "column": 13,
                                      "endLine": 76,
                                      "endColumn": 17
                                    }
                                  ]
                                },
                                {
                                  "type": "IntegerLiteralExpr",
                                  "name": "",
                                  "line": 76,
                                  "column": 22,
                                  "endLine": 76,
                                  "endColumn": 22
                                }
                              ]
                            },
                            {
                              "type": "BlockStmt",
                              "name": "",
                              "line": 76,
                              "column": 25,
                              "endLine": 78,
                              "endColumn": 9,
                              "children": [
                                {
                                  "type": "ReturnStmt",
                                  "name": "return",
                                  "line": 77,
                                  "column": 13,
                                  "endLine": 77,
                                  "endColumn": 25,
                                  "attrs": {
                                    "expr": "value"
                                  },
                                  "children": [
                                    {
                                      "type": "NameExpr",
                                      "name": "value",
                                      "line": 77,
                                      "column": 20,
                                      "endLine": 77,
                                      "endColumn": 24,
                                      "children": [
                                        {
                                          "type": "SimpleName",
                                          "name": "",
                                          "line": 77,
                                          "column": 20,
                                          "endLine": 77,
                                          "endColumn": 24
                                        }
                                      ]
                                    }
                                  ]
                                }
                              ]
                            }
                          ]
                        },
                        {
                          "type": "ReturnStmt",
                          "name": "return",
                          "line": 81,
                          "column": 9,
                          "endLine": 81,
                          "endColumn": 59,
                          "attrs": {
                            "expr": "(value >>> shift) | (value << (32 - shift))"
                          },
                          "children": [
                            {
                              "type": "LineComment",
                              "name": "",
                              "line": 80,
                              "column": 9,
                              "endLine": 80,
                              "endColumn": 70,
                              "value": " Right rotation: (value >>> shift) | (value << (32 - shift))"
                            },
                            {
                              "type": "BinaryExpr",
                              "name": "",
                              "line": 81,
                              "column": 16,
                              "endLine": 81,
                              "endColumn": 58,
                              "children": [
                                {
                                  "type": "EnclosedExpr",
                                  "name": "",
                                  "line": 81,
                                  "column": 16,
                                  "endLine": 81,
                                  "endColumn": 32,
                                  "children": [
                                    {
                                      "type": "BinaryExpr",
                                      "name": "",
                                      "line": 81,
                                      "column": 17,
                                      "endLine": 81,
                                      "endColumn": 31,
                                      "children": [
                                        {
                                          "type": "NameExpr",
                                          "name": "value",
                                          "line": 81,
                                          "column": 17,
                                          "endLine": 81,
                                          "endColumn": 21,
                                          "children": [
                                            {
                                              "type": "SimpleName",
                                              "name": "",
                                              "line": 81,
                                              "column": 17,
                                              "endLine": 81,
                                              "endColumn": 21
                                            }
                                          ]
                                        },
                                        {
                                          "type": "NameExpr",
                                          "name": "shift",
                                          "line": 81,
                                          "column": 27,
                                          "endLine": 81,
                                          "endColumn": 31,
                                          "children": [
                                            {
                                              "type": "SimpleName",
                                              "name": "",
                                              "line": 81,
                                              "column": 27,
                                              "endLine": 81,
                                              "endColumn": 31
                                            }
                                          ]
                                        }
                                      ]
                                    }
                                  ]
                                },
                                {
                                  "type": "EnclosedExpr",
                                  "name": "",
                                  "line": 81,
                                  "column": 36,
                                  "endLine": 81,
                                  "endColumn": 58,
                                  "children": [
                                    {
                                      "type": "BinaryExpr",
                                      "name": "",
                                      "line": 81,
                                      "column": 37,
                                      "endLine": 81,
                                      "endColumn": 57,
                                      "children": [
                                        {
                                          "type": "NameExpr",
                                          "name": "value",
                                          "line": 81,
                                          "column": 37,
                                          "endLine": 81,
                                          "endColumn": 41,
                                          "children": [
                                            {
                                              "type": "SimpleName",
                                              "name": "",
                                              "line": 81,
                                              "column": 37,
                                              "endLine": 81,
                                              "endColumn": 41
                                            }
                                          ]
                                        },
                                        {
                                          "type": "EnclosedExpr",
                                          "name": "",
                                          "line": 81,
                                          "column": 46,
                                          "endLine": 81,
                                          "endColumn": 57,
                                          "children": [
                                            {
                                              "type": "BinaryExpr",
                                              "name": "",
                                              "line": 81,
                                              "column": 47,
                                              "endLine": 81,
                                              "endColumn": 56,
                                              "children": [
                                                {
                                                  "type": "IntegerLiteralExpr",
                                                  "name": "",
                                                  "line": 81,
                                                  "column": 47,
                                                  "endLine": 81,
                                                  "endColumn": 48
                                                },
                                                {
                                                  "type": "NameExpr",
                                                  "name": "shift",
                                                  "line": 81,
                                                  "column": 52,
                                                  "endLine": 81,
                                                  "endColumn": 56,
                                                  "children": [
                                                    {
                                                      "type": "SimpleName",
                                                      "name": "",
                                                      "line": 81,
                                                      "column": 52,
                                                      "endLine": 81,
                                                      "endColumn": 56
                                                    }
                                                  ]
                                                }
                                              ]
                                            }
                                          ]
                                        }
                                      ]
                                    }
                                  ]
                                }
                              ]
                            }
                          ]
                        }
                      ]
                    }
                  ]
                }
              ]
            }
          ]
        }
      ]
    }
  ]
}