{
  "type": "Project",
  "name": "Project",
  "children": [
    {
      "type": "File",
      "name": "HammingDistance.java",
      "value": "D:\\py-java-transform\\java to py\\java-to-python_user\\java-to-python-main\\java to python-result\\172\\HammingDistance.java",
      "children": [
        {
          "type": "CompilationUnit",
          "name": "",
          "line": 1,
          "column": 1,
          "endLine": 29,
          "endColumn": 2,
          "children": [
            {
              "type": "PackageDeclaration",
              "name": "com.thealgorithms.bitmanipulation",
              "line": 1,
              "column": 1,
              "endLine": 1,
              "endColumn": 42,
              "attrs": {
                "name": "com.thealgorithms.bitmanipulation"
              },
              "children": [
                {
                  "type": "Name",
                  "name": "",
                  "line": 1,
                  "column": 9,
                  "endLine": 1,
                  "endColumn": 41,
                  "children": [
                    {
                      "type": "Name",
                      "name": "",
                      "line": 1,
                      "column": 9,
                      "endLine": 1,
                      "endColumn": 25,
                      "children": [
                        {
                          "type": "Name",
                          "name": "",
                          "line": 1,
                          "column": 9,
                          "endLine": 1,
                          "endColumn": 11
                        }
                      ]
                    }
                  ]
                }
              ]
            },
            {
              "type": "ClassOrInterfaceDeclaration",
              "name": "HammingDistance",
              "line": 13,
              "column": 1,
              "endLine": 29,
              "endColumn": 1,
              "value": "class",
              "attrs": {
                "modifiers": "[public , final ]",
                "typeParams": "[]",
                "extends": "[]",
                "implements": "[]",
                "annotations": "[]"
              },
              "children": [
                {
                  "type": "Javadoc",
                  "name": "",
                  "line": 3,
                  "column": 1,
                  "endLine": 12,
                  "endColumn": 3,
                  "value": "\n * The Hamming distance between two integers is the number of positions at which the corresponding bits are different.\n * Given two integers x and y, calculate the Hamming distance.\n * Example:\n * Input: x = 1, y = 4\n * Output: 2\n * Explanation: 1 (0001) and 4 (0100) have 2 differing bits.\n *\n * @author Hardvan\n "
                },
                {
                  "type": "Modifier",
                  "name": "",
                  "line": 13,
                  "column": 1,
                  "endLine": 13,
                  "endColumn": 6
                },
                {
                  "type": "Modifier",
                  "name": "",
                  "line": 13,
                  "column": 8,
                  "endLine": 13,
                  "endColumn": 12
                },
                {
                  "type": "SimpleName",
                  "name": "",
                  "line": 13,
                  "column": 20,
                  "endLine": 13,
                  "endColumn": 34
                },
                {
                  "type": "ConstructorDeclaration",
                  "name": "HammingDistance",
                  "line": 14,
                  "column": 5,
                  "endLine": 15,
                  "endColumn": 5,
                  "attrs": {
                    "modifiers": "[private ]",
                    "throws": "[]",
                    "annotations": "[]",
                    "params": "[]"
                  },
                  "children": [
                    {
                      "type": "Modifier",
                      "name": "",
                      "line": 14,
                      "column": 5,
                      "endLine": 14,
                      "endColumn": 11
                    },
                    {
                      "type": "SimpleName",
                      "name": "",
                      "line": 14,
                      "column": 13,
                      "endLine": 14,
                      "endColumn": 27
                    },
                    {
                      "type": "BlockStmt",
                      "name": "",
                      "line": 14,
                      "column": 31,
                      "endLine": 15,
                      "endColumn": 5
                    }
                  ]
                },
                {
                  "type": "MethodDeclaration",
                  "name": "hammingDistance",
                  "line": 25,
                  "column": 5,
                  "endLine": 28,
                  "endColumn": 5,
                  "value": "int",
                  "attrs": {
                    "modifiers": "[public , static ]",
                    "typeParams": "[]",
                    "throws": "[]",
                    "annotations": "[]",
                    "type": "int",
                    "params": "[int x, int y]"
                  },
                  "children": [
                    {
                      "type": "Javadoc",
                      "name": "",
                      "line": 17,
                      "column": 5,
                      "endLine": 24,
                      "endColumn": 7,
                      "value": "\n     * Calculates the Hamming distance between two integers.\n     * The Hamming distance is the number of differing bits between the two integers.\n     *\n     * @param x The first integer.\n     * @param y The second integer.\n     * @return The Hamming distance (number of differing bits).\n     "
                    },
                    {
                      "type": "Modifier",
                      "name": "",
                      "line": 25,
                      "column": 5,
                      "endLine": 25,
                      "endColumn": 10
                    },
                    {
                      "type": "Modifier",
                      "name": "",
                      "line": 25,
                      "column": 12,
                      "endLine": 25,
                      "endColumn": 17
                    },
                    {
                      "type": "SimpleName",
                      "name": "",
                      "line": 25,
                      "column": 23,
                      "endLine": 25,
                      "endColumn": 37
                    },
                    {
                      "type": "Parameter",
                      "name": "x",
                      "line": 25,
                      "column": 39,
                      "endLine": 25,
                      "endColumn": 43,
                      "attrs": {
                        "modifiers": "[]",
                        "type": "int",
                        "isVarArgs": "false",
                        "annotations": "[]"
                      },
                      "children": [
                        {
                          "type": "PrimitiveType",
                          "name": "",
                          "line": 25,
                          "column": 39,
                          "endLine": 25,
                          "endColumn": 41
                        },
                        {
                          "type": "SimpleName",
                          "name": "",
                          "line": 25,
                          "column": 43,
                          "endLine": 25,
                          "endColumn": 43
                        }
                      ]
                    },
                    {
                      "type": "Parameter",
                      "name": "y",
                      "line": 25,
                      "column": 46,
                      "endLine": 25,
                      "endColumn": 50,
                      "attrs": {
                        "modifiers": "[]",
                        "type": "int",
                        "isVarArgs": "false",
                        "annotations": "[]"
                      },
                      "children": [
                        {
                          "type": "PrimitiveType",
                          "name": "",
                          "line": 25,
                          "column": 46,
                          "endLine": 25,
                          "endColumn": 48
                        },
                        {
                          "type": "SimpleName",
                          "name": "",
                          "line": 25,
                          "column": 50,
                          "endLine": 25,
                          "endColumn": 50
                        }
                      ]
                    },
                    {
                      "type": "PrimitiveType",
                      "name": "",
                      "line": 25,
                      "column": 19,
                      "endLine": 25,
                      "endColumn": 21
                    },
                    {
                      "type": "BlockStmt",
                      "name": "",
                      "line": 25,
                      "column": 53,
                      "endLine": 28,
                      "endColumn": 5,
                      "children": [
                        {
                          "type": "ExpressionStmt",
                          "name": "",
                          "line": 26,
                          "column": 9,
                          "endLine": 26,
                          "endColumn": 24,
                          "attrs": {
                            "code": "int xor = x ^ y"
                          },
                          "children": [
                            {
                              "type": "VariableDeclarationExpr",
                              "name": "",
                              "line": 26,
                              "column": 9,
                              "endLine": 26,
                              "endColumn": 23,
                              "attrs": {
                                "modifiers": "[]",
                                "code": "int xor = x ^ y"
                              },
                              "children": [
                                {
                                  "type": "VariableDeclarator",
                                  "name": "xor",
                                  "line": 26,
                                  "column": 13,
                                  "endLine": 26,
                                  "endColumn": 23,
                                  "value": "int",
                                  "attrs": {
                                    "initializer": "x ^ y",
                                    "type": "int"
                                  },
                                  "children": [
                                    {
                                      "type": "PrimitiveType",
                                      "name": "",
                                      "line": 26,
                                      "column": 9,
                                      "endLine": 26,
                                      "endColumn": 11
                                    },
                                    {
                                      "type": "SimpleName",
                                      "name": "",
                                      "line": 26,
                                      "column": 13,
                                      "endLine": 26,
                                      "endColumn": 15
                                    },
                                    {
                                      "type": "BinaryExpr",
                                      "name": "",
                                      "line": 26,
                                      "column": 19,
                                      "endLine": 26,
                                      "endColumn": 23,
                                      "children": [
                                        {
                                          "type": "NameExpr",
                                          "name": "x",
                                          "line": 26,
                                          "column": 19,
                                          "endLine": 26,
                                          "endColumn": 19,
                                          "children": [
                                            {
                                              "type": "SimpleName",
                                              "name": "",
                                              "line": 26,
                                              "column": 19,
                                              "endLine": 26,
                                              "endColumn": 19
                                            }
                                          ]
                                        },
                                        {
                                          "type": "NameExpr",
                                          "name": "y",
                                          "line": 26,
                                          "column": 23,
                                          "endLine": 26,
                                          "endColumn": 23,
                                          "children": [
                                            {
                                              "type": "SimpleName",
                                              "name": "",
                                              "line": 26,
                                              "column": 23,
                                              "endLine": 26,
                                              "endColumn": 23
                                            }
                                          ]
                                        }
                                      ]
                                    }
                                  ]
                                }
                              ]
                            }
                          ]
                        },
                        {
                          "type": "ReturnStmt",
                          "name": "return",
                          "line": 27,
                          "column": 9,
                          "endLine": 27,
                          "endColumn": 37,
                          "attrs": {
                            "expr": "Integer.bitCount(xor)"
                          },
                          "children": [
                            {
                              "type": "MethodCallExpr",
                              "name": "bitCount",
                              "line": 27,
                              "column": 16,
                              "endLine": 27,
                              "endColumn": 36,
                              "attrs": {
                                "args": "[xor]",
                                "code": "Integer.bitCount(xor)"
                              },
                              "children": [
                                {
                                  "type": "NameExpr",
                                  "name": "Integer",
                                  "line": 27,
                                  "column": 16,
                                  "endLine": 27,
                                  "endColumn": 22,
                                  "children": [
                                    {
                                      "type": "SimpleName",
                                      "name": "",
                                      "line": 27,
                                      "column": 16,
                                      "endLine": 27,
                                      "endColumn": 22
                                    }
                                  ]
                                },
                                {
                                  "type": "SimpleName",
                                  "name": "",
                                  "line": 27,
                                  "column": 24,
                                  "endLine": 27,
                                  "endColumn": 31
                                },
                                {
                                  "type": "NameExpr",
                                  "name": "xor",
                                  "line": 27,
                                  "column": 33,
                                  "endLine": 27,
                                  "endColumn": 35,
                                  "children": [
                                    {
                                      "type": "SimpleName",
                                      "name": "",
                                      "line": 27,
                                      "column": 33,
                                      "endLine": 27,
                                      "endColumn": 35
                                    }
                                  ]
                                }
                              ]
                            }
                          ]
                        }
                      ]
                    }
                  ]
                }
              ]
            }
          ]
        }
      ]
    }
  ]
}