{
  "type": "Project",
  "name": "Project",
  "children": [
    {
      "type": "File",
      "name": "ModuloPowerOfTwo.java",
      "value": "D:\\py-java-transform\\java to py\\java-to-python_user\\java-to-python-main\\java to python-result\\179\\ModuloPowerOfTwo.java",
      "children": [
        {
          "type": "CompilationUnit",
          "name": "",
          "line": 1,
          "column": 1,
          "endLine": 28,
          "endColumn": 2,
          "children": [
            {
              "type": "PackageDeclaration",
              "name": "com.thealgorithms.bitmanipulation",
              "line": 1,
              "column": 1,
              "endLine": 1,
              "endColumn": 42,
              "attrs": {
                "name": "com.thealgorithms.bitmanipulation"
              },
              "children": [
                {
                  "type": "Name",
                  "name": "",
                  "line": 1,
                  "column": 9,
                  "endLine": 1,
                  "endColumn": 41,
                  "children": [
                    {
                      "type": "Name",
                      "name": "",
                      "line": 1,
                      "column": 9,
                      "endLine": 1,
                      "endColumn": 25,
                      "children": [
                        {
                          "type": "Name",
                          "name": "",
                          "line": 1,
                          "column": 9,
                          "endLine": 1,
                          "endColumn": 11
                        }
                      ]
                    }
                  ]
                }
              ]
            },
            {
              "type": "ClassOrInterfaceDeclaration",
              "name": "ModuloPowerOfTwo",
              "line": 10,
              "column": 1,
              "endLine": 28,
              "endColumn": 1,
              "value": "class",
              "attrs": {
                "modifiers": "[public , final ]",
                "typeParams": "[]",
                "extends": "[]",
                "implements": "[]",
                "annotations": "[]"
              },
              "children": [
                {
                  "type": "Javadoc",
                  "name": "",
                  "line": 3,
                  "column": 1,
                  "endLine": 9,
                  "endColumn": 3,
                  "value": "\n * This class provides a method to compute the remainder\n * of a number when divided by a power of two (2^n)\n * without using division or modulo operations.\n *\n * @author Hardvan\n "
                },
                {
                  "type": "Modifier",
                  "name": "",
                  "line": 10,
                  "column": 1,
                  "endLine": 10,
                  "endColumn": 6
                },
                {
                  "type": "Modifier",
                  "name": "",
                  "line": 10,
                  "column": 8,
                  "endLine": 10,
                  "endColumn": 12
                },
                {
                  "type": "SimpleName",
                  "name": "",
                  "line": 10,
                  "column": 20,
                  "endLine": 10,
                  "endColumn": 35
                },
                {
                  "type": "ConstructorDeclaration",
                  "name": "ModuloPowerOfTwo",
                  "line": 11,
                  "column": 5,
                  "endLine": 12,
                  "endColumn": 5,
                  "attrs": {
                    "modifiers": "[private ]",
                    "throws": "[]",
                    "annotations": "[]",
                    "params": "[]"
                  },
                  "children": [
                    {
                      "type": "Modifier",
                      "name": "",
                      "line": 11,
                      "column": 5,
                      "endLine": 11,
                      "endColumn": 11
                    },
                    {
                      "type": "SimpleName",
                      "name": "",
                      "line": 11,
                      "column": 13,
                      "endLine": 11,
                      "endColumn": 28
                    },
                    {
                      "type": "BlockStmt",
                      "name": "",
                      "line": 11,
                      "column": 32,
                      "endLine": 12,
                      "endColumn": 5
                    }
                  ]
                },
                {
                  "type": "MethodDeclaration",
                  "name": "moduloPowerOfTwo",
                  "line": 21,
                  "column": 5,
                  "endLine": 27,
                  "endColumn": 5,
                  "value": "int",
                  "attrs": {
                    "modifiers": "[public , static ]",
                    "typeParams": "[]",
                    "throws": "[]",
                    "annotations": "[]",
                    "type": "int",
                    "params": "[int x, int n]"
                  },
                  "children": [
                    {
                      "type": "Javadoc",
                      "name": "",
                      "line": 14,
                      "column": 5,
                      "endLine": 20,
                      "endColumn": 7,
                      "value": "\n     * Computes the remainder of a given integer when divided by 2^n.\n     *\n     * @param x the input number\n     * @param n the exponent (power of two)\n     * @return the remainder of x divided by 2^n\n     "
                    },
                    {
                      "type": "Modifier",
                      "name": "",
                      "line": 21,
                      "column": 5,
                      "endLine": 21,
                      "endColumn": 10
                    },
                    {
                      "type": "Modifier",
                      "name": "",
                      "line": 21,
                      "column": 12,
                      "endLine": 21,
                      "endColumn": 17
                    },
                    {
                      "type": "SimpleName",
                      "name": "",
                      "line": 21,
                      "column": 23,
                      "endLine": 21,
                      "endColumn": 38
                    },
                    {
                      "type": "Parameter",
                      "name": "x",
                      "line": 21,
                      "column": 40,
                      "endLine": 21,
                      "endColumn": 44,
                      "attrs": {
                        "modifiers": "[]",
                        "type": "int",
                        "isVarArgs": "false",
                        "annotations": "[]"
                      },
                      "children": [
                        {
                          "type": "PrimitiveType",
                          "name": "",
                          "line": 21,
                          "column": 40,
                          "endLine": 21,
                          "endColumn": 42
                        },
                        {
                          "type": "SimpleName",
                          "name": "",
                          "line": 21,
                          "column": 44,
                          "endLine": 21,
                          "endColumn": 44
                        }
                      ]
                    },
                    {
                      "type": "Parameter",
                      "name": "n",
                      "line": 21,
                      "column": 47,
                      "endLine": 21,
                      "endColumn": 51,
                      "attrs": {
                        "modifiers": "[]",
                        "type": "int",
                        "isVarArgs": "false",
                        "annotations": "[]"
                      },
                      "children": [
                        {
                          "type": "PrimitiveType",
                          "name": "",
                          "line": 21,
                          "column": 47,
                          "endLine": 21,
                          "endColumn": 49
                        },
                        {
                          "type": "SimpleName",
                          "name": "",
                          "line": 21,
                          "column": 51,
                          "endLine": 21,
                          "endColumn": 51
                        }
                      ]
                    },
                    {
                      "type": "PrimitiveType",
                      "name": "",
                      "line": 21,
                      "column": 19,
                      "endLine": 21,
                      "endColumn": 21
                    },
                    {
                      "type": "BlockStmt",
                      "name": "",
                      "line": 21,
                      "column": 54,
                      "endLine": 27,
                      "endColumn": 5,
                      "children": [
                        {
                          "type": "IfStmt",
                          "name": "if(n <= 0)",
                          "line": 22,
                          "column": 9,
                          "endLine": 24,
                          "endColumn": 9,
                          "attrs": {
                            "condition": "n <= 0"
                          },
                          "children": [
                            {
                              "type": "BinaryExpr",
                              "name": "",
                              "line": 22,
                              "column": 13,
                              "endLine": 22,
                              "endColumn": 18,
                              "children": [
                                {
                                  "type": "NameExpr",
                                  "name": "n",
                                  "line": 22,
                                  "column": 13,
                                  "endLine": 22,
                                  "endColumn": 13,
                                  "children": [
                                    {
                                      "type": "SimpleName",
                                      "name": "",
                                      "line": 22,
                                      "column": 13,
                                      "endLine": 22,
                                      "endColumn": 13
                                    }
                                  ]
                                },
                                {
                                  "type": "IntegerLiteralExpr",
                                  "name": "",
                                  "line": 22,
                                  "column": 18,
                                  "endLine": 22,
                                  "endColumn": 18
                                }
                              ]
                            },
                            {
                              "type": "BlockStmt",
                              "name": "",
                              "line": 22,
                              "column": 21,
                              "endLine": 24,
                              "endColumn": 9,
                              "children": [
                                {
                                  "type": "ThrowStmt",
                                  "name": "throw",
                                  "line": 23,
                                  "column": 13,
                                  "endLine": 23,
                                  "endColumn": 80,
                                  "attrs": {
                                    "expr": "new IllegalArgumentException(\"The exponent must be positive\")"
                                  },
                                  "children": [
                                    {
                                      "type": "ObjectCreationExpr",
                                      "name": "new IllegalArgumentException",
                                      "line": 23,
                                      "column": 19,
                                      "endLine": 23,
                                      "endColumn": 79,
                                      "attrs": {
                                        "type": "IllegalArgumentException",
                                        "hasAnonymousClassBody": "false",
                                        "args": "[\"The exponent must be positive\"]"
                                      },
                                      "children": [
                                        {
                                          "type": "ClassOrInterfaceType",
                                          "name": "IllegalArgumentException",
                                          "line": 23,
                                          "column": 23,
                                          "endLine": 23,
                                          "endColumn": 46,
                                          "children": [
                                            {
                                              "type": "SimpleName",
                                              "name": "",
                                              "line": 23,
                                              "column": 23,
                                              "endLine": 23,
                                              "endColumn": 46
                                            }
                                          ]
                                        },
                                        {
                                          "type": "StringLiteralExpr",
                                          "name": "",
                                          "line": 23,
                                          "column": 48,
                                          "endLine": 23,
                                          "endColumn": 78
                                        }
                                      ]
                                    }
                                  ]
                                }
                              ]
                            }
                          ]
                        },
                        {
                          "type": "ReturnStmt",
                          "name": "return",
                          "line": 26,
                          "column": 9,
                          "endLine": 26,
                          "endColumn": 34,
                          "attrs": {
                            "expr": "x & ((1 << n) - 1)"
                          },
                          "children": [
                            {
                              "type": "BinaryExpr",
                              "name": "",
                              "line": 26,
                              "column": 16,
                              "endLine": 26,
                              "endColumn": 33,
                              "children": [
                                {
                                  "type": "NameExpr",
                                  "name": "x",
                                  "line": 26,
                                  "column": 16,
                                  "endLine": 26,
                                  "endColumn": 16,
                                  "children": [
                                    {
                                      "type": "SimpleName",
                                      "name": "",
                                      "line": 26,
                                      "column": 16,
                                      "endLine": 26,
                                      "endColumn": 16
                                    }
                                  ]
                                },
                                {
                                  "type": "EnclosedExpr",
                                  "name": "",
                                  "line": 26,
                                  "column": 20,
                                  "endLine": 26,
                                  "endColumn": 33,
                                  "children": [
                                    {
                                      "type": "BinaryExpr",
                                      "name": "",
                                      "line": 26,
                                      "column": 21,
                                      "endLine": 26,
                                      "endColumn": 32,
                                      "children": [
                                        {
                                          "type": "EnclosedExpr",
                                          "name": "",
                                          "line": 26,
                                          "column": 21,
                                          "endLine": 26,
                                          "endColumn": 28,
                                          "children": [
                                            {
                                              "type": "BinaryExpr",
                                              "name": "",
                                              "line": 26,
                                              "column": 22,
                                              "endLine": 26,
                                              "endColumn": 27,
                                              "children": [
                                                {
                                                  "type": "IntegerLiteralExpr",
                                                  "name": "",
                                                  "line": 26,
                                                  "column": 22,
                                                  "endLine": 26,
                                                  "endColumn": 22
                                                },
                                                {
                                                  "type": "NameExpr",
                                                  "name": "n",
                                                  "line": 26,
                                                  "column": 27,
                                                  "endLine": 26,
                                                  "endColumn": 27,
                                                  "children": [
                                                    {
                                                      "type": "SimpleName",
                                                      "name": "",
                                                      "line": 26,
                                                      "column": 27,
                                                      "endLine": 26,
                                                      "endColumn": 27
                                                    }
                                                  ]
                                                }
                                              ]
                                            }
                                          ]
                                        },
                                        {
                                          "type": "IntegerLiteralExpr",
                                          "name": "",
                                          "line": 26,
                                          "column": 32,
                                          "endLine": 26,
                                          "endColumn": 32
                                        }
                                      ]
                                    }
                                  ]
                                }
                              ]
                            }
                          ]
                        }
                      ]
                    }
                  ]
                }
              ]
            }
          ]
        }
      ]
    }
  ]
}