{
  "type": "Project",
  "name": "Project",
  "children": [
    {
      "type": "File",
      "name": "CeilInBinarySearchTree.java",
      "value": "D:\\py-java-transform\\java to py\\java-to-python_user\\java-to-python-main\\java to python-result\\110\\CeilInBinarySearchTree\\CeilInBinarySearchTree.java",
      "children": [
        {
          "type": "CompilationUnit",
          "name": "",
          "line": 1,
          "column": 1,
          "endLine": 70,
          "endColumn": 2,
          "children": [
            {
              "type": "PackageDeclaration",
              "name": "com.thealgorithms.datastructures.trees",
              "line": 1,
              "column": 1,
              "endLine": 1,
              "endColumn": 47,
              "attrs": {
                "name": "com.thealgorithms.datastructures.trees"
              },
              "children": [
                {
                  "type": "Name",
                  "name": "",
                  "line": 1,
                  "column": 9,
                  "endLine": 1,
                  "endColumn": 46,
                  "children": [
                    {
                      "type": "Name",
                      "name": "",
                      "line": 1,
                      "column": 9,
                      "endLine": 1,
                      "endColumn": 40,
                      "children": [
                        {
                          "type": "Name",
                          "name": "",
                          "line": 1,
                          "column": 9,
                          "endLine": 1,
                          "endColumn": 25,
                          "children": [
                            {
                              "type": "Name",
                              "name": "",
                              "line": 1,
                              "column": 9,
                              "endLine": 1,
                              "endColumn": 11
                            }
                          ]
                        }
                      ]
                    }
                  ]
                }
              ]
            },
            {
              "type": "ImportDeclaration",
              "name": "com.thealgorithms.datastructures.trees.BinaryTree.Node",
              "line": 3,
              "column": 1,
              "endLine": 3,
              "endColumn": 62,
              "attrs": {
                "name": "com.thealgorithms.datastructures.trees.BinaryTree.Node",
                "isStatic": "false",
                "isAsterisk": "false"
              },
              "children": [
                {
                  "type": "Name",
                  "name": "",
                  "line": 3,
                  "column": 8,
                  "endLine": 3,
                  "endColumn": 61,
                  "children": [
                    {
                      "type": "Name",
                      "name": "",
                      "line": 3,
                      "column": 8,
                      "endLine": 3,
                      "endColumn": 56,
                      "children": [
                        {
                          "type": "Name",
                          "name": "",
                          "line": 3,
                          "column": 8,
                          "endLine": 3,
                          "endColumn": 45,
                          "children": [
                            {
                              "type": "Name",
                              "name": "",
                              "line": 3,
                              "column": 8,
                              "endLine": 3,
                              "endColumn": 39,
                              "children": [
                                {
                                  "type": "Name",
                                  "name": "",
                                  "line": 3,
                                  "column": 8,
                                  "endLine": 3,
                                  "endColumn": 24,
                                  "children": [
                                    {
                                      "type": "Name",
                                      "name": "",
                                      "line": 3,
                                      "column": 8,
                                      "endLine": 3,
                                      "endColumn": 10
                                    }
                                  ]
                                }
                              ]
                            }
                          ]
                        }
                      ]
                    }
                  ]
                }
              ]
            },
            {
              "type": "ClassOrInterfaceDeclaration",
              "name": "CeilInBinarySearchTree",
              "line": 43,
              "column": 1,
              "endLine": 70,
              "endColumn": 1,
              "value": "class",
              "attrs": {
                "modifiers": "[public , final ]",
                "typeParams": "[]",
                "extends": "[]",
                "implements": "[]",
                "annotations": "[]"
              },
              "children": [
                {
                  "type": "Javadoc",
                  "name": "",
                  "line": 5,
                  "column": 1,
                  "endLine": 42,
                  "endColumn": 3,
                  "value": "\n * Problem Statement Ceil value for any number x in a collection is a number y\n * which is either equal to x or the least greater number than x.\n *\n * Problem: Given a binary search tree containing positive integer values. Find\n * ceil value for a given key in O(lg(n)) time. In case if it is not present\n * return -1.\n *\n * Ex.1. [30,20,40,10,25,35,50] represents level order traversal of a binary\n * search tree. Find ceil for 10. Answer: 20\n *\n * Ex.2. [30,20,40,10,25,35,50] represents level order traversal of a binary\n * search tree. Find ceil for 22 Answer: 25\n *\n * Ex.2. [30,20,40,10,25,35,50] represents level order traversal of a binary\n * search tree. Find ceil for 52 Answer: -1\n *\n * Solution 1: Brute Force Solution: Do an inorder traversal and save result\n * into an array. Iterate over the array to get an element equal to or greater\n * than current key. Time Complexity: O(n) Space Complexity: O(n) for auxiliary\n * array to save inorder representation of tree.\n * <p>\n * <p>\n * Solution 2: Brute Force Solution: Do an inorder traversal and save result\n * into an array.Since array is sorted do a binary search over the array to get\n * an element equal to or greater than current key. Time Complexity: O(n) for\n * traversal of tree and O(lg(n)) for binary search in array. Total = O(n) Space\n * Complexity: O(n) for auxiliary array to save inorder representation of tree.\n * <p>\n * <p>\n * Solution 3: Optimal We can do a DFS search on given tree in following\n * fashion. i) if root is null then return null because then ceil doesn't exist\n * ii) If key is lesser than root value than ceil will be in right subtree so\n * call recursively on right subtree iii) if key is greater than current root,\n * then either a) the root is ceil b) ceil is in left subtree: call for left\n * subtree. If left subtree returns a non-null value then that will be ceil\n * otherwise the root is ceil\n "
                },
                {
                  "type": "Modifier",
                  "name": "",
                  "line": 43,
                  "column": 1,
                  "endLine": 43,
                  "endColumn": 6
                },
                {
                  "type": "Modifier",
                  "name": "",
                  "line": 43,
                  "column": 8,
                  "endLine": 43,
                  "endColumn": 12
                },
                {
                  "type": "SimpleName",
                  "name": "",
                  "line": 43,
                  "column": 20,
                  "endLine": 43,
                  "endColumn": 41
                },
                {
                  "type": "ConstructorDeclaration",
                  "name": "CeilInBinarySearchTree",
                  "line": 44,
                  "column": 5,
                  "endLine": 45,
                  "endColumn": 5,
                  "attrs": {
                    "modifiers": "[private ]",
                    "throws": "[]",
                    "annotations": "[]",
                    "params": "[]"
                  },
                  "children": [
                    {
                      "type": "Modifier",
                      "name": "",
                      "line": 44,
                      "column": 5,
                      "endLine": 44,
                      "endColumn": 11
                    },
                    {
                      "type": "SimpleName",
                      "name": "",
                      "line": 44,
                      "column": 13,
                      "endLine": 44,
                      "endColumn": 34
                    },
                    {
                      "type": "BlockStmt",
                      "name": "",
                      "line": 44,
                      "column": 38,
                      "endLine": 45,
                      "endColumn": 5
                    }
                  ]
                },
                {
                  "type": "MethodDeclaration",
                  "name": "getCeil",
                  "line": 47,
                  "column": 5,
                  "endLine": 69,
                  "endColumn": 5,
                  "value": "Node",
                  "attrs": {
                    "modifiers": "[public , static ]",
                    "typeParams": "[]",
                    "throws": "[]",
                    "annotations": "[]",
                    "type": "Node",
                    "params": "[Node root, int key]"
                  },
                  "children": [
                    {
                      "type": "Modifier",
                      "name": "",
                      "line": 47,
                      "column": 5,
                      "endLine": 47,
                      "endColumn": 10
                    },
                    {
                      "type": "Modifier",
                      "name": "",
                      "line": 47,
                      "column": 12,
                      "endLine": 47,
                      "endColumn": 17
                    },
                    {
                      "type": "SimpleName",
                      "name": "",
                      "line": 47,
                      "column": 24,
                      "endLine": 47,
                      "endColumn": 30
                    },
                    {
                      "type": "Parameter",
                      "name": "root",
                      "line": 47,
                      "column": 32,
                      "endLine": 47,
                      "endColumn": 40,
                      "attrs": {
                        "modifiers": "[]",
                        "type": "Node",
                        "isVarArgs": "false",
                        "annotations": "[]"
                      },
                      "children": [
                        {
                          "type": "ClassOrInterfaceType",
                          "name": "Node",
                          "line": 47,
                          "column": 32,
                          "endLine": 47,
                          "endColumn": 35,
                          "children": [
                            {
                              "type": "SimpleName",
                              "name": "",
                              "line": 47,
                              "column": 32,
                              "endLine": 47,
                              "endColumn": 35
                            }
                          ]
                        },
                        {
                          "type": "SimpleName",
                          "name": "",
                          "line": 47,
                          "column": 37,
                          "endLine": 47,
                          "endColumn": 40
                        }
                      ]
                    },
                    {
                      "type": "Parameter",
                      "name": "key",
                      "line": 47,
                      "column": 43,
                      "endLine": 47,
                      "endColumn": 49,
                      "attrs": {
                        "modifiers": "[]",
                        "type": "int",
                        "isVarArgs": "false",
                        "annotations": "[]"
                      },
                      "children": [
                        {
                          "type": "PrimitiveType",
                          "name": "",
                          "line": 47,
                          "column": 43,
                          "endLine": 47,
                          "endColumn": 45
                        },
                        {
                          "type": "SimpleName",
                          "name": "",
                          "line": 47,
                          "column": 47,
                          "endLine": 47,
                          "endColumn": 49
                        }
                      ]
                    },
                    {
                      "type": "ClassOrInterfaceType",
                      "name": "Node",
                      "line": 47,
                      "column": 19,
                      "endLine": 47,
                      "endColumn": 22,
                      "children": [
                        {
                          "type": "SimpleName",
                          "name": "",
                          "line": 47,
                          "column": 19,
                          "endLine": 47,
                          "endColumn": 22
                        }
                      ]
                    },
                    {
                      "type": "BlockStmt",
                      "name": "",
                      "line": 47,
                      "column": 52,
                      "endLine": 69,
                      "endColumn": 5,
                      "children": [
                        {
                          "type": "IfStmt",
                          "name": "if(root == null)",
                          "line": 48,
                          "column": 9,
                          "endLine": 50,
                          "endColumn": 9,
                          "attrs": {
                            "condition": "root == null"
                          },
                          "children": [
                            {
                              "type": "BinaryExpr",
                              "name": "",
                              "line": 48,
                              "column": 13,
                              "endLine": 48,
                              "endColumn": 24,
                              "children": [
                                {
                                  "type": "NameExpr",
                                  "name": "root",
                                  "line": 48,
                                  "column": 13,
                                  "endLine": 48,
                                  "endColumn": 16,
                                  "children": [
                                    {
                                      "type": "SimpleName",
                                      "name": "",
                                      "line": 48,
                                      "column": 13,
                                      "endLine": 48,
                                      "endColumn": 16
                                    }
                                  ]
                                },
                                {
                                  "type": "NullLiteralExpr",
                                  "name": "",
                                  "line": 48,
                                  "column": 21,
                                  "endLine": 48,
                                  "endColumn": 24
                                }
                              ]
                            },
                            {
                              "type": "BlockStmt",
                              "name": "",
                              "line": 48,
                              "column": 27,
                              "endLine": 50,
                              "endColumn": 9,
                              "children": [
                                {
                                  "type": "ReturnStmt",
                                  "name": "return",
                                  "line": 49,
                                  "column": 13,
                                  "endLine": 49,
                                  "endColumn": 24,
                                  "attrs": {
                                    "expr": "null"
                                  },
                                  "children": [
                                    {
                                      "type": "NullLiteralExpr",
                                      "name": "",
                                      "line": 49,
                                      "column": 20,
                                      "endLine": 49,
                                      "endColumn": 23
                                    }
                                  ]
                                }
                              ]
                            }
                          ]
                        },
                        {
                          "type": "IfStmt",
                          "name": "if(root.data == key)",
                          "line": 53,
                          "column": 9,
                          "endLine": 55,
                          "endColumn": 9,
                          "attrs": {
                            "condition": "root.data == key"
                          },
                          "children": [
                            {
                              "type": "LineComment",
                              "name": "",
                              "line": 52,
                              "column": 9,
                              "endLine": 52,
                              "endColumn": 64,
                              "value": " if root value is same as key than root is the ceiling"
                            },
                            {
                              "type": "BinaryExpr",
                              "name": "",
                              "line": 53,
                              "column": 13,
                              "endLine": 53,
                              "endColumn": 28,
                              "children": [
                                {
                                  "type": "FieldAccessExpr",
                                  "name": "data",
                                  "line": 53,
                                  "column": 13,
                                  "endLine": 53,
                                  "endColumn": 21,
                                  "children": [
                                    {
                                      "type": "NameExpr",
                                      "name": "root",
                                      "line": 53,
                                      "column": 13,
                                      "endLine": 53,
                                      "endColumn": 16,
                                      "children": [
                                        {
                                          "type": "SimpleName",
                                          "name": "",
                                          "line": 53,
                                          "column": 13,
                                          "endLine": 53,
                                          "endColumn": 16
                                        }
                                      ]
                                    },
                                    {
                                      "type": "SimpleName",
                                      "name": "",
                                      "line": 53,
                                      "column": 18,
                                      "endLine": 53,
                                      "endColumn": 21
                                    }
                                  ]
                                },
                                {
                                  "type": "NameExpr",
                                  "name": "key",
                                  "line": 53,
                                  "column": 26,
                                  "endLine": 53,
                                  "endColumn": 28,
                                  "children": [
                                    {
                                      "type": "SimpleName",
                                      "name": "",
                                      "line": 53,
                                      "column": 26,
                                      "endLine": 53,
                                      "endColumn": 28
                                    }
                                  ]
                                }
                              ]
                            },
                            {
                              "type": "BlockStmt",
                              "name": "",
                              "line": 53,
                              "column": 31,
                              "endLine": 55,
                              "endColumn": 9,
                              "children": [
                                {
                                  "type": "ReturnStmt",
                                  "name": "return",
                                  "line": 54,
                                  "column": 13,
                                  "endLine": 54,
                                  "endColumn": 24,
                                  "attrs": {
                                    "expr": "root"
                                  },
                                  "children": [
                                    {
                                      "type": "NameExpr",
                                      "name": "root",
                                      "line": 54,
                                      "column": 20,
                                      "endLine": 54,
                                      "endColumn": 23,
                                      "children": [
                                        {
                                          "type": "SimpleName",
                                          "name": "",
                                          "line": 54,
                                          "column": 20,
                                          "endLine": 54,
                                          "endColumn": 23
                                        }
                                      ]
                                    }
                                  ]
                                }
                              ]
                            }
                          ]
                        },
                        {
                          "type": "IfStmt",
                          "name": "if(root.data < key)",
                          "line": 58,
                          "column": 9,
                          "endLine": 60,
                          "endColumn": 9,
                          "attrs": {
                            "condition": "root.data < key"
                          },
                          "children": [
                            {
                              "type": "LineComment",
                              "name": "",
                              "line": 57,
                              "column": 9,
                              "endLine": 57,
                              "endColumn": 78,
                              "value": " if root value is lesser than key then ceil must be in right subtree"
                            },
                            {
                              "type": "BinaryExpr",
                              "name": "",
                              "line": 58,
                              "column": 13,
                              "endLine": 58,
                              "endColumn": 27,
                              "children": [
                                {
                                  "type": "FieldAccessExpr",
                                  "name": "data",
                                  "line": 58,
                                  "column": 13,
                                  "endLine": 58,
                                  "endColumn": 21,
                                  "children": [
                                    {
                                      "type": "NameExpr",
                                      "name": "root",
                                      "line": 58,
                                      "column": 13,
                                      "endLine": 58,
                                      "endColumn": 16,
                                      "children": [
                                        {
                                          "type": "SimpleName",
                                          "name": "",
                                          "line": 58,
                                          "column": 13,
                                          "endLine": 58,
                                          "endColumn": 16
                                        }
                                      ]
                                    },
                                    {
                                      "type": "SimpleName",
                                      "name": "",
                                      "line": 58,
                                      "column": 18,
                                      "endLine": 58,
                                      "endColumn": 21
                                    }
                                  ]
                                },
                                {
                                  "type": "NameExpr",
                                  "name": "key",
                                  "line": 58,
                                  "column": 25,
                                  "endLine": 58,
                                  "endColumn": 27,
                                  "children": [
                                    {
                                      "type": "SimpleName",
                                      "name": "",
                                      "line": 58,
                                      "column": 25,
                                      "endLine": 58,
                                      "endColumn": 27
                                    }
                                  ]
                                }
                              ]
                            },
                            {
                              "type": "BlockStmt",
                              "name": "",
                              "line": 58,
                              "column": 30,
                              "endLine": 60,
                              "endColumn": 9,
                              "children": [
                                {
                                  "type": "ReturnStmt",
                                  "name": "return",
                                  "line": 59,
                                  "column": 13,
                                  "endLine": 59,
                                  "endColumn": 44,
                                  "attrs": {
                                    "expr": "getCeil(root.right, key)"
                                  },
                                  "children": [
                                    {
                                      "type": "MethodCallExpr",
                                      "name": "getCeil",
                                      "line": 59,
                                      "column": 20,
                                      "endLine": 59,
                                      "endColumn": 43,
                                      "attrs": {
                                        "args": "[root.right, key]",
                                        "code": "getCeil(root.right, key)"
                                      },
                                      "children": [
                                        {
                                          "type": "SimpleName",
                                          "name": "",
                                          "line": 59,
                                          "column": 20,
                                          "endLine": 59,
                                          "endColumn": 26
                                        },
                                        {
                                          "type": "FieldAccessExpr",
                                          "name": "right",
                                          "line": 59,
                                          "column": 28,
                                          "endLine": 59,
                                          "endColumn": 37,
                                          "children": [
                                            {
                                              "type": "NameExpr",
                                              "name": "root",
                                              "line": 59,
                                              "column": 28,
                                              "endLine": 59,
                                              "endColumn": 31,
                                              "children": [
                                                {
                                                  "type": "SimpleName",
                                                  "name": "",
                                                  "line": 59,
                                                  "column": 28,
                                                  "endLine": 59,
                                                  "endColumn": 31
                                                }
                                              ]
                                            },
                                            {
                                              "type": "SimpleName",
                                              "name": "",
                                              "line": 59,
                                              "column": 33,
                                              "endLine": 59,
                                              "endColumn": 37
                                            }
                                          ]
                                        },
                                        {
                                          "type": "NameExpr",
                                          "name": "key",
                                          "line": 59,
                                          "column": 40,
                                          "endLine": 59,
                                          "endColumn": 42,
                                          "children": [
                                            {
                                              "type": "SimpleName",
                                              "name": "",
                                              "line": 59,
                                              "column": 40,
                                              "endLine": 59,
                                              "endColumn": 42
                                            }
                                          ]
                                        }
                                      ]
                                    }
                                  ]
                                }
                              ]
                            }
                          ]
                        },
                        {
                          "type": "ExpressionStmt",
                          "name": "",
                          "line": 64,
                          "column": 9,
                          "endLine": 64,
                          "endColumn": 46,
                          "attrs": {
                            "code": "Node result = getCeil(root.left, key)"
                          },
                          "children": [
                            {
                              "type": "LineComment",
                              "name": "",
                              "line": 63,
                              "column": 9,
                              "endLine": 63,
                              "endColumn": 67,
                              "value": " it is not in left subtree then current node will be ceil"
                            },
                            {
                              "type": "VariableDeclarationExpr",
                              "name": "",
                              "line": 64,
                              "column": 9,
                              "endLine": 64,
                              "endColumn": 45,
                              "attrs": {
                                "modifiers": "[]",
                                "code": "Node result = getCeil(root.left, key)"
                              },
                              "children": [
                                {
                                  "type": "VariableDeclarator",
                                  "name": "result",
                                  "line": 64,
                                  "column": 14,
                                  "endLine": 64,
                                  "endColumn": 45,
                                  "value": "Node",
                                  "attrs": {
                                    "initializer": "getCeil(root.left, key)",
                                    "type": "Node"
                                  },
                                  "children": [
                                    {
                                      "type": "ClassOrInterfaceType",
                                      "name": "Node",
                                      "line": 64,
                                      "column": 9,
                                      "endLine": 64,
                                      "endColumn": 12,
                                      "children": [
                                        {
                                          "type": "SimpleName",
                                          "name": "",
                                          "line": 64,
                                          "column": 9,
                                          "endLine": 64,
                                          "endColumn": 12
                                        }
                                      ]
                                    },
                                    {
                                      "type": "SimpleName",
                                      "name": "",
                                      "line": 64,
                                      "column": 14,
                                      "endLine": 64,
                                      "endColumn": 19
                                    },
                                    {
                                      "type": "MethodCallExpr",
                                      "name": "getCeil",
                                      "line": 64,
                                      "column": 23,
                                      "endLine": 64,
                                      "endColumn": 45,
                                      "attrs": {
                                        "args": "[root.left, key]",
                                        "code": "getCeil(root.left, key)"
                                      },
                                      "children": [
                                        {
                                          "type": "SimpleName",
                                          "name": "",
                                          "line": 64,
                                          "column": 23,
                                          "endLine": 64,
                                          "endColumn": 29
                                        },
                                        {
                                          "type": "FieldAccessExpr",
                                          "name": "left",
                                          "line": 64,
                                          "column": 31,
                                          "endLine": 64,
                                          "endColumn": 39,
                                          "children": [
                                            {
                                              "type": "NameExpr",
                                              "name": "root",
                                              "line": 64,
                                              "column": 31,
                                              "endLine": 64,
                                              "endColumn": 34,
                                              "children": [
                                                {
                                                  "type": "SimpleName",
                                                  "name": "",
                                                  "line": 64,
                                                  "column": 31,
                                                  "endLine": 64,
                                                  "endColumn": 34
                                                }
                                              ]
                                            },
                                            {
                                              "type": "SimpleName",
                                              "name": "",
                                              "line": 64,
                                              "column": 36,
                                              "endLine": 64,
                                              "endColumn": 39
                                            }
                                          ]
                                        },
                                        {
                                          "type": "NameExpr",
                                          "name": "key",
                                          "line": 64,
                                          "column": 42,
                                          "endLine": 64,
                                          "endColumn": 44,
                                          "children": [
                                            {
                                              "type": "SimpleName",
                                              "name": "",
                                              "line": 64,
                                              "column": 42,
                                              "endLine": 64,
                                              "endColumn": 44
                                            }
                                          ]
                                        }
                                      ]
                                    }
                                  ]
                                }
                              ]
                            }
                          ]
                        },
                        {
                          "type": "ReturnStmt",
                          "name": "return",
                          "line": 68,
                          "column": 9,
                          "endLine": 68,
                          "endColumn": 46,
                          "attrs": {
                            "expr": "result == null ? root : result"
                          },
                          "children": [
                            {
                              "type": "LineComment",
                              "name": "",
                              "line": 67,
                              "column": 9,
                              "endLine": 67,
                              "endColumn": 76,
                              "value": " and the root is the ceil otherwise the returned node is the ceil."
                            },
                            {
                              "type": "ConditionalExpr",
                              "name": "",
                              "line": 68,
                              "column": 16,
                              "endLine": 68,
                              "endColumn": 45,
                              "children": [
                                {
                                  "type": "BinaryExpr",
                                  "name": "",
                                  "line": 68,
                                  "column": 16,
                                  "endLine": 68,
                                  "endColumn": 29,
                                  "children": [
                                    {
                                      "type": "NameExpr",
                                      "name": "result",
                                      "line": 68,
                                      "column": 16,
                                      "endLine": 68,
                                      "endColumn": 21,
                                      "children": [
                                        {
                                          "type": "SimpleName",
                                          "name": "",
                                          "line": 68,
                                          "column": 16,
                                          "endLine": 68,
                                          "endColumn": 21
                                        }
                                      ]
                                    },
                                    {
                                      "type": "NullLiteralExpr",
                                      "name": "",
                                      "line": 68,
                                      "column": 26,
                                      "endLine": 68,
                                      "endColumn": 29
                                    }
                                  ]
                                },
                                {
                                  "type": "NameExpr",
                                  "name": "root",
                                  "line": 68,
                                  "column": 33,
                                  "endLine": 68,
                                  "endColumn": 36,
                                  "children": [
                                    {
                                      "type": "SimpleName",
                                      "name": "",
                                      "line": 68,
                                      "column": 33,
                                      "endLine": 68,
                                      "endColumn": 36
                                    }
                                  ]
                                },
                                {
                                  "type": "NameExpr",
                                  "name": "result",
                                  "line": 68,
                                  "column": 40,
                                  "endLine": 68,
                                  "endColumn": 45,
                                  "children": [
                                    {
                                      "type": "SimpleName",
                                      "name": "",
                                      "line": 68,
                                      "column": 40,
                                      "endLine": 68,
                                      "endColumn": 45
                                    }
                                  ]
                                }
                              ]
                            }
                          ]
                        },
                        {
                          "type": "LineComment",
                          "name": "",
                          "line": 62,
                          "column": 9,
                          "endLine": 62,
                          "endColumn": 83
                        },
                        {
                          "type": "LineComment",
                          "name": "",
                          "line": 66,
                          "column": 9,
                          "endLine": 66,
                          "endColumn": 80
                        }
                      ]
                    }
                  ]
                }
              ]
            }
          ]
        }
      ]
    }
  ]
}