{
  "type": "Project",
  "name": "Project",
  "children": [
    {
      "type": "File",
      "name": "BooleanAlgebraGates.java",
      "value": "D:\\py-java-transform\\java to py\\java-to-python_user\\java-to-python-main\\java to python-result\\163\\BooleanAlgebraGates.java",
      "children": [
        {
          "type": "CompilationUnit",
          "name": "",
          "line": 1,
          "column": 1,
          "endLine": 111,
          "endColumn": 2,
          "children": [
            {
              "type": "PackageDeclaration",
              "name": "com.thealgorithms.bitmanipulation",
              "line": 1,
              "column": 1,
              "endLine": 1,
              "endColumn": 42,
              "attrs": {
                "name": "com.thealgorithms.bitmanipulation"
              },
              "children": [
                {
                  "type": "Name",
                  "name": "",
                  "line": 1,
                  "column": 9,
                  "endLine": 1,
                  "endColumn": 41,
                  "children": [
                    {
                      "type": "Name",
                      "name": "",
                      "line": 1,
                      "column": 9,
                      "endLine": 1,
                      "endColumn": 25,
                      "children": [
                        {
                          "type": "Name",
                          "name": "",
                          "line": 1,
                          "column": 9,
                          "endLine": 1,
                          "endColumn": 11
                        }
                      ]
                    }
                  ]
                }
              ]
            },
            {
              "type": "ImportDeclaration",
              "name": "java.util.List",
              "line": 3,
              "column": 1,
              "endLine": 3,
              "endColumn": 22,
              "attrs": {
                "name": "java.util.List",
                "isStatic": "false",
                "isAsterisk": "false"
              },
              "children": [
                {
                  "type": "Name",
                  "name": "",
                  "line": 3,
                  "column": 8,
                  "endLine": 3,
                  "endColumn": 21,
                  "children": [
                    {
                      "type": "Name",
                      "name": "",
                      "line": 3,
                      "column": 8,
                      "endLine": 3,
                      "endColumn": 16,
                      "children": [
                        {
                          "type": "Name",
                          "name": "",
                          "line": 3,
                          "column": 8,
                          "endLine": 3,
                          "endColumn": 11
                        }
                      ]
                    }
                  ]
                }
              ]
            },
            {
              "type": "ClassOrInterfaceDeclaration",
              "name": "BooleanAlgebraGates",
              "line": 8,
              "column": 1,
              "endLine": 111,
              "endColumn": 1,
              "value": "class",
              "attrs": {
                "modifiers": "[public , final ]",
                "typeParams": "[]",
                "extends": "[]",
                "implements": "[]",
                "annotations": "[]"
              },
              "children": [
                {
                  "type": "Javadoc",
                  "name": "",
                  "line": 5,
                  "column": 1,
                  "endLine": 7,
                  "endColumn": 3,
                  "value": "\n * Implements various Boolean algebra gates (AND, OR, NOT, XOR, NAND, NOR)\n "
                },
                {
                  "type": "Modifier",
                  "name": "",
                  "line": 8,
                  "column": 1,
                  "endLine": 8,
                  "endColumn": 6
                },
                {
                  "type": "Modifier",
                  "name": "",
                  "line": 8,
                  "column": 8,
                  "endLine": 8,
                  "endColumn": 12
                },
                {
                  "type": "SimpleName",
                  "name": "",
                  "line": 8,
                  "column": 20,
                  "endLine": 8,
                  "endColumn": 38
                },
                {
                  "type": "ConstructorDeclaration",
                  "name": "BooleanAlgebraGates",
                  "line": 10,
                  "column": 5,
                  "endLine": 12,
                  "endColumn": 5,
                  "attrs": {
                    "modifiers": "[private ]",
                    "throws": "[]",
                    "annotations": "[]",
                    "params": "[]"
                  },
                  "children": [
                    {
                      "type": "Modifier",
                      "name": "",
                      "line": 10,
                      "column": 5,
                      "endLine": 10,
                      "endColumn": 11
                    },
                    {
                      "type": "SimpleName",
                      "name": "",
                      "line": 10,
                      "column": 13,
                      "endLine": 10,
                      "endColumn": 31
                    },
                    {
                      "type": "BlockStmt",
                      "name": "",
                      "line": 10,
                      "column": 35,
                      "endLine": 12,
                      "endColumn": 5,
                      "children": [
                        {
                          "type": "LineComment",
                          "name": "",
                          "line": 11,
                          "column": 9,
                          "endLine": 11,
                          "endColumn": 32
                        }
                      ]
                    }
                  ]
                },
                {
                  "type": "ClassOrInterfaceDeclaration",
                  "name": "BooleanGate",
                  "line": 17,
                  "column": 5,
                  "endLine": 25,
                  "endColumn": 5,
                  "value": "interface",
                  "attrs": {
                    "modifiers": "[]",
                    "typeParams": "[]",
                    "extends": "[]",
                    "implements": "[]",
                    "annotations": "[]"
                  },
                  "children": [
                    {
                      "type": "Javadoc",
                      "name": "",
                      "line": 14,
                      "column": 5,
                      "endLine": 16,
                      "endColumn": 7,
                      "value": "\n     * Represents a Boolean gate that takes multiple inputs and returns a result.\n     "
                    },
                    {
                      "type": "SimpleName",
                      "name": "",
                      "line": 17,
                      "column": 15,
                      "endLine": 17,
                      "endColumn": 25
                    },
                    {
                      "type": "MethodDeclaration",
                      "name": "evaluate",
                      "line": 24,
                      "column": 9,
                      "endLine": 24,
                      "endColumn": 47,
                      "value": "boolean",
                      "attrs": {
                        "modifiers": "[]",
                        "typeParams": "[]",
                        "throws": "[]",
                        "annotations": "[]",
                        "type": "boolean",
                        "params": "[List<Boolean> inputs]"
                      },
                      "children": [
                        {
                          "type": "Javadoc",
                          "name": "",
                          "line": 18,
                          "column": 9,
                          "endLine": 23,
                          "endColumn": 11,
                          "value": "\n         * Evaluates the gate with the given inputs.\n         *\n         * @param inputs The input values for the gate.\n         * @return The result of the evaluation.\n         "
                        },
                        {
                          "type": "SimpleName",
                          "name": "",
                          "line": 24,
                          "column": 17,
                          "endLine": 24,
                          "endColumn": 24
                        },
                        {
                          "type": "Parameter",
                          "name": "inputs",
                          "line": 24,
                          "column": 26,
                          "endLine": 24,
                          "endColumn": 45,
                          "attrs": {
                            "modifiers": "[]",
                            "type": "List<Boolean>",
                            "isVarArgs": "false",
                            "annotations": "[]"
                          },
                          "children": [
                            {
                              "type": "ClassOrInterfaceType",
                              "name": "List",
                              "line": 24,
                              "column": 26,
                              "endLine": 24,
                              "endColumn": 38,
                              "attrs": {
                                "typeArgs": "[Boolean]"
                              },
                              "children": [
                                {
                                  "type": "SimpleName",
                                  "name": "",
                                  "line": 24,
                                  "column": 26,
                                  "endLine": 24,
                                  "endColumn": 29
                                },
                                {
                                  "type": "ClassOrInterfaceType",
                                  "name": "Boolean",
                                  "line": 24,
                                  "column": 31,
                                  "endLine": 24,
                                  "endColumn": 37,
                                  "children": [
                                    {
                                      "type": "SimpleName",
                                      "name": "",
                                      "line": 24,
                                      "column": 31,
                                      "endLine": 24,
                                      "endColumn": 37
                                    }
                                  ]
                                }
                              ]
                            },
                            {
                              "type": "SimpleName",
                              "name": "",
                              "line": 24,
                              "column": 40,
                              "endLine": 24,
                              "endColumn": 45
                            }
                          ]
                        },
                        {
                          "type": "PrimitiveType",
                          "name": "",
                          "line": 24,
                          "column": 9,
                          "endLine": 24,
                          "endColumn": 15
                        }
                      ]
                    }
                  ]
                },
                {
                  "type": "ClassOrInterfaceDeclaration",
                  "name": "ANDGate",
                  "line": 31,
                  "column": 5,
                  "endLine": 41,
                  "endColumn": 5,
                  "value": "class",
                  "attrs": {
                    "modifiers": "[static ]",
                    "typeParams": "[]",
                    "extends": "[]",
                    "implements": "[BooleanGate]",
                    "annotations": "[]"
                  },
                  "children": [
                    {
                      "type": "Javadoc",
                      "name": "",
                      "line": 27,
                      "column": 5,
                      "endLine": 30,
                      "endColumn": 7,
                      "value": "\n     * AND Gate implementation.\n     * Returns true if all inputs are true; otherwise, false.\n     "
                    },
                    {
                      "type": "Modifier",
                      "name": "",
                      "line": 31,
                      "column": 5,
                      "endLine": 31,
                      "endColumn": 10
                    },
                    {
                      "type": "SimpleName",
                      "name": "",
                      "line": 31,
                      "column": 18,
                      "endLine": 31,
                      "endColumn": 24
                    },
                    {
                      "type": "MethodDeclaration",
                      "name": "evaluate",
                      "line": 32,
                      "column": 9,
                      "endLine": 40,
                      "endColumn": 9,
                      "value": "boolean",
                      "attrs": {
                        "modifiers": "[public ]",
                        "typeParams": "[]",
                        "throws": "[]",
                        "annotations": "[@Override]",
                        "type": "boolean",
                        "params": "[List<Boolean> inputs]"
                      },
                      "children": [
                        {
                          "type": "MarkerAnnotationExpr",
                          "name": "Override",
                          "line": 32,
                          "column": 9,
                          "endLine": 32,
                          "endColumn": 17,
                          "children": [
                            {
                              "type": "Name",
                              "name": "",
                              "line": 32,
                              "column": 10,
                              "endLine": 32,
                              "endColumn": 17
                            }
                          ]
                        },
                        {
                          "type": "Modifier",
                          "name": "",
                          "line": 33,
                          "column": 9,
                          "endLine": 33,
                          "endColumn": 14
                        },
                        {
                          "type": "SimpleName",
                          "name": "",
                          "line": 33,
                          "column": 24,
                          "endLine": 33,
                          "endColumn": 31
                        },
                        {
                          "type": "Parameter",
                          "name": "inputs",
                          "line": 33,
                          "column": 33,
                          "endLine": 33,
                          "endColumn": 52,
                          "attrs": {
                            "modifiers": "[]",
                            "type": "List<Boolean>",
                            "isVarArgs": "false",
                            "annotations": "[]"
                          },
                          "children": [
                            {
                              "type": "ClassOrInterfaceType",
                              "name": "List",
                              "line": 33,
                              "column": 33,
                              "endLine": 33,
                              "endColumn": 45,
                              "attrs": {
                                "typeArgs": "[Boolean]"
                              },
                              "children": [
                                {
                                  "type": "SimpleName",
                                  "name": "",
                                  "line": 33,
                                  "column": 33,
                                  "endLine": 33,
                                  "endColumn": 36
                                },
                                {
                                  "type": "ClassOrInterfaceType",
                                  "name": "Boolean",
                                  "line": 33,
                                  "column": 38,
                                  "endLine": 33,
                                  "endColumn": 44,
                                  "children": [
                                    {
                                      "type": "SimpleName",
                                      "name": "",
                                      "line": 33,
                                      "column": 38,
                                      "endLine": 33,
                                      "endColumn": 44
                                    }
                                  ]
                                }
                              ]
                            },
                            {
                              "type": "SimpleName",
                              "name": "",
                              "line": 33,
                              "column": 47,
                              "endLine": 33,
                              "endColumn": 52
                            }
                          ]
                        },
                        {
                          "type": "PrimitiveType",
                          "name": "",
                          "line": 33,
                          "column": 16,
                          "endLine": 33,
                          "endColumn": 22
                        },
                        {
                          "type": "BlockStmt",
                          "name": "",
                          "line": 33,
                          "column": 55,
                          "endLine": 40,
                          "endColumn": 9,
                          "children": [
                            {
                              "type": "ForEachStmt",
                              "name": "for-each(…)",
                              "line": 34,
                              "column": 13,
                              "endLine": 38,
                              "endColumn": 13,
                              "attrs": {
                                "var": "boolean input",
                                "iterable": "inputs"
                              },
                              "children": [
                                {
                                  "type": "VariableDeclarationExpr",
                                  "name": "",
                                  "line": 34,
                                  "column": 18,
                                  "endLine": 34,
                                  "endColumn": 30,
                                  "attrs": {
                                    "modifiers": "[]",
                                    "code": "boolean input"
                                  },
                                  "children": [
                                    {
                                      "type": "VariableDeclarator",
                                      "name": "input",
                                      "line": 34,
                                      "column": 26,
                                      "endLine": 34,
                                      "endColumn": 30,
                                      "value": "boolean",
                                      "attrs": {
                                        "type": "boolean"
                                      },
                                      "children": [
                                        {
                                          "type": "PrimitiveType",
                                          "name": "",
                                          "line": 34,
                                          "column": 18,
                                          "endLine": 34,
                                          "endColumn": 24
                                        },
                                        {
                                          "type": "SimpleName",
                                          "name": "",
                                          "line": 34,
                                          "column": 26,
                                          "endLine": 34,
                                          "endColumn": 30
                                        }
                                      ]
                                    }
                                  ]
                                },
                                {
                                  "type": "NameExpr",
                                  "name": "inputs",
                                  "line": 34,
                                  "column": 34,
                                  "endLine": 34,
                                  "endColumn": 39,
                                  "children": [
                                    {
                                      "type": "SimpleName",
                                      "name": "",
                                      "line": 34,
                                      "column": 34,
                                      "endLine": 34,
                                      "endColumn": 39
                                    }
                                  ]
                                },
                                {
                                  "type": "BlockStmt",
                                  "name": "",
                                  "line": 34,
                                  "column": 42,
                                  "endLine": 38,
                                  "endColumn": 13,
                                  "children": [
                                    {
                                      "type": "IfStmt",
                                      "name": "if(!input)",
                                      "line": 35,
                                      "column": 17,
                                      "endLine": 37,
                                      "endColumn": 17,
                                      "attrs": {
                                        "condition": "!input"
                                      },
                                      "children": [
                                        {
                                          "type": "UnaryExpr",
                                          "name": "",
                                          "line": 35,
                                          "column": 21,
                                          "endLine": 35,
                                          "endColumn": 26,
                                          "children": [
                                            {
                                              "type": "NameExpr",
                                              "name": "input",
                                              "line": 35,
                                              "column": 22,
                                              "endLine": 35,
                                              "endColumn": 26,
                                              "children": [
                                                {
                                                  "type": "SimpleName",
                                                  "name": "",
                                                  "line": 35,
                                                  "column": 22,
                                                  "endLine": 35,
                                                  "endColumn": 26
                                                }
                                              ]
                                            }
                                          ]
                                        },
                                        {
                                          "type": "BlockStmt",
                                          "name": "",
                                          "line": 35,
                                          "column": 29,
                                          "endLine": 37,
                                          "endColumn": 17,
                                          "children": [
                                            {
                                              "type": "ReturnStmt",
                                              "name": "return",
                                              "line": 36,
                                              "column": 21,
                                              "endLine": 36,
                                              "endColumn": 33,
                                              "attrs": {
                                                "expr": "false"
                                              },
                                              "children": [
                                                {
                                                  "type": "BooleanLiteralExpr",
                                                  "name": "",
                                                  "line": 36,
                                                  "column": 28,
                                                  "endLine": 36,
                                                  "endColumn": 32
                                                }
                                              ]
                                            }
                                          ]
                                        }
                                      ]
                                    }
                                  ]
                                }
                              ]
                            },
                            {
                              "type": "ReturnStmt",
                              "name": "return",
                              "line": 39,
                              "column": 13,
                              "endLine": 39,
                              "endColumn": 24,
                              "attrs": {
                                "expr": "true"
                              },
                              "children": [
                                {
                                  "type": "BooleanLiteralExpr",
                                  "name": "",
                                  "line": 39,
                                  "column": 20,
                                  "endLine": 39,
                                  "endColumn": 23
                                }
                              ]
                            }
                          ]
                        }
                      ]
                    },
                    {
                      "type": "ClassOrInterfaceType",
                      "name": "BooleanGate",
                      "line": 31,
                      "column": 37,
                      "endLine": 31,
                      "endColumn": 47,
                      "children": [
                        {
                          "type": "SimpleName",
                          "name": "",
                          "line": 31,
                          "column": 37,
                          "endLine": 31,
                          "endColumn": 47
                        }
                      ]
                    }
                  ]
                },
                {
                  "type": "ClassOrInterfaceDeclaration",
                  "name": "ORGate",
                  "line": 47,
                  "column": 5,
                  "endLine": 57,
                  "endColumn": 5,
                  "value": "class",
                  "attrs": {
                    "modifiers": "[static ]",
                    "typeParams": "[]",
                    "extends": "[]",
                    "implements": "[BooleanGate]",
                    "annotations": "[]"
                  },
                  "children": [
                    {
                      "type": "Javadoc",
                      "name": "",
                      "line": 43,
                      "column": 5,
                      "endLine": 46,
                      "endColumn": 7,
                      "value": "\n     * OR Gate implementation.\n     * Returns true if at least one input is true; otherwise, false.\n     "
                    },
                    {
                      "type": "Modifier",
                      "name": "",
                      "line": 47,
                      "column": 5,
                      "endLine": 47,
                      "endColumn": 10
                    },
                    {
                      "type": "SimpleName",
                      "name": "",
                      "line": 47,
                      "column": 18,
                      "endLine": 47,
                      "endColumn": 23
                    },
                    {
                      "type": "MethodDeclaration",
                      "name": "evaluate",
                      "line": 48,
                      "column": 9,
                      "endLine": 56,
                      "endColumn": 9,
                      "value": "boolean",
                      "attrs": {
                        "modifiers": "[public ]",
                        "typeParams": "[]",
                        "throws": "[]",
                        "annotations": "[@Override]",
                        "type": "boolean",
                        "params": "[List<Boolean> inputs]"
                      },
                      "children": [
                        {
                          "type": "MarkerAnnotationExpr",
                          "name": "Override",
                          "line": 48,
                          "column": 9,
                          "endLine": 48,
                          "endColumn": 17,
                          "children": [
                            {
                              "type": "Name",
                              "name": "",
                              "line": 48,
                              "column": 10,
                              "endLine": 48,
                              "endColumn": 17
                            }
                          ]
                        },
                        {
                          "type": "Modifier",
                          "name": "",
                          "line": 49,
                          "column": 9,
                          "endLine": 49,
                          "endColumn": 14
                        },
                        {
                          "type": "SimpleName",
                          "name": "",
                          "line": 49,
                          "column": 24,
                          "endLine": 49,
                          "endColumn": 31
                        },
                        {
                          "type": "Parameter",
                          "name": "inputs",
                          "line": 49,
                          "column": 33,
                          "endLine": 49,
                          "endColumn": 52,
                          "attrs": {
                            "modifiers": "[]",
                            "type": "List<Boolean>",
                            "isVarArgs": "false",
                            "annotations": "[]"
                          },
                          "children": [
                            {
                              "type": "ClassOrInterfaceType",
                              "name": "List",
                              "line": 49,
                              "column": 33,
                              "endLine": 49,
                              "endColumn": 45,
                              "attrs": {
                                "typeArgs": "[Boolean]"
                              },
                              "children": [
                                {
                                  "type": "SimpleName",
                                  "name": "",
                                  "line": 49,
                                  "column": 33,
                                  "endLine": 49,
                                  "endColumn": 36
                                },
                                {
                                  "type": "ClassOrInterfaceType",
                                  "name": "Boolean",
                                  "line": 49,
                                  "column": 38,
                                  "endLine": 49,
                                  "endColumn": 44,
                                  "children": [
                                    {
                                      "type": "SimpleName",
                                      "name": "",
                                      "line": 49,
                                      "column": 38,
                                      "endLine": 49,
                                      "endColumn": 44
                                    }
                                  ]
                                }
                              ]
                            },
                            {
                              "type": "SimpleName",
                              "name": "",
                              "line": 49,
                              "column": 47,
                              "endLine": 49,
                              "endColumn": 52
                            }
                          ]
                        },
                        {
                          "type": "PrimitiveType",
                          "name": "",
                          "line": 49,
                          "column": 16,
                          "endLine": 49,
                          "endColumn": 22
                        },
                        {
                          "type": "BlockStmt",
                          "name": "",
                          "line": 49,
                          "column": 55,
                          "endLine": 56,
                          "endColumn": 9,
                          "children": [
                            {
                              "type": "ForEachStmt",
                              "name": "for-each(…)",
                              "line": 50,
                              "column": 13,
                              "endLine": 54,
                              "endColumn": 13,
                              "attrs": {
                                "var": "boolean input",
                                "iterable": "inputs"
                              },
                              "children": [
                                {
                                  "type": "VariableDeclarationExpr",
                                  "name": "",
                                  "line": 50,
                                  "column": 18,
                                  "endLine": 50,
                                  "endColumn": 30,
                                  "attrs": {
                                    "modifiers": "[]",
                                    "code": "boolean input"
                                  },
                                  "children": [
                                    {
                                      "type": "VariableDeclarator",
                                      "name": "input",
                                      "line": 50,
                                      "column": 26,
                                      "endLine": 50,
                                      "endColumn": 30,
                                      "value": "boolean",
                                      "attrs": {
                                        "type": "boolean"
                                      },
                                      "children": [
                                        {
                                          "type": "PrimitiveType",
                                          "name": "",
                                          "line": 50,
                                          "column": 18,
                                          "endLine": 50,
                                          "endColumn": 24
                                        },
                                        {
                                          "type": "SimpleName",
                                          "name": "",
                                          "line": 50,
                                          "column": 26,
                                          "endLine": 50,
                                          "endColumn": 30
                                        }
                                      ]
                                    }
                                  ]
                                },
                                {
                                  "type": "NameExpr",
                                  "name": "inputs",
                                  "line": 50,
                                  "column": 34,
                                  "endLine": 50,
                                  "endColumn": 39,
                                  "children": [
                                    {
                                      "type": "SimpleName",
                                      "name": "",
                                      "line": 50,
                                      "column": 34,
                                      "endLine": 50,
                                      "endColumn": 39
                                    }
                                  ]
                                },
                                {
                                  "type": "BlockStmt",
                                  "name": "",
                                  "line": 50,
                                  "column": 42,
                                  "endLine": 54,
                                  "endColumn": 13,
                                  "children": [
                                    {
                                      "type": "IfStmt",
                                      "name": "if(input)",
                                      "line": 51,
                                      "column": 17,
                                      "endLine": 53,
                                      "endColumn": 17,
                                      "attrs": {
                                        "condition": "input"
                                      },
                                      "children": [
                                        {
                                          "type": "NameExpr",
                                          "name": "input",
                                          "line": 51,
                                          "column": 21,
                                          "endLine": 51,
                                          "endColumn": 25,
                                          "children": [
                                            {
                                              "type": "SimpleName",
                                              "name": "",
                                              "line": 51,
                                              "column": 21,
                                              "endLine": 51,
                                              "endColumn": 25
                                            }
                                          ]
                                        },
                                        {
                                          "type": "BlockStmt",
                                          "name": "",
                                          "line": 51,
                                          "column": 28,
                                          "endLine": 53,
                                          "endColumn": 17,
                                          "children": [
                                            {
                                              "type": "ReturnStmt",
                                              "name": "return",
                                              "line": 52,
                                              "column": 21,
                                              "endLine": 52,
                                              "endColumn": 32,
                                              "attrs": {
                                                "expr": "true"
                                              },
                                              "children": [
                                                {
                                                  "type": "BooleanLiteralExpr",
                                                  "name": "",
                                                  "line": 52,
                                                  "column": 28,
                                                  "endLine": 52,
                                                  "endColumn": 31
                                                }
                                              ]
                                            }
                                          ]
                                        }
                                      ]
                                    }
                                  ]
                                }
                              ]
                            },
                            {
                              "type": "ReturnStmt",
                              "name": "return",
                              "line": 55,
                              "column": 13,
                              "endLine": 55,
                              "endColumn": 25,
                              "attrs": {
                                "expr": "false"
                              },
                              "children": [
                                {
                                  "type": "BooleanLiteralExpr",
                                  "name": "",
                                  "line": 55,
                                  "column": 20,
                                  "endLine": 55,
                                  "endColumn": 24
                                }
                              ]
                            }
                          ]
                        }
                      ]
                    },
                    {
                      "type": "ClassOrInterfaceType",
                      "name": "BooleanGate",
                      "line": 47,
                      "column": 36,
                      "endLine": 47,
                      "endColumn": 46,
                      "children": [
                        {
                          "type": "SimpleName",
                          "name": "",
                          "line": 47,
                          "column": 36,
                          "endLine": 47,
                          "endColumn": 46
                        }
                      ]
                    }
                  ]
                },
                {
                  "type": "ClassOrInterfaceDeclaration",
                  "name": "NOTGate",
                  "line": 63,
                  "column": 5,
                  "endLine": 73,
                  "endColumn": 5,
                  "value": "class",
                  "attrs": {
                    "modifiers": "[static ]",
                    "typeParams": "[]",
                    "extends": "[]",
                    "implements": "[]",
                    "annotations": "[]"
                  },
                  "children": [
                    {
                      "type": "Javadoc",
                      "name": "",
                      "line": 59,
                      "column": 5,
                      "endLine": 62,
                      "endColumn": 7,
                      "value": "\n     * NOT Gate implementation (Unary operation).\n     * Negates a single input value.\n     "
                    },
                    {
                      "type": "Modifier",
                      "name": "",
                      "line": 63,
                      "column": 5,
                      "endLine": 63,
                      "endColumn": 10
                    },
                    {
                      "type": "SimpleName",
                      "name": "",
                      "line": 63,
                      "column": 18,
                      "endLine": 63,
                      "endColumn": 24
                    },
                    {
                      "type": "MethodDeclaration",
                      "name": "evaluate",
                      "line": 70,
                      "column": 9,
                      "endLine": 72,
                      "endColumn": 9,
                      "value": "boolean",
                      "attrs": {
                        "modifiers": "[public ]",
                        "typeParams": "[]",
                        "throws": "[]",
                        "annotations": "[]",
                        "type": "boolean",
                        "params": "[boolean input]"
                      },
                      "children": [
                        {
                          "type": "Javadoc",
                          "name": "",
                          "line": 64,
                          "column": 9,
                          "endLine": 69,
                          "endColumn": 11,
                          "value": "\n         * Evaluates the negation of the input.\n         *\n         * @param input The input value to be negated.\n         * @return The negated value.\n         "
                        },
                        {
                          "type": "Modifier",
                          "name": "",
                          "line": 70,
                          "column": 9,
                          "endLine": 70,
                          "endColumn": 14
                        },
                        {
                          "type": "SimpleName",
                          "name": "",
                          "line": 70,
                          "column": 24,
                          "endLine": 70,
                          "endColumn": 31
                        },
                        {
                          "type": "Parameter",
                          "name": "input",
                          "line": 70,
                          "column": 33,
                          "endLine": 70,
                          "endColumn": 45,
                          "attrs": {
                            "modifiers": "[]",
                            "type": "boolean",
                            "isVarArgs": "false",
                            "annotations": "[]"
                          },
                          "children": [
                            {
                              "type": "PrimitiveType",
                              "name": "",
                              "line": 70,
                              "column": 33,
                              "endLine": 70,
                              "endColumn": 39
                            },
                            {
                              "type": "SimpleName",
                              "name": "",
                              "line": 70,
                              "column": 41,
                              "endLine": 70,
                              "endColumn": 45
                            }
                          ]
                        },
                        {
                          "type": "PrimitiveType",
                          "name": "",
                          "line": 70,
                          "column": 16,
                          "endLine": 70,
                          "endColumn": 22
                        },
                        {
                          "type": "BlockStmt",
                          "name": "",
                          "line": 70,
                          "column": 48,
                          "endLine": 72,
                          "endColumn": 9,
                          "children": [
                            {
                              "type": "ReturnStmt",
                              "name": "return",
                              "line": 71,
                              "column": 13,
                              "endLine": 71,
                              "endColumn": 26,
                              "attrs": {
                                "expr": "!input"
                              },
                              "children": [
                                {
                                  "type": "UnaryExpr",
                                  "name": "",
                                  "line": 71,
                                  "column": 20,
                                  "endLine": 71,
                                  "endColumn": 25,
                                  "children": [
                                    {
                                      "type": "NameExpr",
                                      "name": "input",
                                      "line": 71,
                                      "column": 21,
                                      "endLine": 71,
                                      "endColumn": 25,
                                      "children": [
                                        {
                                          "type": "SimpleName",
                                          "name": "",
                                          "line": 71,
                                          "column": 21,
                                          "endLine": 71,
                                          "endColumn": 25
                                        }
                                      ]
                                    }
                                  ]
                                }
                              ]
                            }
                          ]
                        }
                      ]
                    }
                  ]
                },
                {
                  "type": "ClassOrInterfaceDeclaration",
                  "name": "XORGate",
                  "line": 79,
                  "column": 5,
                  "endLine": 88,
                  "endColumn": 5,
                  "value": "class",
                  "attrs": {
                    "modifiers": "[static ]",
                    "typeParams": "[]",
                    "extends": "[]",
                    "implements": "[BooleanGate]",
                    "annotations": "[]"
                  },
                  "children": [
                    {
                      "type": "Javadoc",
                      "name": "",
                      "line": 75,
                      "column": 5,
                      "endLine": 78,
                      "endColumn": 7,
                      "value": "\n     * XOR Gate implementation.\n     * Returns true if an odd number of inputs are true; otherwise, false.\n     "
                    },
                    {
                      "type": "Modifier",
                      "name": "",
                      "line": 79,
                      "column": 5,
                      "endLine": 79,
                      "endColumn": 10
                    },
                    {
                      "type": "SimpleName",
                      "name": "",
                      "line": 79,
                      "column": 18,
                      "endLine": 79,
                      "endColumn": 24
                    },
                    {
                      "type": "MethodDeclaration",
                      "name": "evaluate",
                      "line": 80,
                      "column": 9,
                      "endLine": 87,
                      "endColumn": 9,
                      "value": "boolean",
                      "attrs": {
                        "modifiers": "[public ]",
                        "typeParams": "[]",
                        "throws": "[]",
                        "annotations": "[@Override]",
                        "type": "boolean",
                        "params": "[List<Boolean> inputs]"
                      },
                      "children": [
                        {
                          "type": "MarkerAnnotationExpr",
                          "name": "Override",
                          "line": 80,
                          "column": 9,
                          "endLine": 80,
                          "endColumn": 17,
                          "children": [
                            {
                              "type": "Name",
                              "name": "",
                              "line": 80,
                              "column": 10,
                              "endLine": 80,
                              "endColumn": 17
                            }
                          ]
                        },
                        {
                          "type": "Modifier",
                          "name": "",
                          "line": 81,
                          "column": 9,
                          "endLine": 81,
                          "endColumn": 14
                        },
                        {
                          "type": "SimpleName",
                          "name": "",
                          "line": 81,
                          "column": 24,
                          "endLine": 81,
                          "endColumn": 31
                        },
                        {
                          "type": "Parameter",
                          "name": "inputs",
                          "line": 81,
                          "column": 33,
                          "endLine": 81,
                          "endColumn": 52,
                          "attrs": {
                            "modifiers": "[]",
                            "type": "List<Boolean>",
                            "isVarArgs": "false",
                            "annotations": "[]"
                          },
                          "children": [
                            {
                              "type": "ClassOrInterfaceType",
                              "name": "List",
                              "line": 81,
                              "column": 33,
                              "endLine": 81,
                              "endColumn": 45,
                              "attrs": {
                                "typeArgs": "[Boolean]"
                              },
                              "children": [
                                {
                                  "type": "SimpleName",
                                  "name": "",
                                  "line": 81,
                                  "column": 33,
                                  "endLine": 81,
                                  "endColumn": 36
                                },
                                {
                                  "type": "ClassOrInterfaceType",
                                  "name": "Boolean",
                                  "line": 81,
                                  "column": 38,
                                  "endLine": 81,
                                  "endColumn": 44,
                                  "children": [
                                    {
                                      "type": "SimpleName",
                                      "name": "",
                                      "line": 81,
                                      "column": 38,
                                      "endLine": 81,
                                      "endColumn": 44
                                    }
                                  ]
                                }
                              ]
                            },
                            {
                              "type": "SimpleName",
                              "name": "",
                              "line": 81,
                              "column": 47,
                              "endLine": 81,
                              "endColumn": 52
                            }
                          ]
                        },
                        {
                          "type": "PrimitiveType",
                          "name": "",
                          "line": 81,
                          "column": 16,
                          "endLine": 81,
                          "endColumn": 22
                        },
                        {
                          "type": "BlockStmt",
                          "name": "",
                          "line": 81,
                          "column": 55,
                          "endLine": 87,
                          "endColumn": 9,
                          "children": [
                            {
                              "type": "ExpressionStmt",
                              "name": "",
                              "line": 82,
                              "column": 13,
                              "endLine": 82,
                              "endColumn": 35,
                              "attrs": {
                                "code": "boolean result = false"
                              },
                              "children": [
                                {
                                  "type": "VariableDeclarationExpr",
                                  "name": "",
                                  "line": 82,
                                  "column": 13,
                                  "endLine": 82,
                                  "endColumn": 34,
                                  "attrs": {
                                    "modifiers": "[]",
                                    "code": "boolean result = false"
                                  },
                                  "children": [
                                    {
                                      "type": "VariableDeclarator",
                                      "name": "result",
                                      "line": 82,
                                      "column": 21,
                                      "endLine": 82,
                                      "endColumn": 34,
                                      "value": "boolean",
                                      "attrs": {
                                        "initializer": "false",
                                        "type": "boolean"
                                      },
                                      "children": [
                                        {
                                          "type": "PrimitiveType",
                                          "name": "",
                                          "line": 82,
                                          "column": 13,
                                          "endLine": 82,
                                          "endColumn": 19
                                        },
                                        {
                                          "type": "SimpleName",
                                          "name": "",
                                          "line": 82,
                                          "column": 21,
                                          "endLine": 82,
                                          "endColumn": 26
                                        },
                                        {
                                          "type": "BooleanLiteralExpr",
                                          "name": "",
                                          "line": 82,
                                          "column": 30,
                                          "endLine": 82,
                                          "endColumn": 34
                                        }
                                      ]
                                    }
                                  ]
                                }
                              ]
                            },
                            {
                              "type": "ForEachStmt",
                              "name": "for-each(…)",
                              "line": 83,
                              "column": 13,
                              "endLine": 85,
                              "endColumn": 13,
                              "attrs": {
                                "var": "boolean input",
                                "iterable": "inputs"
                              },
                              "children": [
                                {
                                  "type": "VariableDeclarationExpr",
                                  "name": "",
                                  "line": 83,
                                  "column": 18,
                                  "endLine": 83,
                                  "endColumn": 30,
                                  "attrs": {
                                    "modifiers": "[]",
                                    "code": "boolean input"
                                  },
                                  "children": [
                                    {
                                      "type": "VariableDeclarator",
                                      "name": "input",
                                      "line": 83,
                                      "column": 26,
                                      "endLine": 83,
                                      "endColumn": 30,
                                      "value": "boolean",
                                      "attrs": {
                                        "type": "boolean"
                                      },
                                      "children": [
                                        {
                                          "type": "PrimitiveType",
                                          "name": "",
                                          "line": 83,
                                          "column": 18,
                                          "endLine": 83,
                                          "endColumn": 24
                                        },
                                        {
                                          "type": "SimpleName",
                                          "name": "",
                                          "line": 83,
                                          "column": 26,
                                          "endLine": 83,
                                          "endColumn": 30
                                        }
                                      ]
                                    }
                                  ]
                                },
                                {
                                  "type": "NameExpr",
                                  "name": "inputs",
                                  "line": 83,
                                  "column": 34,
                                  "endLine": 83,
                                  "endColumn": 39,
                                  "children": [
                                    {
                                      "type": "SimpleName",
                                      "name": "",
                                      "line": 83,
                                      "column": 34,
                                      "endLine": 83,
                                      "endColumn": 39
                                    }
                                  ]
                                },
                                {
                                  "type": "BlockStmt",
                                  "name": "",
                                  "line": 83,
                                  "column": 42,
                                  "endLine": 85,
                                  "endColumn": 13,
                                  "children": [
                                    {
                                      "type": "ExpressionStmt",
                                      "name": "",
                                      "line": 84,
                                      "column": 17,
                                      "endLine": 84,
                                      "endColumn": 32,
                                      "attrs": {
                                        "code": "result ^= input"
                                      },
                                      "children": [
                                        {
                                          "type": "AssignExpr",
                                          "name": "",
                                          "line": 84,
                                          "column": 17,
                                          "endLine": 84,
                                          "endColumn": 31,
                                          "attrs": {
                                            "code": "result ^= input"
                                          },
                                          "children": [
                                            {
                                              "type": "NameExpr",
                                              "name": "result",
                                              "line": 84,
                                              "column": 17,
                                              "endLine": 84,
                                              "endColumn": 22,
                                              "children": [
                                                {
                                                  "type": "SimpleName",
                                                  "name": "",
                                                  "line": 84,
                                                  "column": 17,
                                                  "endLine": 84,
                                                  "endColumn": 22
                                                }
                                              ]
                                            },
                                            {
                                              "type": "NameExpr",
                                              "name": "input",
                                              "line": 84,
                                              "column": 27,
                                              "endLine": 84,
                                              "endColumn": 31,
                                              "children": [
                                                {
                                                  "type": "SimpleName",
                                                  "name": "",
                                                  "line": 84,
                                                  "column": 27,
                                                  "endLine": 84,
                                                  "endColumn": 31
                                                }
                                              ]
                                            }
                                          ]
                                        }
                                      ]
                                    }
                                  ]
                                }
                              ]
                            },
                            {
                              "type": "ReturnStmt",
                              "name": "return",
                              "line": 86,
                              "column": 13,
                              "endLine": 86,
                              "endColumn": 26,
                              "attrs": {
                                "expr": "result"
                              },
                              "children": [
                                {
                                  "type": "NameExpr",
                                  "name": "result",
                                  "line": 86,
                                  "column": 20,
                                  "endLine": 86,
                                  "endColumn": 25,
                                  "children": [
                                    {
                                      "type": "SimpleName",
                                      "name": "",
                                      "line": 86,
                                      "column": 20,
                                      "endLine": 86,
                                      "endColumn": 25
                                    }
                                  ]
                                }
                              ]
                            }
                          ]
                        }
                      ]
                    },
                    {
                      "type": "ClassOrInterfaceType",
                      "name": "BooleanGate",
                      "line": 79,
                      "column": 37,
                      "endLine": 79,
                      "endColumn": 47,
                      "children": [
                        {
                          "type": "SimpleName",
                          "name": "",
                          "line": 79,
                          "column": 37,
                          "endLine": 79,
                          "endColumn": 47
                        }
                      ]
                    }
                  ]
                },
                {
                  "type": "ClassOrInterfaceDeclaration",
                  "name": "NANDGate",
                  "line": 94,
                  "column": 5,
                  "endLine": 99,
                  "endColumn": 5,
                  "value": "class",
                  "attrs": {
                    "modifiers": "[static ]",
                    "typeParams": "[]",
                    "extends": "[]",
                    "implements": "[BooleanGate]",
                    "annotations": "[]"
                  },
                  "children": [
                    {
                      "type": "Javadoc",
                      "name": "",
                      "line": 90,
                      "column": 5,
                      "endLine": 93,
                      "endColumn": 7,
                      "value": "\n     * NAND Gate implementation.\n     * Returns true if at least one input is false; otherwise, false.\n     "
                    },
                    {
                      "type": "Modifier",
                      "name": "",
                      "line": 94,
                      "column": 5,
                      "endLine": 94,
                      "endColumn": 10
                    },
                    {
                      "type": "SimpleName",
                      "name": "",
                      "line": 94,
                      "column": 18,
                      "endLine": 94,
                      "endColumn": 25
                    },
                    {
                      "type": "MethodDeclaration",
                      "name": "evaluate",
                      "line": 95,
                      "column": 9,
                      "endLine": 98,
                      "endColumn": 9,
                      "value": "boolean",
                      "attrs": {
                        "modifiers": "[public ]",
                        "typeParams": "[]",
                        "throws": "[]",
                        "annotations": "[@Override]",
                        "type": "boolean",
                        "params": "[List<Boolean> inputs]"
                      },
                      "children": [
                        {
                          "type": "MarkerAnnotationExpr",
                          "name": "Override",
                          "line": 95,
                          "column": 9,
                          "endLine": 95,
                          "endColumn": 17,
                          "children": [
                            {
                              "type": "Name",
                              "name": "",
                              "line": 95,
                              "column": 10,
                              "endLine": 95,
                              "endColumn": 17
                            }
                          ]
                        },
                        {
                          "type": "Modifier",
                          "name": "",
                          "line": 96,
                          "column": 9,
                          "endLine": 96,
                          "endColumn": 14
                        },
                        {
                          "type": "SimpleName",
                          "name": "",
                          "line": 96,
                          "column": 24,
                          "endLine": 96,
                          "endColumn": 31
                        },
                        {
                          "type": "Parameter",
                          "name": "inputs",
                          "line": 96,
                          "column": 33,
                          "endLine": 96,
                          "endColumn": 52,
                          "attrs": {
                            "modifiers": "[]",
                            "type": "List<Boolean>",
                            "isVarArgs": "false",
                            "annotations": "[]"
                          },
                          "children": [
                            {
                              "type": "ClassOrInterfaceType",
                              "name": "List",
                              "line": 96,
                              "column": 33,
                              "endLine": 96,
                              "endColumn": 45,
                              "attrs": {
                                "typeArgs": "[Boolean]"
                              },
                              "children": [
                                {
                                  "type": "SimpleName",
                                  "name": "",
                                  "line": 96,
                                  "column": 33,
                                  "endLine": 96,
                                  "endColumn": 36
                                },
                                {
                                  "type": "ClassOrInterfaceType",
                                  "name": "Boolean",
                                  "line": 96,
                                  "column": 38,
                                  "endLine": 96,
                                  "endColumn": 44,
                                  "children": [
                                    {
                                      "type": "SimpleName",
                                      "name": "",
                                      "line": 96,
                                      "column": 38,
                                      "endLine": 96,
                                      "endColumn": 44
                                    }
                                  ]
                                }
                              ]
                            },
                            {
                              "type": "SimpleName",
                              "name": "",
                              "line": 96,
                              "column": 47,
                              "endLine": 96,
                              "endColumn": 52
                            }
                          ]
                        },
                        {
                          "type": "PrimitiveType",
                          "name": "",
                          "line": 96,
                          "column": 16,
                          "endLine": 96,
                          "endColumn": 22
                        },
                        {
                          "type": "BlockStmt",
                          "name": "",
                          "line": 96,
                          "column": 55,
                          "endLine": 98,
                          "endColumn": 9,
                          "children": [
                            {
                              "type": "ReturnStmt",
                              "name": "return",
                              "line": 97,
                              "column": 13,
                              "endLine": 97,
                              "endColumn": 51,
                              "attrs": {
                                "expr": "!new ANDGate().evaluate(inputs)"
                              },
                              "children": [
                                {
                                  "type": "LineComment",
                                  "name": "",
                                  "line": 97,
                                  "column": 53,
                                  "endLine": 97,
                                  "endColumn": 84,
                                  "value": " Equivalent to negation of AND"
                                },
                                {
                                  "type": "UnaryExpr",
                                  "name": "",
                                  "line": 97,
                                  "column": 20,
                                  "endLine": 97,
                                  "endColumn": 50,
                                  "children": [
                                    {
                                      "type": "MethodCallExpr",
                                      "name": "evaluate",
                                      "line": 97,
                                      "column": 21,
                                      "endLine": 97,
                                      "endColumn": 50,
                                      "attrs": {
                                        "args": "[inputs]",
                                        "code": "new ANDGate().evaluate(inputs)"
                                      },
                                      "children": [
                                        {
                                          "type": "ObjectCreationExpr",
                                          "name": "new ANDGate",
                                          "line": 97,
                                          "column": 21,
                                          "endLine": 97,
                                          "endColumn": 33,
                                          "attrs": {
                                            "type": "ANDGate",
                                            "hasAnonymousClassBody": "false",
                                            "args": "[]"
                                          },
                                          "children": [
                                            {
                                              "type": "ClassOrInterfaceType",
                                              "name": "ANDGate",
                                              "line": 97,
                                              "column": 25,
                                              "endLine": 97,
                                              "endColumn": 31,
                                              "children": [
                                                {
                                                  "type": "SimpleName",
                                                  "name": "",
                                                  "line": 97,
                                                  "column": 25,
                                                  "endLine": 97,
                                                  "endColumn": 31
                                                }
                                              ]
                                            }
                                          ]
                                        },
                                        {
                                          "type": "SimpleName",
                                          "name": "",
                                          "line": 97,
                                          "column": 35,
                                          "endLine": 97,
                                          "endColumn": 42
                                        },
                                        {
                                          "type": "NameExpr",
                                          "name": "inputs",
                                          "line": 97,
                                          "column": 44,
                                          "endLine": 97,
                                          "endColumn": 49,
                                          "children": [
                                            {
                                              "type": "SimpleName",
                                              "name": "",
                                              "line": 97,
                                              "column": 44,
                                              "endLine": 97,
                                              "endColumn": 49
                                            }
                                          ]
                                        }
                                      ]
                                    }
                                  ]
                                }
                              ]
                            }
                          ]
                        }
                      ]
                    },
                    {
                      "type": "ClassOrInterfaceType",
                      "name": "BooleanGate",
                      "line": 94,
                      "column": 38,
                      "endLine": 94,
                      "endColumn": 48,
                      "children": [
                        {
                          "type": "SimpleName",
                          "name": "",
                          "line": 94,
                          "column": 38,
                          "endLine": 94,
                          "endColumn": 48
                        }
                      ]
                    }
                  ]
                },
                {
                  "type": "ClassOrInterfaceDeclaration",
                  "name": "NORGate",
                  "line": 105,
                  "column": 5,
                  "endLine": 110,
                  "endColumn": 5,
                  "value": "class",
                  "attrs": {
                    "modifiers": "[static ]",
                    "typeParams": "[]",
                    "extends": "[]",
                    "implements": "[BooleanGate]",
                    "annotations": "[]"
                  },
                  "children": [
                    {
                      "type": "Javadoc",
                      "name": "",
                      "line": 101,
                      "column": 5,
                      "endLine": 104,
                      "endColumn": 7,
                      "value": "\n     * NOR Gate implementation.\n     * Returns true if all inputs are false; otherwise, false.\n     "
                    },
                    {
                      "type": "Modifier",
                      "name": "",
                      "line": 105,
                      "column": 5,
                      "endLine": 105,
                      "endColumn": 10
                    },
                    {
                      "type": "SimpleName",
                      "name": "",
                      "line": 105,
                      "column": 18,
                      "endLine": 105,
                      "endColumn": 24
                    },
                    {
                      "type": "MethodDeclaration",
                      "name": "evaluate",
                      "line": 106,
                      "column": 9,
                      "endLine": 109,
                      "endColumn": 9,
                      "value": "boolean",
                      "attrs": {
                        "modifiers": "[public ]",
                        "typeParams": "[]",
                        "throws": "[]",
                        "annotations": "[@Override]",
                        "type": "boolean",
                        "params": "[List<Boolean> inputs]"
                      },
                      "children": [
                        {
                          "type": "MarkerAnnotationExpr",
                          "name": "Override",
                          "line": 106,
                          "column": 9,
                          "endLine": 106,
                          "endColumn": 17,
                          "children": [
                            {
                              "type": "Name",
                              "name": "",
                              "line": 106,
                              "column": 10,
                              "endLine": 106,
                              "endColumn": 17
                            }
                          ]
                        },
                        {
                          "type": "Modifier",
                          "name": "",
                          "line": 107,
                          "column": 9,
                          "endLine": 107,
                          "endColumn": 14
                        },
                        {
                          "type": "SimpleName",
                          "name": "",
                          "line": 107,
                          "column": 24,
                          "endLine": 107,
                          "endColumn": 31
                        },
                        {
                          "type": "Parameter",
                          "name": "inputs",
                          "line": 107,
                          "column": 33,
                          "endLine": 107,
                          "endColumn": 52,
                          "attrs": {
                            "modifiers": "[]",
                            "type": "List<Boolean>",
                            "isVarArgs": "false",
                            "annotations": "[]"
                          },
                          "children": [
                            {
                              "type": "ClassOrInterfaceType",
                              "name": "List",
                              "line": 107,
                              "column": 33,
                              "endLine": 107,
                              "endColumn": 45,
                              "attrs": {
                                "typeArgs": "[Boolean]"
                              },
                              "children": [
                                {
                                  "type": "SimpleName",
                                  "name": "",
                                  "line": 107,
                                  "column": 33,
                                  "endLine": 107,
                                  "endColumn": 36
                                },
                                {
                                  "type": "ClassOrInterfaceType",
                                  "name": "Boolean",
                                  "line": 107,
                                  "column": 38,
                                  "endLine": 107,
                                  "endColumn": 44,
                                  "children": [
                                    {
                                      "type": "SimpleName",
                                      "name": "",
                                      "line": 107,
                                      "column": 38,
                                      "endLine": 107,
                                      "endColumn": 44
                                    }
                                  ]
                                }
                              ]
                            },
                            {
                              "type": "SimpleName",
                              "name": "",
                              "line": 107,
                              "column": 47,
                              "endLine": 107,
                              "endColumn": 52
                            }
                          ]
                        },
                        {
                          "type": "PrimitiveType",
                          "name": "",
                          "line": 107,
                          "column": 16,
                          "endLine": 107,
                          "endColumn": 22
                        },
                        {
                          "type": "BlockStmt",
                          "name": "",
                          "line": 107,
                          "column": 55,
                          "endLine": 109,
                          "endColumn": 9,
                          "children": [
                            {
                              "type": "ReturnStmt",
                              "name": "return",
                              "line": 108,
                              "column": 13,
                              "endLine": 108,
                              "endColumn": 50,
                              "attrs": {
                                "expr": "!new ORGate().evaluate(inputs)"
                              },
                              "children": [
                                {
                                  "type": "LineComment",
                                  "name": "",
                                  "line": 108,
                                  "column": 52,
                                  "endLine": 108,
                                  "endColumn": 82,
                                  "value": " Equivalent to negation of OR"
                                },
                                {
                                  "type": "UnaryExpr",
                                  "name": "",
                                  "line": 108,
                                  "column": 20,
                                  "endLine": 108,
                                  "endColumn": 49,
                                  "children": [
                                    {
                                      "type": "MethodCallExpr",
                                      "name": "evaluate",
                                      "line": 108,
                                      "column": 21,
                                      "endLine": 108,
                                      "endColumn": 49,
                                      "attrs": {
                                        "args": "[inputs]",
                                        "code": "new ORGate().evaluate(inputs)"
                                      },
                                      "children": [
                                        {
                                          "type": "ObjectCreationExpr",
                                          "name": "new ORGate",
                                          "line": 108,
                                          "column": 21,
                                          "endLine": 108,
                                          "endColumn": 32,
                                          "attrs": {
                                            "type": "ORGate",
                                            "hasAnonymousClassBody": "false",
                                            "args": "[]"
                                          },
                                          "children": [
                                            {
                                              "type": "ClassOrInterfaceType",
                                              "name": "ORGate",
                                              "line": 108,
                                              "column": 25,
                                              "endLine": 108,
                                              "endColumn": 30,
                                              "children": [
                                                {
                                                  "type": "SimpleName",
                                                  "name": "",
                                                  "line": 108,
                                                  "column": 25,
                                                  "endLine": 108,
                                                  "endColumn": 30
                                                }
                                              ]
                                            }
                                          ]
                                        },
                                        {
                                          "type": "SimpleName",
                                          "name": "",
                                          "line": 108,
                                          "column": 34,
                                          "endLine": 108,
                                          "endColumn": 41
                                        },
                                        {
                                          "type": "NameExpr",
                                          "name": "inputs",
                                          "line": 108,
                                          "column": 43,
                                          "endLine": 108,
                                          "endColumn": 48,
                                          "children": [
                                            {
                                              "type": "SimpleName",
                                              "name": "",
                                              "line": 108,
                                              "column": 43,
                                              "endLine": 108,
                                              "endColumn": 48
                                            }
                                          ]
                                        }
                                      ]
                                    }
                                  ]
                                }
                              ]
                            }
                          ]
                        }
                      ]
                    },
                    {
                      "type": "ClassOrInterfaceType",
                      "name": "BooleanGate",
                      "line": 105,
                      "column": 37,
                      "endLine": 105,
                      "endColumn": 47,
                      "children": [
                        {
                          "type": "SimpleName",
                          "name": "",
                          "line": 105,
                          "column": 37,
                          "endLine": 105,
                          "endColumn": 47
                        }
                      ]
                    }
                  ]
                }
              ]
            }
          ]
        }
      ]
    }
  ]
}