{
  "type": "Project",
  "name": "Project",
  "children": [
    {
      "type": "File",
      "name": "BcdConversion.java",
      "value": "D:\\py-java-transform\\java to py\\java-to-python_user\\java-to-python-main\\java to python-result\\158\\BcdConversion.java",
      "children": [
        {
          "type": "CompilationUnit",
          "name": "",
          "line": 1,
          "column": 1,
          "endLine": 82,
          "endColumn": 2,
          "children": [
            {
              "type": "PackageDeclaration",
              "name": "com.thealgorithms.bitmanipulation",
              "line": 1,
              "column": 1,
              "endLine": 1,
              "endColumn": 42,
              "attrs": {
                "name": "com.thealgorithms.bitmanipulation"
              },
              "children": [
                {
                  "type": "Name",
                  "name": "",
                  "line": 1,
                  "column": 9,
                  "endLine": 1,
                  "endColumn": 41,
                  "children": [
                    {
                      "type": "Name",
                      "name": "",
                      "line": 1,
                      "column": 9,
                      "endLine": 1,
                      "endColumn": 25,
                      "children": [
                        {
                          "type": "Name",
                          "name": "",
                          "line": 1,
                          "column": 9,
                          "endLine": 1,
                          "endColumn": 11
                        }
                      ]
                    }
                  ]
                }
              ]
            },
            {
              "type": "ClassOrInterfaceDeclaration",
              "name": "BcdConversion",
              "line": 20,
              "column": 1,
              "endLine": 82,
              "endColumn": 1,
              "value": "class",
              "attrs": {
                "modifiers": "[public , final ]",
                "typeParams": "[]",
                "extends": "[]",
                "implements": "[]",
                "annotations": "[]"
              },
              "children": [
                {
                  "type": "Javadoc",
                  "name": "",
                  "line": 3,
                  "column": 1,
                  "endLine": 19,
                  "endColumn": 3,
                  "value": "\n * This class provides methods to convert between BCD (Binary-Coded Decimal) and decimal numbers.\n *\n * BCD is a class of binary encodings of decimal numbers where each decimal digit is represented by a fixed number of binary digits, usually four or eight.\n *\n * For more information, refer to the\n * <a href=\"https://en.wikipedia.org/wiki/Binary-coded_decimal\">Binary-Coded Decimal</a> Wikipedia page.\n *\n * <b>Example usage:</b>\n * <pre>\n * int decimal = BcdConversion.bcdToDecimal(0x1234);\n * System.out.println(\"BCD 0x1234 to decimal: \" + decimal); // Output: 1234\n *\n * int bcd = BcdConversion.decimalToBcd(1234);\n * System.out.println(\"Decimal 1234 to BCD: \" + Integer.toHexString(bcd)); // Output: 0x1234\n * </pre>\n "
                },
                {
                  "type": "Modifier",
                  "name": "",
                  "line": 20,
                  "column": 1,
                  "endLine": 20,
                  "endColumn": 6
                },
                {
                  "type": "Modifier",
                  "name": "",
                  "line": 20,
                  "column": 8,
                  "endLine": 20,
                  "endColumn": 12
                },
                {
                  "type": "SimpleName",
                  "name": "",
                  "line": 20,
                  "column": 20,
                  "endLine": 20,
                  "endColumn": 32
                },
                {
                  "type": "ConstructorDeclaration",
                  "name": "BcdConversion",
                  "line": 21,
                  "column": 5,
                  "endLine": 22,
                  "endColumn": 5,
                  "attrs": {
                    "modifiers": "[private ]",
                    "throws": "[]",
                    "annotations": "[]",
                    "params": "[]"
                  },
                  "children": [
                    {
                      "type": "Modifier",
                      "name": "",
                      "line": 21,
                      "column": 5,
                      "endLine": 21,
                      "endColumn": 11
                    },
                    {
                      "type": "SimpleName",
                      "name": "",
                      "line": 21,
                      "column": 13,
                      "endLine": 21,
                      "endColumn": 25
                    },
                    {
                      "type": "BlockStmt",
                      "name": "",
                      "line": 21,
                      "column": 29,
                      "endLine": 22,
                      "endColumn": 5
                    }
                  ]
                },
                {
                  "type": "MethodDeclaration",
                  "name": "bcdToDecimal",
                  "line": 37,
                  "column": 5,
                  "endLine": 52,
                  "endColumn": 5,
                  "value": "int",
                  "attrs": {
                    "modifiers": "[public , static ]",
                    "typeParams": "[]",
                    "throws": "[]",
                    "annotations": "[]",
                    "type": "int",
                    "params": "[int bcd]"
                  },
                  "children": [
                    {
                      "type": "Javadoc",
                      "name": "",
                      "line": 24,
                      "column": 5,
                      "endLine": 36,
                      "endColumn": 7,
                      "value": "\n     * Converts a BCD (Binary-Coded Decimal) number to a decimal number.\n     * <p>Steps:\n     * <p>1. Validate the BCD number to ensure all digits are between 0 and 9.\n     * <p>2. Extract the last 4 bits (one BCD digit) from the BCD number.\n     * <p>3. Multiply the extracted digit by the corresponding power of 10 and add it to the decimal number.\n     * <p>4. Shift the BCD number right by 4 bits to process the next BCD digit.\n     * <p>5. Repeat steps 1-4 until the BCD number is zero.\n     *\n     * @param bcd The BCD number.\n     * @return The corresponding decimal number.\n     * @throws IllegalArgumentException if the BCD number contains invalid digits.\n     "
                    },
                    {
                      "type": "Modifier",
                      "name": "",
                      "line": 37,
                      "column": 5,
                      "endLine": 37,
                      "endColumn": 10
                    },
                    {
                      "type": "Modifier",
                      "name": "",
                      "line": 37,
                      "column": 12,
                      "endLine": 37,
                      "endColumn": 17
                    },
                    {
                      "type": "SimpleName",
                      "name": "",
                      "line": 37,
                      "column": 23,
                      "endLine": 37,
                      "endColumn": 34
                    },
                    {
                      "type": "Parameter",
                      "name": "bcd",
                      "line": 37,
                      "column": 36,
                      "endLine": 37,
                      "endColumn": 42,
                      "attrs": {
                        "modifiers": "[]",
                        "type": "int",
                        "isVarArgs": "false",
                        "annotations": "[]"
                      },
                      "children": [
                        {
                          "type": "PrimitiveType",
                          "name": "",
                          "line": 37,
                          "column": 36,
                          "endLine": 37,
                          "endColumn": 38
                        },
                        {
                          "type": "SimpleName",
                          "name": "",
                          "line": 37,
                          "column": 40,
                          "endLine": 37,
                          "endColumn": 42
                        }
                      ]
                    },
                    {
                      "type": "PrimitiveType",
                      "name": "",
                      "line": 37,
                      "column": 19,
                      "endLine": 37,
                      "endColumn": 21
                    },
                    {
                      "type": "BlockStmt",
                      "name": "",
                      "line": 37,
                      "column": 45,
                      "endLine": 52,
                      "endColumn": 5,
                      "children": [
                        {
                          "type": "ExpressionStmt",
                          "name": "",
                          "line": 38,
                          "column": 9,
                          "endLine": 38,
                          "endColumn": 24,
                          "attrs": {
                            "code": "int decimal = 0"
                          },
                          "children": [
                            {
                              "type": "VariableDeclarationExpr",
                              "name": "",
                              "line": 38,
                              "column": 9,
                              "endLine": 38,
                              "endColumn": 23,
                              "attrs": {
                                "modifiers": "[]",
                                "code": "int decimal = 0"
                              },
                              "children": [
                                {
                                  "type": "VariableDeclarator",
                                  "name": "decimal",
                                  "line": 38,
                                  "column": 13,
                                  "endLine": 38,
                                  "endColumn": 23,
                                  "value": "int",
                                  "attrs": {
                                    "initializer": "0",
                                    "type": "int"
                                  },
                                  "children": [
                                    {
                                      "type": "PrimitiveType",
                                      "name": "",
                                      "line": 38,
                                      "column": 9,
                                      "endLine": 38,
                                      "endColumn": 11
                                    },
                                    {
                                      "type": "SimpleName",
                                      "name": "",
                                      "line": 38,
                                      "column": 13,
                                      "endLine": 38,
                                      "endColumn": 19
                                    },
                                    {
                                      "type": "IntegerLiteralExpr",
                                      "name": "",
                                      "line": 38,
                                      "column": 23,
                                      "endLine": 38,
                                      "endColumn": 23
                                    }
                                  ]
                                }
                              ]
                            }
                          ]
                        },
                        {
                          "type": "ExpressionStmt",
                          "name": "",
                          "line": 39,
                          "column": 9,
                          "endLine": 39,
                          "endColumn": 27,
                          "attrs": {
                            "code": "int multiplier = 1"
                          },
                          "children": [
                            {
                              "type": "VariableDeclarationExpr",
                              "name": "",
                              "line": 39,
                              "column": 9,
                              "endLine": 39,
                              "endColumn": 26,
                              "attrs": {
                                "modifiers": "[]",
                                "code": "int multiplier = 1"
                              },
                              "children": [
                                {
                                  "type": "VariableDeclarator",
                                  "name": "multiplier",
                                  "line": 39,
                                  "column": 13,
                                  "endLine": 39,
                                  "endColumn": 26,
                                  "value": "int",
                                  "attrs": {
                                    "initializer": "1",
                                    "type": "int"
                                  },
                                  "children": [
                                    {
                                      "type": "PrimitiveType",
                                      "name": "",
                                      "line": 39,
                                      "column": 9,
                                      "endLine": 39,
                                      "endColumn": 11
                                    },
                                    {
                                      "type": "SimpleName",
                                      "name": "",
                                      "line": 39,
                                      "column": 13,
                                      "endLine": 39,
                                      "endColumn": 22
                                    },
                                    {
                                      "type": "IntegerLiteralExpr",
                                      "name": "",
                                      "line": 39,
                                      "column": 26,
                                      "endLine": 39,
                                      "endColumn": 26
                                    }
                                  ]
                                }
                              ]
                            }
                          ]
                        },
                        {
                          "type": "WhileStmt",
                          "name": "while(bcd > 0)",
                          "line": 42,
                          "column": 9,
                          "endLine": 50,
                          "endColumn": 9,
                          "attrs": {
                            "condition": "bcd > 0"
                          },
                          "children": [
                            {
                              "type": "LineComment",
                              "name": "",
                              "line": 41,
                              "column": 9,
                              "endLine": 41,
                              "endColumn": 30,
                              "value": " Validate BCD digits"
                            },
                            {
                              "type": "BinaryExpr",
                              "name": "",
                              "line": 42,
                              "column": 16,
                              "endLine": 42,
                              "endColumn": 22,
                              "children": [
                                {
                                  "type": "NameExpr",
                                  "name": "bcd",
                                  "line": 42,
                                  "column": 16,
                                  "endLine": 42,
                                  "endColumn": 18,
                                  "children": [
                                    {
                                      "type": "SimpleName",
                                      "name": "",
                                      "line": 42,
                                      "column": 16,
                                      "endLine": 42,
                                      "endColumn": 18
                                    }
                                  ]
                                },
                                {
                                  "type": "IntegerLiteralExpr",
                                  "name": "",
                                  "line": 42,
                                  "column": 22,
                                  "endLine": 42,
                                  "endColumn": 22
                                }
                              ]
                            },
                            {
                              "type": "BlockStmt",
                              "name": "",
                              "line": 42,
                              "column": 25,
                              "endLine": 50,
                              "endColumn": 9,
                              "children": [
                                {
                                  "type": "ExpressionStmt",
                                  "name": "",
                                  "line": 43,
                                  "column": 13,
                                  "endLine": 43,
                                  "endColumn": 34,
                                  "attrs": {
                                    "code": "int digit = bcd & 0xF"
                                  },
                                  "children": [
                                    {
                                      "type": "VariableDeclarationExpr",
                                      "name": "",
                                      "line": 43,
                                      "column": 13,
                                      "endLine": 43,
                                      "endColumn": 33,
                                      "attrs": {
                                        "modifiers": "[]",
                                        "code": "int digit = bcd & 0xF"
                                      },
                                      "children": [
                                        {
                                          "type": "VariableDeclarator",
                                          "name": "digit",
                                          "line": 43,
                                          "column": 17,
                                          "endLine": 43,
                                          "endColumn": 33,
                                          "value": "int",
                                          "attrs": {
                                            "initializer": "bcd & 0xF",
                                            "type": "int"
                                          },
                                          "children": [
                                            {
                                              "type": "PrimitiveType",
                                              "name": "",
                                              "line": 43,
                                              "column": 13,
                                              "endLine": 43,
                                              "endColumn": 15
                                            },
                                            {
                                              "type": "SimpleName",
                                              "name": "",
                                              "line": 43,
                                              "column": 17,
                                              "endLine": 43,
                                              "endColumn": 21
                                            },
                                            {
                                              "type": "BinaryExpr",
                                              "name": "",
                                              "line": 43,
                                              "column": 25,
                                              "endLine": 43,
                                              "endColumn": 33,
                                              "children": [
                                                {
                                                  "type": "NameExpr",
                                                  "name": "bcd",
                                                  "line": 43,
                                                  "column": 25,
                                                  "endLine": 43,
                                                  "endColumn": 27,
                                                  "children": [
                                                    {
                                                      "type": "SimpleName",
                                                      "name": "",
                                                      "line": 43,
                                                      "column": 25,
                                                      "endLine": 43,
                                                      "endColumn": 27
                                                    }
                                                  ]
                                                },
                                                {
                                                  "type": "IntegerLiteralExpr",
                                                  "name": "",
                                                  "line": 43,
                                                  "column": 31,
                                                  "endLine": 43,
                                                  "endColumn": 33
                                                }
                                              ]
                                            }
                                          ]
                                        }
                                      ]
                                    }
                                  ]
                                },
                                {
                                  "type": "IfStmt",
                                  "name": "if(digit > 9)",
                                  "line": 44,
                                  "column": 13,
                                  "endLine": 46,
                                  "endColumn": 13,
                                  "attrs": {
                                    "condition": "digit > 9"
                                  },
                                  "children": [
                                    {
                                      "type": "BinaryExpr",
                                      "name": "",
                                      "line": 44,
                                      "column": 17,
                                      "endLine": 44,
                                      "endColumn": 25,
                                      "children": [
                                        {
                                          "type": "NameExpr",
                                          "name": "digit",
                                          "line": 44,
                                          "column": 17,
                                          "endLine": 44,
                                          "endColumn": 21,
                                          "children": [
                                            {
                                              "type": "SimpleName",
                                              "name": "",
                                              "line": 44,
                                              "column": 17,
                                              "endLine": 44,
                                              "endColumn": 21
                                            }
                                          ]
                                        },
                                        {
                                          "type": "IntegerLiteralExpr",
                                          "name": "",
                                          "line": 44,
                                          "column": 25,
                                          "endLine": 44,
                                          "endColumn": 25
                                        }
                                      ]
                                    },
                                    {
                                      "type": "BlockStmt",
                                      "name": "",
                                      "line": 44,
                                      "column": 28,
                                      "endLine": 46,
                                      "endColumn": 13,
                                      "children": [
                                        {
                                          "type": "ThrowStmt",
                                          "name": "throw",
                                          "line": 45,
                                          "column": 17,
                                          "endLine": 45,
                                          "endColumn": 82,
                                          "attrs": {
                                            "expr": "new IllegalArgumentException(\"Invalid BCD digit: \" + digit)"
                                          },
                                          "children": [
                                            {
                                              "type": "ObjectCreationExpr",
                                              "name": "new IllegalArgumentException",
                                              "line": 45,
                                              "column": 23,
                                              "endLine": 45,
                                              "endColumn": 81,
                                              "attrs": {
                                                "type": "IllegalArgumentException",
                                                "hasAnonymousClassBody": "false",
                                                "args": "[\"Invalid BCD digit: \" + digit]"
                                              },
                                              "children": [
                                                {
                                                  "type": "ClassOrInterfaceType",
                                                  "name": "IllegalArgumentException",
                                                  "line": 45,
                                                  "column": 27,
                                                  "endLine": 45,
                                                  "endColumn": 50,
                                                  "children": [
                                                    {
                                                      "type": "SimpleName",
                                                      "name": "",
                                                      "line": 45,
                                                      "column": 27,
                                                      "endLine": 45,
                                                      "endColumn": 50
                                                    }
                                                  ]
                                                },
                                                {
                                                  "type": "BinaryExpr",
                                                  "name": "",
                                                  "line": 45,
                                                  "column": 52,
                                                  "endLine": 45,
                                                  "endColumn": 80,
                                                  "children": [
                                                    {
                                                      "type": "StringLiteralExpr",
                                                      "name": "",
                                                      "line": 45,
                                                      "column": 52,
                                                      "endLine": 45,
                                                      "endColumn": 72
                                                    },
                                                    {
                                                      "type": "NameExpr",
                                                      "name": "digit",
                                                      "line": 45,
                                                      "column": 76,
                                                      "endLine": 45,
                                                      "endColumn": 80,
                                                      "children": [
                                                        {
                                                          "type": "SimpleName",
                                                          "name": "",
                                                          "line": 45,
                                                          "column": 76,
                                                          "endLine": 45,
                                                          "endColumn": 80
                                                        }
                                                      ]
                                                    }
                                                  ]
                                                }
                                              ]
                                            }
                                          ]
                                        }
                                      ]
                                    }
                                  ]
                                },
                                {
                                  "type": "ExpressionStmt",
                                  "name": "",
                                  "line": 47,
                                  "column": 13,
                                  "endLine": 47,
                                  "endColumn": 42,
                                  "attrs": {
                                    "code": "decimal += digit * multiplier"
                                  },
                                  "children": [
                                    {
                                      "type": "AssignExpr",
                                      "name": "",
                                      "line": 47,
                                      "column": 13,
                                      "endLine": 47,
                                      "endColumn": 41,
                                      "attrs": {
                                        "code": "decimal += digit * multiplier"
                                      },
                                      "children": [
                                        {
                                          "type": "NameExpr",
                                          "name": "decimal",
                                          "line": 47,
                                          "column": 13,
                                          "endLine": 47,
                                          "endColumn": 19,
                                          "children": [
                                            {
                                              "type": "SimpleName",
                                              "name": "",
                                              "line": 47,
                                              "column": 13,
                                              "endLine": 47,
                                              "endColumn": 19
                                            }
                                          ]
                                        },
                                        {
                                          "type": "BinaryExpr",
                                          "name": "",
                                          "line": 47,
                                          "column": 24,
                                          "endLine": 47,
                                          "endColumn": 41,
                                          "children": [
                                            {
                                              "type": "NameExpr",
                                              "name": "digit",
                                              "line": 47,
                                              "column": 24,
                                              "endLine": 47,
                                              "endColumn": 28,
                                              "children": [
                                                {
                                                  "type": "SimpleName",
                                                  "name": "",
                                                  "line": 47,
                                                  "column": 24,
                                                  "endLine": 47,
                                                  "endColumn": 28
                                                }
                                              ]
                                            },
                                            {
                                              "type": "NameExpr",
                                              "name": "multiplier",
                                              "line": 47,
                                              "column": 32,
                                              "endLine": 47,
                                              "endColumn": 41,
                                              "children": [
                                                {
                                                  "type": "SimpleName",
                                                  "name": "",
                                                  "line": 47,
                                                  "column": 32,
                                                  "endLine": 47,
                                                  "endColumn": 41
                                                }
                                              ]
                                            }
                                          ]
                                        }
                                      ]
                                    }
                                  ]
                                },
                                {
                                  "type": "ExpressionStmt",
                                  "name": "",
                                  "line": 48,
                                  "column": 13,
                                  "endLine": 48,
                                  "endColumn": 29,
                                  "attrs": {
                                    "code": "multiplier *= 10"
                                  },
                                  "children": [
                                    {
                                      "type": "AssignExpr",
                                      "name": "",
                                      "line": 48,
                                      "column": 13,
                                      "endLine": 48,
                                      "endColumn": 28,
                                      "attrs": {
                                        "code": "multiplier *= 10"
                                      },
                                      "children": [
                                        {
                                          "type": "NameExpr",
                                          "name": "multiplier",
                                          "line": 48,
                                          "column": 13,
                                          "endLine": 48,
                                          "endColumn": 22,
                                          "children": [
                                            {
                                              "type": "SimpleName",
                                              "name": "",
                                              "line": 48,
                                              "column": 13,
                                              "endLine": 48,
                                              "endColumn": 22
                                            }
                                          ]
                                        },
                                        {
                                          "type": "IntegerLiteralExpr",
                                          "name": "",
                                          "line": 48,
                                          "column": 27,
                                          "endLine": 48,
                                          "endColumn": 28
                                        }
                                      ]
                                    }
                                  ]
                                },
                                {
                                  "type": "ExpressionStmt",
                                  "name": "",
                                  "line": 49,
                                  "column": 13,
                                  "endLine": 49,
                                  "endColumn": 22,
                                  "attrs": {
                                    "code": "bcd >>= 4"
                                  },
                                  "children": [
                                    {
                                      "type": "AssignExpr",
                                      "name": "",
                                      "line": 49,
                                      "column": 13,
                                      "endLine": 49,
                                      "endColumn": 21,
                                      "attrs": {
                                        "code": "bcd >>= 4"
                                      },
                                      "children": [
                                        {
                                          "type": "NameExpr",
                                          "name": "bcd",
                                          "line": 49,
                                          "column": 13,
                                          "endLine": 49,
                                          "endColumn": 15,
                                          "children": [
                                            {
                                              "type": "SimpleName",
                                              "name": "",
                                              "line": 49,
                                              "column": 13,
                                              "endLine": 49,
                                              "endColumn": 15
                                            }
                                          ]
                                        },
                                        {
                                          "type": "IntegerLiteralExpr",
                                          "name": "",
                                          "line": 49,
                                          "column": 21,
                                          "endLine": 49,
                                          "endColumn": 21
                                        }
                                      ]
                                    }
                                  ]
                                }
                              ]
                            }
                          ]
                        },
                        {
                          "type": "ReturnStmt",
                          "name": "return",
                          "line": 51,
                          "column": 9,
                          "endLine": 51,
                          "endColumn": 23,
                          "attrs": {
                            "expr": "decimal"
                          },
                          "children": [
                            {
                              "type": "NameExpr",
                              "name": "decimal",
                              "line": 51,
                              "column": 16,
                              "endLine": 51,
                              "endColumn": 22,
                              "children": [
                                {
                                  "type": "SimpleName",
                                  "name": "",
                                  "line": 51,
                                  "column": 16,
                                  "endLine": 51,
                                  "endColumn": 22
                                }
                              ]
                            }
                          ]
                        }
                      ]
                    }
                  ]
                },
                {
                  "type": "MethodDeclaration",
                  "name": "decimalToBcd",
                  "line": 67,
                  "column": 5,
                  "endLine": 81,
                  "endColumn": 5,
                  "value": "int",
                  "attrs": {
                    "modifiers": "[public , static ]",
                    "typeParams": "[]",
                    "throws": "[]",
                    "annotations": "[]",
                    "type": "int",
                    "params": "[int decimal]"
                  },
                  "children": [
                    {
                      "type": "Javadoc",
                      "name": "",
                      "line": 54,
                      "column": 5,
                      "endLine": 66,
                      "endColumn": 7,
                      "value": "\n     * Converts a decimal number to BCD (Binary-Coded Decimal).\n     * <p>Steps:\n     * <p>1. Check if the decimal number is within the valid range for BCD (0 to 9999).\n     * <p>2. Extract the last decimal digit from the decimal number.\n     * <p>3. Shift the digit to the correct BCD position and add it to the BCD number.\n     * <p>4. Remove the last decimal digit from the decimal number.\n     * <p>5. Repeat steps 2-4 until the decimal number is zero.\n     *\n     * @param decimal The decimal number.\n     * @return The corresponding BCD number.\n     * @throws IllegalArgumentException if the decimal number is greater than 9999.\n     "
                    },
                    {
                      "type": "Modifier",
                      "name": "",
                      "line": 67,
                      "column": 5,
                      "endLine": 67,
                      "endColumn": 10
                    },
                    {
                      "type": "Modifier",
                      "name": "",
                      "line": 67,
                      "column": 12,
                      "endLine": 67,
                      "endColumn": 17
                    },
                    {
                      "type": "SimpleName",
                      "name": "",
                      "line": 67,
                      "column": 23,
                      "endLine": 67,
                      "endColumn": 34
                    },
                    {
                      "type": "Parameter",
                      "name": "decimal",
                      "line": 67,
                      "column": 36,
                      "endLine": 67,
                      "endColumn": 46,
                      "attrs": {
                        "modifiers": "[]",
                        "type": "int",
                        "isVarArgs": "false",
                        "annotations": "[]"
                      },
                      "children": [
                        {
                          "type": "PrimitiveType",
                          "name": "",
                          "line": 67,
                          "column": 36,
                          "endLine": 67,
                          "endColumn": 38
                        },
                        {
                          "type": "SimpleName",
                          "name": "",
                          "line": 67,
                          "column": 40,
                          "endLine": 67,
                          "endColumn": 46
                        }
                      ]
                    },
                    {
                      "type": "PrimitiveType",
                      "name": "",
                      "line": 67,
                      "column": 19,
                      "endLine": 67,
                      "endColumn": 21
                    },
                    {
                      "type": "BlockStmt",
                      "name": "",
                      "line": 67,
                      "column": 49,
                      "endLine": 81,
                      "endColumn": 5,
                      "children": [
                        {
                          "type": "IfStmt",
                          "name": "if(decimal < 0 || decimal > 9999)",
                          "line": 68,
                          "column": 9,
                          "endLine": 70,
                          "endColumn": 9,
                          "attrs": {
                            "condition": "decimal < 0 || decimal > 9999"
                          },
                          "children": [
                            {
                              "type": "BinaryExpr",
                              "name": "",
                              "line": 68,
                              "column": 13,
                              "endLine": 68,
                              "endColumn": 41,
                              "children": [
                                {
                                  "type": "BinaryExpr",
                                  "name": "",
                                  "line": 68,
                                  "column": 13,
                                  "endLine": 68,
                                  "endColumn": 23,
                                  "children": [
                                    {
                                      "type": "NameExpr",
                                      "name": "decimal",
                                      "line": 68,
                                      "column": 13,
                                      "endLine": 68,
                                      "endColumn": 19,
                                      "children": [
                                        {
                                          "type": "SimpleName",
                                          "name": "",
                                          "line": 68,
                                          "column": 13,
                                          "endLine": 68,
                                          "endColumn": 19
                                        }
                                      ]
                                    },
                                    {
                                      "type": "IntegerLiteralExpr",
                                      "name": "",
                                      "line": 68,
                                      "column": 23,
                                      "endLine": 68,
                                      "endColumn": 23
                                    }
                                  ]
                                },
                                {
                                  "type": "BinaryExpr",
                                  "name": "",
                                  "line": 68,
                                  "column": 28,
                                  "endLine": 68,
                                  "endColumn": 41,
                                  "children": [
                                    {
                                      "type": "NameExpr",
                                      "name": "decimal",
                                      "line": 68,
                                      "column": 28,
                                      "endLine": 68,
                                      "endColumn": 34,
                                      "children": [
                                        {
                                          "type": "SimpleName",
                                          "name": "",
                                          "line": 68,
                                          "column": 28,
                                          "endLine": 68,
                                          "endColumn": 34
                                        }
                                      ]
                                    },
                                    {
                                      "type": "IntegerLiteralExpr",
                                      "name": "",
                                      "line": 68,
                                      "column": 38,
                                      "endLine": 68,
                                      "endColumn": 41
                                    }
                                  ]
                                }
                              ]
                            },
                            {
                              "type": "BlockStmt",
                              "name": "",
                              "line": 68,
                              "column": 44,
                              "endLine": 70,
                              "endColumn": 9,
                              "children": [
                                {
                                  "type": "ThrowStmt",
                                  "name": "throw",
                                  "line": 69,
                                  "column": 13,
                                  "endLine": 69,
                                  "endColumn": 105,
                                  "attrs": {
                                    "expr": "new IllegalArgumentException(\"Value out of bounds for BCD representation: \" + decimal)"
                                  },
                                  "children": [
                                    {
                                      "type": "ObjectCreationExpr",
                                      "name": "new IllegalArgumentException",
                                      "line": 69,
                                      "column": 19,
                                      "endLine": 69,
                                      "endColumn": 104,
                                      "attrs": {
                                        "type": "IllegalArgumentException",
                                        "hasAnonymousClassBody": "false",
                                        "args": "[\"Value out of bounds for BCD representation: \" + decimal]"
                                      },
                                      "children": [
                                        {
                                          "type": "ClassOrInterfaceType",
                                          "name": "IllegalArgumentException",
                                          "line": 69,
                                          "column": 23,
                                          "endLine": 69,
                                          "endColumn": 46,
                                          "children": [
                                            {
                                              "type": "SimpleName",
                                              "name": "",
                                              "line": 69,
                                              "column": 23,
                                              "endLine": 69,
                                              "endColumn": 46
                                            }
                                          ]
                                        },
                                        {
                                          "type": "BinaryExpr",
                                          "name": "",
                                          "line": 69,
                                          "column": 48,
                                          "endLine": 69,
                                          "endColumn": 103,
                                          "children": [
                                            {
                                              "type": "StringLiteralExpr",
                                              "name": "",
                                              "line": 69,
                                              "column": 48,
                                              "endLine": 69,
                                              "endColumn": 93
                                            },
                                            {
                                              "type": "NameExpr",
                                              "name": "decimal",
                                              "line": 69,
                                              "column": 97,
                                              "endLine": 69,
                                              "endColumn": 103,
                                              "children": [
                                                {
                                                  "type": "SimpleName",
                                                  "name": "",
                                                  "line": 69,
                                                  "column": 97,
                                                  "endLine": 69,
                                                  "endColumn": 103
                                                }
                                              ]
                                            }
                                          ]
                                        }
                                      ]
                                    }
                                  ]
                                }
                              ]
                            }
                          ]
                        },
                        {
                          "type": "ExpressionStmt",
                          "name": "",
                          "line": 72,
                          "column": 9,
                          "endLine": 72,
                          "endColumn": 20,
                          "attrs": {
                            "code": "int bcd = 0"
                          },
                          "children": [
                            {
                              "type": "VariableDeclarationExpr",
                              "name": "",
                              "line": 72,
                              "column": 9,
                              "endLine": 72,
                              "endColumn": 19,
                              "attrs": {
                                "modifiers": "[]",
                                "code": "int bcd = 0"
                              },
                              "children": [
                                {
                                  "type": "VariableDeclarator",
                                  "name": "bcd",
                                  "line": 72,
                                  "column": 13,
                                  "endLine": 72,
                                  "endColumn": 19,
                                  "value": "int",
                                  "attrs": {
                                    "initializer": "0",
                                    "type": "int"
                                  },
                                  "children": [
                                    {
                                      "type": "PrimitiveType",
                                      "name": "",
                                      "line": 72,
                                      "column": 9,
                                      "endLine": 72,
                                      "endColumn": 11
                                    },
                                    {
                                      "type": "SimpleName",
                                      "name": "",
                                      "line": 72,
                                      "column": 13,
                                      "endLine": 72,
                                      "endColumn": 15
                                    },
                                    {
                                      "type": "IntegerLiteralExpr",
                                      "name": "",
                                      "line": 72,
                                      "column": 19,
                                      "endLine": 72,
                                      "endColumn": 19
                                    }
                                  ]
                                }
                              ]
                            }
                          ]
                        },
                        {
                          "type": "ExpressionStmt",
                          "name": "",
                          "line": 73,
                          "column": 9,
                          "endLine": 73,
                          "endColumn": 22,
                          "attrs": {
                            "code": "int shift = 0"
                          },
                          "children": [
                            {
                              "type": "VariableDeclarationExpr",
                              "name": "",
                              "line": 73,
                              "column": 9,
                              "endLine": 73,
                              "endColumn": 21,
                              "attrs": {
                                "modifiers": "[]",
                                "code": "int shift = 0"
                              },
                              "children": [
                                {
                                  "type": "VariableDeclarator",
                                  "name": "shift",
                                  "line": 73,
                                  "column": 13,
                                  "endLine": 73,
                                  "endColumn": 21,
                                  "value": "int",
                                  "attrs": {
                                    "initializer": "0",
                                    "type": "int"
                                  },
                                  "children": [
                                    {
                                      "type": "PrimitiveType",
                                      "name": "",
                                      "line": 73,
                                      "column": 9,
                                      "endLine": 73,
                                      "endColumn": 11
                                    },
                                    {
                                      "type": "SimpleName",
                                      "name": "",
                                      "line": 73,
                                      "column": 13,
                                      "endLine": 73,
                                      "endColumn": 17
                                    },
                                    {
                                      "type": "IntegerLiteralExpr",
                                      "name": "",
                                      "line": 73,
                                      "column": 21,
                                      "endLine": 73,
                                      "endColumn": 21
                                    }
                                  ]
                                }
                              ]
                            }
                          ]
                        },
                        {
                          "type": "WhileStmt",
                          "name": "while(decimal > 0)",
                          "line": 74,
                          "column": 9,
                          "endLine": 79,
                          "endColumn": 9,
                          "attrs": {
                            "condition": "decimal > 0"
                          },
                          "children": [
                            {
                              "type": "BinaryExpr",
                              "name": "",
                              "line": 74,
                              "column": 16,
                              "endLine": 74,
                              "endColumn": 26,
                              "children": [
                                {
                                  "type": "NameExpr",
                                  "name": "decimal",
                                  "line": 74,
                                  "column": 16,
                                  "endLine": 74,
                                  "endColumn": 22,
                                  "children": [
                                    {
                                      "type": "SimpleName",
                                      "name": "",
                                      "line": 74,
                                      "column": 16,
                                      "endLine": 74,
                                      "endColumn": 22
                                    }
                                  ]
                                },
                                {
                                  "type": "IntegerLiteralExpr",
                                  "name": "",
                                  "line": 74,
                                  "column": 26,
                                  "endLine": 74,
                                  "endColumn": 26
                                }
                              ]
                            },
                            {
                              "type": "BlockStmt",
                              "name": "",
                              "line": 74,
                              "column": 29,
                              "endLine": 79,
                              "endColumn": 9,
                              "children": [
                                {
                                  "type": "ExpressionStmt",
                                  "name": "",
                                  "line": 75,
                                  "column": 13,
                                  "endLine": 75,
                                  "endColumn": 37,
                                  "attrs": {
                                    "code": "int digit = decimal % 10"
                                  },
                                  "children": [
                                    {
                                      "type": "VariableDeclarationExpr",
                                      "name": "",
                                      "line": 75,
                                      "column": 13,
                                      "endLine": 75,
                                      "endColumn": 36,
                                      "attrs": {
                                        "modifiers": "[]",
                                        "code": "int digit = decimal % 10"
                                      },
                                      "children": [
                                        {
                                          "type": "VariableDeclarator",
                                          "name": "digit",
                                          "line": 75,
                                          "column": 17,
                                          "endLine": 75,
                                          "endColumn": 36,
                                          "value": "int",
                                          "attrs": {
                                            "initializer": "decimal % 10",
                                            "type": "int"
                                          },
                                          "children": [
                                            {
                                              "type": "PrimitiveType",
                                              "name": "",
                                              "line": 75,
                                              "column": 13,
                                              "endLine": 75,
                                              "endColumn": 15
                                            },
                                            {
                                              "type": "SimpleName",
                                              "name": "",
                                              "line": 75,
                                              "column": 17,
                                              "endLine": 75,
                                              "endColumn": 21
                                            },
                                            {
                                              "type": "BinaryExpr",
                                              "name": "",
                                              "line": 75,
                                              "column": 25,
                                              "endLine": 75,
                                              "endColumn": 36,
                                              "children": [
                                                {
                                                  "type": "NameExpr",
                                                  "name": "decimal",
                                                  "line": 75,
                                                  "column": 25,
                                                  "endLine": 75,
                                                  "endColumn": 31,
                                                  "children": [
                                                    {
                                                      "type": "SimpleName",
                                                      "name": "",
                                                      "line": 75,
                                                      "column": 25,
                                                      "endLine": 75,
                                                      "endColumn": 31
                                                    }
                                                  ]
                                                },
                                                {
                                                  "type": "IntegerLiteralExpr",
                                                  "name": "",
                                                  "line": 75,
                                                  "column": 35,
                                                  "endLine": 75,
                                                  "endColumn": 36
                                                }
                                              ]
                                            }
                                          ]
                                        }
                                      ]
                                    }
                                  ]
                                },
                                {
                                  "type": "ExpressionStmt",
                                  "name": "",
                                  "line": 76,
                                  "column": 13,
                                  "endLine": 76,
                                  "endColumn": 42,
                                  "attrs": {
                                    "code": "bcd |= (digit << (shift * 4))"
                                  },
                                  "children": [
                                    {
                                      "type": "AssignExpr",
                                      "name": "",
                                      "line": 76,
                                      "column": 13,
                                      "endLine": 76,
                                      "endColumn": 41,
                                      "attrs": {
                                        "code": "bcd |= (digit << (shift * 4))"
                                      },
                                      "children": [
                                        {
                                          "type": "NameExpr",
                                          "name": "bcd",
                                          "line": 76,
                                          "column": 13,
                                          "endLine": 76,
                                          "endColumn": 15,
                                          "children": [
                                            {
                                              "type": "SimpleName",
                                              "name": "",
                                              "line": 76,
                                              "column": 13,
                                              "endLine": 76,
                                              "endColumn": 15
                                            }
                                          ]
                                        },
                                        {
                                          "type": "EnclosedExpr",
                                          "name": "",
                                          "line": 76,
                                          "column": 20,
                                          "endLine": 76,
                                          "endColumn": 41,
                                          "children": [
                                            {
                                              "type": "BinaryExpr",
                                              "name": "",
                                              "line": 76,
                                              "column": 21,
                                              "endLine": 76,
                                              "endColumn": 40,
                                              "children": [
                                                {
                                                  "type": "NameExpr",
                                                  "name": "digit",
                                                  "line": 76,
                                                  "column": 21,
                                                  "endLine": 76,
                                                  "endColumn": 25,
                                                  "children": [
                                                    {
                                                      "type": "SimpleName",
                                                      "name": "",
                                                      "line": 76,
                                                      "column": 21,
                                                      "endLine": 76,
                                                      "endColumn": 25
                                                    }
                                                  ]
                                                },
                                                {
                                                  "type": "EnclosedExpr",
                                                  "name": "",
                                                  "line": 76,
                                                  "column": 30,
                                                  "endLine": 76,
                                                  "endColumn": 40,
                                                  "children": [
                                                    {
                                                      "type": "BinaryExpr",
                                                      "name": "",
                                                      "line": 76,
                                                      "column": 31,
                                                      "endLine": 76,
                                                      "endColumn": 39,
                                                      "children": [
                                                        {
                                                          "type": "NameExpr",
                                                          "name": "shift",
                                                          "line": 76,
                                                          "column": 31,
                                                          "endLine": 76,
                                                          "endColumn": 35,
                                                          "children": [
                                                            {
                                                              "type": "SimpleName",
                                                              "name": "",
                                                              "line": 76,
                                                              "column": 31,
                                                              "endLine": 76,
                                                              "endColumn": 35
                                                            }
                                                          ]
                                                        },
                                                        {
                                                          "type": "IntegerLiteralExpr",
                                                          "name": "",
                                                          "line": 76,
                                                          "column": 39,
                                                          "endLine": 76,
                                                          "endColumn": 39
                                                        }
                                                      ]
                                                    }
                                                  ]
                                                }
                                              ]
                                            }
                                          ]
                                        }
                                      ]
                                    }
                                  ]
                                },
                                {
                                  "type": "ExpressionStmt",
                                  "name": "",
                                  "line": 77,
                                  "column": 13,
                                  "endLine": 77,
                                  "endColumn": 26,
                                  "attrs": {
                                    "code": "decimal /= 10"
                                  },
                                  "children": [
                                    {
                                      "type": "AssignExpr",
                                      "name": "",
                                      "line": 77,
                                      "column": 13,
                                      "endLine": 77,
                                      "endColumn": 25,
                                      "attrs": {
                                        "code": "decimal /= 10"
                                      },
                                      "children": [
                                        {
                                          "type": "NameExpr",
                                          "name": "decimal",
                                          "line": 77,
                                          "column": 13,
                                          "endLine": 77,
                                          "endColumn": 19,
                                          "children": [
                                            {
                                              "type": "SimpleName",
                                              "name": "",
                                              "line": 77,
                                              "column": 13,
                                              "endLine": 77,
                                              "endColumn": 19
                                            }
                                          ]
                                        },
                                        {
                                          "type": "IntegerLiteralExpr",
                                          "name": "",
                                          "line": 77,
                                          "column": 24,
                                          "endLine": 77,
                                          "endColumn": 25
                                        }
                                      ]
                                    }
                                  ]
                                },
                                {
                                  "type": "ExpressionStmt",
                                  "name": "",
                                  "line": 78,
                                  "column": 13,
                                  "endLine": 78,
                                  "endColumn": 20,
                                  "attrs": {
                                    "code": "shift++"
                                  },
                                  "children": [
                                    {
                                      "type": "UnaryExpr",
                                      "name": "",
                                      "line": 78,
                                      "column": 13,
                                      "endLine": 78,
                                      "endColumn": 19,
                                      "children": [
                                        {
                                          "type": "NameExpr",
                                          "name": "shift",
                                          "line": 78,
                                          "column": 13,
                                          "endLine": 78,
                                          "endColumn": 17,
                                          "children": [
                                            {
                                              "type": "SimpleName",
                                              "name": "",
                                              "line": 78,
                                              "column": 13,
                                              "endLine": 78,
                                              "endColumn": 17
                                            }
                                          ]
                                        }
                                      ]
                                    }
                                  ]
                                }
                              ]
                            }
                          ]
                        },
                        {
                          "type": "ReturnStmt",
                          "name": "return",
                          "line": 80,
                          "column": 9,
                          "endLine": 80,
                          "endColumn": 19,
                          "attrs": {
                            "expr": "bcd"
                          },
                          "children": [
                            {
                              "type": "NameExpr",
                              "name": "bcd",
                              "line": 80,
                              "column": 16,
                              "endLine": 80,
                              "endColumn": 18,
                              "children": [
                                {
                                  "type": "SimpleName",
                                  "name": "",
                                  "line": 80,
                                  "column": 16,
                                  "endLine": 80,
                                  "endColumn": 18
                                }
                              ]
                            }
                          ]
                        }
                      ]
                    }
                  ]
                }
              ]
            }
          ]
        }
      ]
    }
  ]
}