{
  "type": "Project",
  "name": "Project",
  "children": [
    {
      "type": "File",
      "name": "LargeTreeNode.java",
      "value": "D:\\py-java-transform\\java to py\\java-to-python_user\\java-to-python-main\\java to python-result\\193\\LargeTreeNode.java",
      "children": [
        {
          "type": "CompilationUnit",
          "name": "",
          "line": 1,
          "column": 1,
          "endLine": 77,
          "endColumn": 2,
          "children": [
            {
              "type": "PackageDeclaration",
              "name": "com.thealgorithms.devutils.nodes",
              "line": 1,
              "column": 1,
              "endLine": 1,
              "endColumn": 41,
              "attrs": {
                "name": "com.thealgorithms.devutils.nodes"
              },
              "children": [
                {
                  "type": "Name",
                  "name": "",
                  "line": 1,
                  "column": 9,
                  "endLine": 1,
                  "endColumn": 40,
                  "children": [
                    {
                      "type": "Name",
                      "name": "",
                      "line": 1,
                      "column": 9,
                      "endLine": 1,
                      "endColumn": 34,
                      "children": [
                        {
                          "type": "Name",
                          "name": "",
                          "line": 1,
                          "column": 9,
                          "endLine": 1,
                          "endColumn": 25,
                          "children": [
                            {
                              "type": "Name",
                              "name": "",
                              "line": 1,
                              "column": 9,
                              "endLine": 1,
                              "endColumn": 11
                            }
                          ]
                        }
                      ]
                    }
                  ]
                }
              ]
            },
            {
              "type": "ImportDeclaration",
              "name": "java.util.Collection",
              "line": 3,
              "column": 1,
              "endLine": 3,
              "endColumn": 28,
              "attrs": {
                "name": "java.util.Collection",
                "isStatic": "false",
                "isAsterisk": "false"
              },
              "children": [
                {
                  "type": "Name",
                  "name": "",
                  "line": 3,
                  "column": 8,
                  "endLine": 3,
                  "endColumn": 27,
                  "children": [
                    {
                      "type": "Name",
                      "name": "",
                      "line": 3,
                      "column": 8,
                      "endLine": 3,
                      "endColumn": 16,
                      "children": [
                        {
                          "type": "Name",
                          "name": "",
                          "line": 3,
                          "column": 8,
                          "endLine": 3,
                          "endColumn": 11
                        }
                      ]
                    }
                  ]
                }
              ]
            },
            {
              "type": "ClassOrInterfaceDeclaration",
              "name": "LargeTreeNode",
              "line": 13,
              "column": 1,
              "endLine": 77,
              "endColumn": 1,
              "value": "class",
              "attrs": {
                "modifiers": "[public ]",
                "typeParams": "[E]",
                "extends": "[TreeNode<E>]",
                "implements": "[]",
                "annotations": "[]"
              },
              "children": [
                {
                  "type": "Javadoc",
                  "name": "",
                  "line": 5,
                  "column": 1,
                  "endLine": 12,
                  "endColumn": 3,
                  "value": "\n * {@link TreeNode} extension that holds a {@link Collection} of references to\n * child Nodes.\n *\n * @param <E> The type of the data held in the Node.\n *\n * @author <a href=\"https://github.com/aitorfi\">aitorfi</a>\n "
                },
                {
                  "type": "Modifier",
                  "name": "",
                  "line": 13,
                  "column": 1,
                  "endLine": 13,
                  "endColumn": 6
                },
                {
                  "type": "SimpleName",
                  "name": "",
                  "line": 13,
                  "column": 14,
                  "endLine": 13,
                  "endColumn": 26
                },
                {
                  "type": "FieldDeclaration",
                  "name": "",
                  "line": 18,
                  "column": 5,
                  "endLine": 18,
                  "endColumn": 52,
                  "value": "Collection<LargeTreeNode<E>>",
                  "attrs": {
                    "modifiers": "[private ]",
                    "annotations": "[]"
                  },
                  "children": [
                    {
                      "type": "Javadoc",
                      "name": "",
                      "line": 15,
                      "column": 5,
                      "endLine": 17,
                      "endColumn": 7,
                      "value": "\n     * {@link Collection} that holds the Nodes' child nodes.\n     "
                    },
                    {
                      "type": "Modifier",
                      "name": "",
                      "line": 18,
                      "column": 5,
                      "endLine": 18,
                      "endColumn": 11
                    },
                    {
                      "type": "VariableDeclarator",
                      "name": "childNodes",
                      "line": 18,
                      "column": 42,
                      "endLine": 18,
                      "endColumn": 51,
                      "value": "Collection<LargeTreeNode<E>>",
                      "attrs": {
                        "type": "Collection<LargeTreeNode<E>>"
                      },
                      "children": [
                        {
                          "type": "ClassOrInterfaceType",
                          "name": "Collection",
                          "line": 18,
                          "column": 13,
                          "endLine": 18,
                          "endColumn": 40,
                          "attrs": {
                            "typeArgs": "[LargeTreeNode<E>]"
                          },
                          "children": [
                            {
                              "type": "SimpleName",
                              "name": "",
                              "line": 18,
                              "column": 13,
                              "endLine": 18,
                              "endColumn": 22
                            },
                            {
                              "type": "ClassOrInterfaceType",
                              "name": "LargeTreeNode",
                              "line": 18,
                              "column": 24,
                              "endLine": 18,
                              "endColumn": 39,
                              "attrs": {
                                "typeArgs": "[E]"
                              },
                              "children": [
                                {
                                  "type": "SimpleName",
                                  "name": "",
                                  "line": 18,
                                  "column": 24,
                                  "endLine": 18,
                                  "endColumn": 36
                                },
                                {
                                  "type": "ClassOrInterfaceType",
                                  "name": "E",
                                  "line": 18,
                                  "column": 38,
                                  "endLine": 18,
                                  "endColumn": 38,
                                  "children": [
                                    {
                                      "type": "SimpleName",
                                      "name": "",
                                      "line": 18,
                                      "column": 38,
                                      "endLine": 18,
                                      "endColumn": 38
                                    }
                                  ]
                                }
                              ]
                            }
                          ]
                        },
                        {
                          "type": "SimpleName",
                          "name": "",
                          "line": 18,
                          "column": 42,
                          "endLine": 18,
                          "endColumn": 51
                        }
                      ]
                    }
                  ]
                },
                {
                  "type": "ConstructorDeclaration",
                  "name": "LargeTreeNode",
                  "line": 23,
                  "column": 5,
                  "endLine": 25,
                  "endColumn": 5,
                  "attrs": {
                    "modifiers": "[public ]",
                    "throws": "[]",
                    "annotations": "[]",
                    "params": "[]"
                  },
                  "children": [
                    {
                      "type": "Javadoc",
                      "name": "",
                      "line": 20,
                      "column": 5,
                      "endLine": 22,
                      "endColumn": 7,
                      "value": "\n     * Empty constructor.\n     "
                    },
                    {
                      "type": "Modifier",
                      "name": "",
                      "line": 23,
                      "column": 5,
                      "endLine": 23,
                      "endColumn": 10
                    },
                    {
                      "type": "SimpleName",
                      "name": "",
                      "line": 23,
                      "column": 12,
                      "endLine": 23,
                      "endColumn": 24
                    },
                    {
                      "type": "BlockStmt",
                      "name": "",
                      "line": 23,
                      "column": 28,
                      "endLine": 25,
                      "endColumn": 5,
                      "children": [
                        {
                          "type": "ExplicitConstructorInvocationStmt",
                          "name": "",
                          "line": 24,
                          "column": 9,
                          "endLine": 24,
                          "endColumn": 16,
                          "attrs": {
                            "args": "[]"
                          }
                        }
                      ]
                    }
                  ]
                },
                {
                  "type": "ConstructorDeclaration",
                  "name": "LargeTreeNode",
                  "line": 33,
                  "column": 5,
                  "endLine": 35,
                  "endColumn": 5,
                  "attrs": {
                    "modifiers": "[public ]",
                    "throws": "[]",
                    "annotations": "[]",
                    "params": "[E data]"
                  },
                  "children": [
                    {
                      "type": "Javadoc",
                      "name": "",
                      "line": 27,
                      "column": 5,
                      "endLine": 32,
                      "endColumn": 7,
                      "value": "\n     * Initializes the Nodes' data.\n     *\n     * @param data Value to which data will be initialized.\n     * @see TreeNode#TreeNode(Object)\n     "
                    },
                    {
                      "type": "Modifier",
                      "name": "",
                      "line": 33,
                      "column": 5,
                      "endLine": 33,
                      "endColumn": 10
                    },
                    {
                      "type": "SimpleName",
                      "name": "",
                      "line": 33,
                      "column": 12,
                      "endLine": 33,
                      "endColumn": 24
                    },
                    {
                      "type": "Parameter",
                      "name": "data",
                      "line": 33,
                      "column": 26,
                      "endLine": 33,
                      "endColumn": 31,
                      "attrs": {
                        "modifiers": "[]",
                        "type": "E",
                        "isVarArgs": "false",
                        "annotations": "[]"
                      },
                      "children": [
                        {
                          "type": "ClassOrInterfaceType",
                          "name": "E",
                          "line": 33,
                          "column": 26,
                          "endLine": 33,
                          "endColumn": 26,
                          "children": [
                            {
                              "type": "SimpleName",
                              "name": "",
                              "line": 33,
                              "column": 26,
                              "endLine": 33,
                              "endColumn": 26
                            }
                          ]
                        },
                        {
                          "type": "SimpleName",
                          "name": "",
                          "line": 33,
                          "column": 28,
                          "endLine": 33,
                          "endColumn": 31
                        }
                      ]
                    },
                    {
                      "type": "BlockStmt",
                      "name": "",
                      "line": 33,
                      "column": 34,
                      "endLine": 35,
                      "endColumn": 5,
                      "children": [
                        {
                          "type": "ExplicitConstructorInvocationStmt",
                          "name": "",
                          "line": 34,
                          "column": 9,
                          "endLine": 34,
                          "endColumn": 20,
                          "attrs": {
                            "args": "[data]"
                          },
                          "children": [
                            {
                              "type": "NameExpr",
                              "name": "data",
                              "line": 34,
                              "column": 15,
                              "endLine": 34,
                              "endColumn": 18,
                              "children": [
                                {
                                  "type": "SimpleName",
                                  "name": "",
                                  "line": 34,
                                  "column": 15,
                                  "endLine": 34,
                                  "endColumn": 18
                                }
                              ]
                            }
                          ]
                        }
                      ]
                    }
                  ]
                },
                {
                  "type": "ConstructorDeclaration",
                  "name": "LargeTreeNode",
                  "line": 44,
                  "column": 5,
                  "endLine": 46,
                  "endColumn": 5,
                  "attrs": {
                    "modifiers": "[public ]",
                    "throws": "[]",
                    "annotations": "[]",
                    "params": "[E data, LargeTreeNode<E> parentNode]"
                  },
                  "children": [
                    {
                      "type": "Javadoc",
                      "name": "",
                      "line": 37,
                      "column": 5,
                      "endLine": 43,
                      "endColumn": 7,
                      "value": "\n     * Initializes the Nodes' data and parent node reference.\n     *\n     * @param data Value to which data will be initialized.\n     * @param parentNode Value to which the nodes' parent reference will be set.\n     * @see TreeNode#TreeNode(Object, Node)\n     "
                    },
                    {
                      "type": "Modifier",
                      "name": "",
                      "line": 44,
                      "column": 5,
                      "endLine": 44,
                      "endColumn": 10
                    },
                    {
                      "type": "SimpleName",
                      "name": "",
                      "line": 44,
                      "column": 12,
                      "endLine": 44,
                      "endColumn": 24
                    },
                    {
                      "type": "Parameter",
                      "name": "data",
                      "line": 44,
                      "column": 26,
                      "endLine": 44,
                      "endColumn": 31,
                      "attrs": {
                        "modifiers": "[]",
                        "type": "E",
                        "isVarArgs": "false",
                        "annotations": "[]"
                      },
                      "children": [
                        {
                          "type": "ClassOrInterfaceType",
                          "name": "E",
                          "line": 44,
                          "column": 26,
                          "endLine": 44,
                          "endColumn": 26,
                          "children": [
                            {
                              "type": "SimpleName",
                              "name": "",
                              "line": 44,
                              "column": 26,
                              "endLine": 44,
                              "endColumn": 26
                            }
                          ]
                        },
                        {
                          "type": "SimpleName",
                          "name": "",
                          "line": 44,
                          "column": 28,
                          "endLine": 44,
                          "endColumn": 31
                        }
                      ]
                    },
                    {
                      "type": "Parameter",
                      "name": "parentNode",
                      "line": 44,
                      "column": 34,
                      "endLine": 44,
                      "endColumn": 60,
                      "attrs": {
                        "modifiers": "[]",
                        "type": "LargeTreeNode<E>",
                        "isVarArgs": "false",
                        "annotations": "[]"
                      },
                      "children": [
                        {
                          "type": "ClassOrInterfaceType",
                          "name": "LargeTreeNode",
                          "line": 44,
                          "column": 34,
                          "endLine": 44,
                          "endColumn": 49,
                          "attrs": {
                            "typeArgs": "[E]"
                          },
                          "children": [
                            {
                              "type": "SimpleName",
                              "name": "",
                              "line": 44,
                              "column": 34,
                              "endLine": 44,
                              "endColumn": 46
                            },
                            {
                              "type": "ClassOrInterfaceType",
                              "name": "E",
                              "line": 44,
                              "column": 48,
                              "endLine": 44,
                              "endColumn": 48,
                              "children": [
                                {
                                  "type": "SimpleName",
                                  "name": "",
                                  "line": 44,
                                  "column": 48,
                                  "endLine": 44,
                                  "endColumn": 48
                                }
                              ]
                            }
                          ]
                        },
                        {
                          "type": "SimpleName",
                          "name": "",
                          "line": 44,
                          "column": 51,
                          "endLine": 44,
                          "endColumn": 60
                        }
                      ]
                    },
                    {
                      "type": "BlockStmt",
                      "name": "",
                      "line": 44,
                      "column": 63,
                      "endLine": 46,
                      "endColumn": 5,
                      "children": [
                        {
                          "type": "ExplicitConstructorInvocationStmt",
                          "name": "",
                          "line": 45,
                          "column": 9,
                          "endLine": 45,
                          "endColumn": 32,
                          "attrs": {
                            "args": "[data, parentNode]"
                          },
                          "children": [
                            {
                              "type": "NameExpr",
                              "name": "data",
                              "line": 45,
                              "column": 15,
                              "endLine": 45,
                              "endColumn": 18,
                              "children": [
                                {
                                  "type": "SimpleName",
                                  "name": "",
                                  "line": 45,
                                  "column": 15,
                                  "endLine": 45,
                                  "endColumn": 18
                                }
                              ]
                            },
                            {
                              "type": "NameExpr",
                              "name": "parentNode",
                              "line": 45,
                              "column": 21,
                              "endLine": 45,
                              "endColumn": 30,
                              "children": [
                                {
                                  "type": "SimpleName",
                                  "name": "",
                                  "line": 45,
                                  "column": 21,
                                  "endLine": 45,
                                  "endColumn": 30
                                }
                              ]
                            }
                          ]
                        }
                      ]
                    }
                  ]
                },
                {
                  "type": "ConstructorDeclaration",
                  "name": "LargeTreeNode",
                  "line": 56,
                  "column": 5,
                  "endLine": 59,
                  "endColumn": 5,
                  "attrs": {
                    "modifiers": "[public ]",
                    "throws": "[]",
                    "annotations": "[]",
                    "params": "[E data, LargeTreeNode<E> parentNode, Collection<LargeTreeNode<E>> childNodes]"
                  },
                  "children": [
                    {
                      "type": "Javadoc",
                      "name": "",
                      "line": 48,
                      "column": 5,
                      "endLine": 55,
                      "endColumn": 7,
                      "value": "\n     * Initializes the Nodes' data and parent and child nodes references.\n     *\n     * @param data Value to which data will be initialized.\n     * @param parentNode Value to which the nodes' parent reference will be set.\n     * @param childNodes {@link Collection} of child Nodes.\n     * @see TreeNode#TreeNode(Object, Node)\n     "
                    },
                    {
                      "type": "Modifier",
                      "name": "",
                      "line": 56,
                      "column": 5,
                      "endLine": 56,
                      "endColumn": 10
                    },
                    {
                      "type": "SimpleName",
                      "name": "",
                      "line": 56,
                      "column": 12,
                      "endLine": 56,
                      "endColumn": 24
                    },
                    {
                      "type": "Parameter",
                      "name": "data",
                      "line": 56,
                      "column": 26,
                      "endLine": 56,
                      "endColumn": 31,
                      "attrs": {
                        "modifiers": "[]",
                        "type": "E",
                        "isVarArgs": "false",
                        "annotations": "[]"
                      },
                      "children": [
                        {
                          "type": "ClassOrInterfaceType",
                          "name": "E",
                          "line": 56,
                          "column": 26,
                          "endLine": 56,
                          "endColumn": 26,
                          "children": [
                            {
                              "type": "SimpleName",
                              "name": "",
                              "line": 56,
                              "column": 26,
                              "endLine": 56,
                              "endColumn": 26
                            }
                          ]
                        },
                        {
                          "type": "SimpleName",
                          "name": "",
                          "line": 56,
                          "column": 28,
                          "endLine": 56,
                          "endColumn": 31
                        }
                      ]
                    },
                    {
                      "type": "Parameter",
                      "name": "parentNode",
                      "line": 56,
                      "column": 34,
                      "endLine": 56,
                      "endColumn": 60,
                      "attrs": {
                        "modifiers": "[]",
                        "type": "LargeTreeNode<E>",
                        "isVarArgs": "false",
                        "annotations": "[]"
                      },
                      "children": [
                        {
                          "type": "ClassOrInterfaceType",
                          "name": "LargeTreeNode",
                          "line": 56,
                          "column": 34,
                          "endLine": 56,
                          "endColumn": 49,
                          "attrs": {
                            "typeArgs": "[E]"
                          },
                          "children": [
                            {
                              "type": "SimpleName",
                              "name": "",
                              "line": 56,
                              "column": 34,
                              "endLine": 56,
                              "endColumn": 46
                            },
                            {
                              "type": "ClassOrInterfaceType",
                              "name": "E",
                              "line": 56,
                              "column": 48,
                              "endLine": 56,
                              "endColumn": 48,
                              "children": [
                                {
                                  "type": "SimpleName",
                                  "name": "",
                                  "line": 56,
                                  "column": 48,
                                  "endLine": 56,
                                  "endColumn": 48
                                }
                              ]
                            }
                          ]
                        },
                        {
                          "type": "SimpleName",
                          "name": "",
                          "line": 56,
                          "column": 51,
                          "endLine": 56,
                          "endColumn": 60
                        }
                      ]
                    },
                    {
                      "type": "Parameter",
                      "name": "childNodes",
                      "line": 56,
                      "column": 63,
                      "endLine": 56,
                      "endColumn": 101,
                      "attrs": {
                        "modifiers": "[]",
                        "type": "Collection<LargeTreeNode<E>>",
                        "isVarArgs": "false",
                        "annotations": "[]"
                      },
                      "children": [
                        {
                          "type": "ClassOrInterfaceType",
                          "name": "Collection",
                          "line": 56,
                          "column": 63,
                          "endLine": 56,
                          "endColumn": 90,
                          "attrs": {
                            "typeArgs": "[LargeTreeNode<E>]"
                          },
                          "children": [
                            {
                              "type": "SimpleName",
                              "name": "",
                              "line": 56,
                              "column": 63,
                              "endLine": 56,
                              "endColumn": 72
                            },
                            {
                              "type": "ClassOrInterfaceType",
                              "name": "LargeTreeNode",
                              "line": 56,
                              "column": 74,
                              "endLine": 56,
                              "endColumn": 89,
                              "attrs": {
                                "typeArgs": "[E]"
                              },
                              "children": [
                                {
                                  "type": "SimpleName",
                                  "name": "",
                                  "line": 56,
                                  "column": 74,
                                  "endLine": 56,
                                  "endColumn": 86
                                },
                                {
                                  "type": "ClassOrInterfaceType",
                                  "name": "E",
                                  "line": 56,
                                  "column": 88,
                                  "endLine": 56,
                                  "endColumn": 88,
                                  "children": [
                                    {
                                      "type": "SimpleName",
                                      "name": "",
                                      "line": 56,
                                      "column": 88,
                                      "endLine": 56,
                                      "endColumn": 88
                                    }
                                  ]
                                }
                              ]
                            }
                          ]
                        },
                        {
                          "type": "SimpleName",
                          "name": "",
                          "line": 56,
                          "column": 92,
                          "endLine": 56,
                          "endColumn": 101
                        }
                      ]
                    },
                    {
                      "type": "BlockStmt",
                      "name": "",
                      "line": 56,
                      "column": 104,
                      "endLine": 59,
                      "endColumn": 5,
                      "children": [
                        {
                          "type": "ExplicitConstructorInvocationStmt",
                          "name": "",
                          "line": 57,
                          "column": 9,
                          "endLine": 57,
                          "endColumn": 32,
                          "attrs": {
                            "args": "[data, parentNode]"
                          },
                          "children": [
                            {
                              "type": "NameExpr",
                              "name": "data",
                              "line": 57,
                              "column": 15,
                              "endLine": 57,
                              "endColumn": 18,
                              "children": [
                                {
                                  "type": "SimpleName",
                                  "name": "",
                                  "line": 57,
                                  "column": 15,
                                  "endLine": 57,
                                  "endColumn": 18
                                }
                              ]
                            },
                            {
                              "type": "NameExpr",
                              "name": "parentNode",
                              "line": 57,
                              "column": 21,
                              "endLine": 57,
                              "endColumn": 30,
                              "children": [
                                {
                                  "type": "SimpleName",
                                  "name": "",
                                  "line": 57,
                                  "column": 21,
                                  "endLine": 57,
                                  "endColumn": 30
                                }
                              ]
                            }
                          ]
                        },
                        {
                          "type": "ExpressionStmt",
                          "name": "",
                          "line": 58,
                          "column": 9,
                          "endLine": 58,
                          "endColumn": 37,
                          "attrs": {
                            "code": "this.childNodes = childNodes"
                          },
                          "children": [
                            {
                              "type": "AssignExpr",
                              "name": "",
                              "line": 58,
                              "column": 9,
                              "endLine": 58,
                              "endColumn": 36,
                              "attrs": {
                                "code": "this.childNodes = childNodes"
                              },
                              "children": [
                                {
                                  "type": "FieldAccessExpr",
                                  "name": "childNodes",
                                  "line": 58,
                                  "column": 9,
                                  "endLine": 58,
                                  "endColumn": 23,
                                  "children": [
                                    {
                                      "type": "ThisExpr",
                                      "name": "",
                                      "line": 58,
                                      "column": 9,
                                      "endLine": 58,
                                      "endColumn": 12
                                    },
                                    {
                                      "type": "SimpleName",
                                      "name": "",
                                      "line": 58,
                                      "column": 14,
                                      "endLine": 58,
                                      "endColumn": 23
                                    }
                                  ]
                                },
                                {
                                  "type": "NameExpr",
                                  "name": "childNodes",
                                  "line": 58,
                                  "column": 27,
                                  "endLine": 58,
                                  "endColumn": 36,
                                  "children": [
                                    {
                                      "type": "SimpleName",
                                      "name": "",
                                      "line": 58,
                                      "column": 27,
                                      "endLine": 58,
                                      "endColumn": 36
                                    }
                                  ]
                                }
                              ]
                            }
                          ]
                        }
                      ]
                    }
                  ]
                },
                {
                  "type": "MethodDeclaration",
                  "name": "isLeafNode",
                  "line": 65,
                  "column": 5,
                  "endLine": 68,
                  "endColumn": 5,
                  "value": "boolean",
                  "attrs": {
                    "modifiers": "[public ]",
                    "typeParams": "[]",
                    "throws": "[]",
                    "annotations": "[@Override]",
                    "type": "boolean",
                    "params": "[]"
                  },
                  "children": [
                    {
                      "type": "Javadoc",
                      "name": "",
                      "line": 61,
                      "column": 5,
                      "endLine": 64,
                      "endColumn": 7,
                      "value": "\n     * @return True if the node is a leaf node, otherwise false.\n     * @see TreeNode#isLeafNode()\n     "
                    },
                    {
                      "type": "MarkerAnnotationExpr",
                      "name": "Override",
                      "line": 65,
                      "column": 5,
                      "endLine": 65,
                      "endColumn": 13,
                      "children": [
                        {
                          "type": "Name",
                          "name": "",
                          "line": 65,
                          "column": 6,
                          "endLine": 65,
                          "endColumn": 13
                        }
                      ]
                    },
                    {
                      "type": "Modifier",
                      "name": "",
                      "line": 66,
                      "column": 5,
                      "endLine": 66,
                      "endColumn": 10
                    },
                    {
                      "type": "SimpleName",
                      "name": "",
                      "line": 66,
                      "column": 20,
                      "endLine": 66,
                      "endColumn": 29
                    },
                    {
                      "type": "PrimitiveType",
                      "name": "",
                      "line": 66,
                      "column": 12,
                      "endLine": 66,
                      "endColumn": 18
                    },
                    {
                      "type": "BlockStmt",
                      "name": "",
                      "line": 66,
                      "column": 33,
                      "endLine": 68,
                      "endColumn": 5,
                      "children": [
                        {
                          "type": "ReturnStmt",
                          "name": "return",
                          "line": 67,
                          "column": 9,
                          "endLine": 67,
                          "endColumn": 60,
                          "attrs": {
                            "expr": "(childNodes == null || childNodes.isEmpty())"
                          },
                          "children": [
                            {
                              "type": "EnclosedExpr",
                              "name": "",
                              "line": 67,
                              "column": 16,
                              "endLine": 67,
                              "endColumn": 59,
                              "children": [
                                {
                                  "type": "BinaryExpr",
                                  "name": "",
                                  "line": 67,
                                  "column": 17,
                                  "endLine": 67,
                                  "endColumn": 58,
                                  "children": [
                                    {
                                      "type": "BinaryExpr",
                                      "name": "",
                                      "line": 67,
                                      "column": 17,
                                      "endLine": 67,
                                      "endColumn": 34,
                                      "children": [
                                        {
                                          "type": "NameExpr",
                                          "name": "childNodes",
                                          "line": 67,
                                          "column": 17,
                                          "endLine": 67,
                                          "endColumn": 26,
                                          "children": [
                                            {
                                              "type": "SimpleName",
                                              "name": "",
                                              "line": 67,
                                              "column": 17,
                                              "endLine": 67,
                                              "endColumn": 26
                                            }
                                          ]
                                        },
                                        {
                                          "type": "NullLiteralExpr",
                                          "name": "",
                                          "line": 67,
                                          "column": 31,
                                          "endLine": 67,
                                          "endColumn": 34
                                        }
                                      ]
                                    },
                                    {
                                      "type": "MethodCallExpr",
                                      "name": "isEmpty",
                                      "line": 67,
                                      "column": 39,
                                      "endLine": 67,
                                      "endColumn": 58,
                                      "attrs": {
                                        "args": "[]",
                                        "code": "childNodes.isEmpty()"
                                      },
                                      "children": [
                                        {
                                          "type": "NameExpr",
                                          "name": "childNodes",
                                          "line": 67,
                                          "column": 39,
                                          "endLine": 67,
                                          "endColumn": 48,
                                          "children": [
                                            {
                                              "type": "SimpleName",
                                              "name": "",
                                              "line": 67,
                                              "column": 39,
                                              "endLine": 67,
                                              "endColumn": 48
                                            }
                                          ]
                                        },
                                        {
                                          "type": "SimpleName",
                                          "name": "",
                                          "line": 67,
                                          "column": 50,
                                          "endLine": 67,
                                          "endColumn": 56
                                        }
                                      ]
                                    }
                                  ]
                                }
                              ]
                            }
                          ]
                        }
                      ]
                    }
                  ]
                },
                {
                  "type": "MethodDeclaration",
                  "name": "getChildNodes",
                  "line": 70,
                  "column": 5,
                  "endLine": 72,
                  "endColumn": 5,
                  "value": "Collection<LargeTreeNode<E>>",
                  "attrs": {
                    "modifiers": "[public ]",
                    "typeParams": "[]",
                    "throws": "[]",
                    "annotations": "[]",
                    "type": "Collection<LargeTreeNode<E>>",
                    "params": "[]"
                  },
                  "children": [
                    {
                      "type": "Modifier",
                      "name": "",
                      "line": 70,
                      "column": 5,
                      "endLine": 70,
                      "endColumn": 10
                    },
                    {
                      "type": "SimpleName",
                      "name": "",
                      "line": 70,
                      "column": 41,
                      "endLine": 70,
                      "endColumn": 53
                    },
                    {
                      "type": "ClassOrInterfaceType",
                      "name": "Collection",
                      "line": 70,
                      "column": 12,
                      "endLine": 70,
                      "endColumn": 39,
                      "attrs": {
                        "typeArgs": "[LargeTreeNode<E>]"
                      },
                      "children": [
                        {
                          "type": "SimpleName",
                          "name": "",
                          "line": 70,
                          "column": 12,
                          "endLine": 70,
                          "endColumn": 21
                        },
                        {
                          "type": "ClassOrInterfaceType",
                          "name": "LargeTreeNode",
                          "line": 70,
                          "column": 23,
                          "endLine": 70,
                          "endColumn": 38,
                          "attrs": {
                            "typeArgs": "[E]"
                          },
                          "children": [
                            {
                              "type": "SimpleName",
                              "name": "",
                              "line": 70,
                              "column": 23,
                              "endLine": 70,
                              "endColumn": 35
                            },
                            {
                              "type": "ClassOrInterfaceType",
                              "name": "E",
                              "line": 70,
                              "column": 37,
                              "endLine": 70,
                              "endColumn": 37,
                              "children": [
                                {
                                  "type": "SimpleName",
                                  "name": "",
                                  "line": 70,
                                  "column": 37,
                                  "endLine": 70,
                                  "endColumn": 37
                                }
                              ]
                            }
                          ]
                        }
                      ]
                    },
                    {
                      "type": "BlockStmt",
                      "name": "",
                      "line": 70,
                      "column": 57,
                      "endLine": 72,
                      "endColumn": 5,
                      "children": [
                        {
                          "type": "ReturnStmt",
                          "name": "return",
                          "line": 71,
                          "column": 9,
                          "endLine": 71,
                          "endColumn": 26,
                          "attrs": {
                            "expr": "childNodes"
                          },
                          "children": [
                            {
                              "type": "NameExpr",
                              "name": "childNodes",
                              "line": 71,
                              "column": 16,
                              "endLine": 71,
                              "endColumn": 25,
                              "children": [
                                {
                                  "type": "SimpleName",
                                  "name": "",
                                  "line": 71,
                                  "column": 16,
                                  "endLine": 71,
                                  "endColumn": 25
                                }
                              ]
                            }
                          ]
                        }
                      ]
                    }
                  ]
                },
                {
                  "type": "MethodDeclaration",
                  "name": "setChildNodes",
                  "line": 74,
                  "column": 5,
                  "endLine": 76,
                  "endColumn": 5,
                  "value": "void",
                  "attrs": {
                    "modifiers": "[public ]",
                    "typeParams": "[]",
                    "throws": "[]",
                    "annotations": "[]",
                    "type": "void",
                    "params": "[Collection<LargeTreeNode<E>> childNodes]"
                  },
                  "children": [
                    {
                      "type": "Modifier",
                      "name": "",
                      "line": 74,
                      "column": 5,
                      "endLine": 74,
                      "endColumn": 10
                    },
                    {
                      "type": "SimpleName",
                      "name": "",
                      "line": 74,
                      "column": 17,
                      "endLine": 74,
                      "endColumn": 29
                    },
                    {
                      "type": "Parameter",
                      "name": "childNodes",
                      "line": 74,
                      "column": 31,
                      "endLine": 74,
                      "endColumn": 69,
                      "attrs": {
                        "modifiers": "[]",
                        "type": "Collection<LargeTreeNode<E>>",
                        "isVarArgs": "false",
                        "annotations": "[]"
                      },
                      "children": [
                        {
                          "type": "ClassOrInterfaceType",
                          "name": "Collection",
                          "line": 74,
                          "column": 31,
                          "endLine": 74,
                          "endColumn": 58,
                          "attrs": {
                            "typeArgs": "[LargeTreeNode<E>]"
                          },
                          "children": [
                            {
                              "type": "SimpleName",
                              "name": "",
                              "line": 74,
                              "column": 31,
                              "endLine": 74,
                              "endColumn": 40
                            },
                            {
                              "type": "ClassOrInterfaceType",
                              "name": "LargeTreeNode",
                              "line": 74,
                              "column": 42,
                              "endLine": 74,
                              "endColumn": 57,
                              "attrs": {
                                "typeArgs": "[E]"
                              },
                              "children": [
                                {
                                  "type": "SimpleName",
                                  "name": "",
                                  "line": 74,
                                  "column": 42,
                                  "endLine": 74,
                                  "endColumn": 54
                                },
                                {
                                  "type": "ClassOrInterfaceType",
                                  "name": "E",
                                  "line": 74,
                                  "column": 56,
                                  "endLine": 74,
                                  "endColumn": 56,
                                  "children": [
                                    {
                                      "type": "SimpleName",
                                      "name": "",
                                      "line": 74,
                                      "column": 56,
                                      "endLine": 74,
                                      "endColumn": 56
                                    }
                                  ]
                                }
                              ]
                            }
                          ]
                        },
                        {
                          "type": "SimpleName",
                          "name": "",
                          "line": 74,
                          "column": 60,
                          "endLine": 74,
                          "endColumn": 69
                        }
                      ]
                    },
                    {
                      "type": "VoidType",
                      "name": "",
                      "line": 74,
                      "column": 12,
                      "endLine": 74,
                      "endColumn": 15
                    },
                    {
                      "type": "BlockStmt",
                      "name": "",
                      "line": 74,
                      "column": 72,
                      "endLine": 76,
                      "endColumn": 5,
                      "children": [
                        {
                          "type": "ExpressionStmt",
                          "name": "",
                          "line": 75,
                          "column": 9,
                          "endLine": 75,
                          "endColumn": 37,
                          "attrs": {
                            "code": "this.childNodes = childNodes"
                          },
                          "children": [
                            {
                              "type": "AssignExpr",
                              "name": "",
                              "line": 75,
                              "column": 9,
                              "endLine": 75,
                              "endColumn": 36,
                              "attrs": {
                                "code": "this.childNodes = childNodes"
                              },
                              "children": [
                                {
                                  "type": "FieldAccessExpr",
                                  "name": "childNodes",
                                  "line": 75,
                                  "column": 9,
                                  "endLine": 75,
                                  "endColumn": 23,
                                  "children": [
                                    {
                                      "type": "ThisExpr",
                                      "name": "",
                                      "line": 75,
                                      "column": 9,
                                      "endLine": 75,
                                      "endColumn": 12
                                    },
                                    {
                                      "type": "SimpleName",
                                      "name": "",
                                      "line": 75,
                                      "column": 14,
                                      "endLine": 75,
                                      "endColumn": 23
                                    }
                                  ]
                                },
                                {
                                  "type": "NameExpr",
                                  "name": "childNodes",
                                  "line": 75,
                                  "column": 27,
                                  "endLine": 75,
                                  "endColumn": 36,
                                  "children": [
                                    {
                                      "type": "SimpleName",
                                      "name": "",
                                      "line": 75,
                                      "column": 27,
                                      "endLine": 75,
                                      "endColumn": 36
                                    }
                                  ]
                                }
                              ]
                            }
                          ]
                        }
                      ]
                    }
                  ]
                },
                {
                  "type": "TypeParameter",
                  "name": "E",
                  "line": 13,
                  "column": 28,
                  "endLine": 13,
                  "endColumn": 28,
                  "children": [
                    {
                      "type": "SimpleName",
                      "name": "",
                      "line": 13,
                      "column": 28,
                      "endLine": 13,
                      "endColumn": 28
                    }
                  ]
                },
                {
                  "type": "ClassOrInterfaceType",
                  "name": "TreeNode",
                  "line": 13,
                  "column": 39,
                  "endLine": 13,
                  "endColumn": 49,
                  "attrs": {
                    "typeArgs": "[E]"
                  },
                  "children": [
                    {
                      "type": "SimpleName",
                      "name": "",
                      "line": 13,
                      "column": 39,
                      "endLine": 13,
                      "endColumn": 46
                    },
                    {
                      "type": "ClassOrInterfaceType",
                      "name": "E",
                      "line": 13,
                      "column": 48,
                      "endLine": 13,
                      "endColumn": 48,
                      "children": [
                        {
                          "type": "SimpleName",
                          "name": "",
                          "line": 13,
                          "column": 48,
                          "endLine": 13,
                          "endColumn": 48
                        }
                      ]
                    }
                  ]
                }
              ]
            }
          ]
        }
      ]
    }
  ]
}