{
  "type": "Project",
  "name": "Project",
  "children": [
    {
      "type": "File",
      "name": "CountSinglyLinkedListRecursion.java",
      "value": "D:\\py-java-transform\\java to py\\java-to-python(init)\\java-to-python-main\\java to python-result\\67\\CountSinglyLinkedListRecursion\\CountSinglyLinkedListRecursion.java",
      "children": [
        {
          "type": "CompilationUnit",
          "name": "",
          "line": 1,
          "column": 1,
          "endLine": 29,
          "endColumn": 2,
          "children": [
            {
              "type": "PackageDeclaration",
              "name": "com.thealgorithms.datastructures.lists",
              "line": 1,
              "column": 1,
              "endLine": 1,
              "endColumn": 47,
              "attrs": {
                "name": "com.thealgorithms.datastructures.lists"
              },
              "children": [
                {
                  "type": "Name",
                  "name": "",
                  "line": 1,
                  "column": 9,
                  "endLine": 1,
                  "endColumn": 46,
                  "children": [
                    {
                      "type": "Name",
                      "name": "",
                      "line": 1,
                      "column": 9,
                      "endLine": 1,
                      "endColumn": 40,
                      "children": [
                        {
                          "type": "Name",
                          "name": "",
                          "line": 1,
                          "column": 9,
                          "endLine": 1,
                          "endColumn": 25,
                          "children": [
                            {
                              "type": "Name",
                              "name": "",
                              "line": 1,
                              "column": 9,
                              "endLine": 1,
                              "endColumn": 11
                            }
                          ]
                        }
                      ]
                    }
                  ]
                }
              ]
            },
            {
              "type": "ClassOrInterfaceDeclaration",
              "name": "CountSinglyLinkedListRecursion",
              "line": 7,
              "column": 1,
              "endLine": 29,
              "endColumn": 1,
              "value": "class",
              "attrs": {
                "modifiers": "[public ]",
                "typeParams": "[]",
                "extends": "[SinglyLinkedList]",
                "implements": "[]",
                "annotations": "[]"
              },
              "children": [
                {
                  "type": "Javadoc",
                  "name": "",
                  "line": 3,
                  "column": 1,
                  "endLine": 6,
                  "endColumn": 3,
                  "value": "\n * CountSinglyLinkedListRecursion extends a singly linked list to include a\n * recursive count method, which calculates the number of nodes in the list.\n "
                },
                {
                  "type": "Modifier",
                  "name": "",
                  "line": 7,
                  "column": 1,
                  "endLine": 7,
                  "endColumn": 6
                },
                {
                  "type": "SimpleName",
                  "name": "",
                  "line": 7,
                  "column": 14,
                  "endLine": 7,
                  "endColumn": 43
                },
                {
                  "type": "MethodDeclaration",
                  "name": "countRecursion",
                  "line": 15,
                  "column": 5,
                  "endLine": 17,
                  "endColumn": 5,
                  "value": "int",
                  "attrs": {
                    "modifiers": "[private ]",
                    "typeParams": "[]",
                    "throws": "[]",
                    "annotations": "[]",
                    "type": "int",
                    "params": "[SinglyLinkedListNode head]"
                  },
                  "children": [
                    {
                      "type": "Javadoc",
                      "name": "",
                      "line": 9,
                      "column": 5,
                      "endLine": 14,
                      "endColumn": 7,
                      "value": "\n     * Recursively calculates the number of nodes in the list.\n     *\n     * @param head the head node of the list segment being counted.\n     * @return the count of nodes from the given head node onward.\n     "
                    },
                    {
                      "type": "Modifier",
                      "name": "",
                      "line": 15,
                      "column": 5,
                      "endLine": 15,
                      "endColumn": 11
                    },
                    {
                      "type": "SimpleName",
                      "name": "",
                      "line": 15,
                      "column": 17,
                      "endLine": 15,
                      "endColumn": 30
                    },
                    {
                      "type": "Parameter",
                      "name": "head",
                      "line": 15,
                      "column": 32,
                      "endLine": 15,
                      "endColumn": 56,
                      "attrs": {
                        "modifiers": "[]",
                        "type": "SinglyLinkedListNode",
                        "isVarArgs": "false",
                        "annotations": "[]"
                      },
                      "children": [
                        {
                          "type": "ClassOrInterfaceType",
                          "name": "SinglyLinkedListNode",
                          "line": 15,
                          "column": 32,
                          "endLine": 15,
                          "endColumn": 51,
                          "children": [
                            {
                              "type": "SimpleName",
                              "name": "",
                              "line": 15,
                              "column": 32,
                              "endLine": 15,
                              "endColumn": 51
                            }
                          ]
                        },
                        {
                          "type": "SimpleName",
                          "name": "",
                          "line": 15,
                          "column": 53,
                          "endLine": 15,
                          "endColumn": 56
                        }
                      ]
                    },
                    {
                      "type": "PrimitiveType",
                      "name": "",
                      "line": 15,
                      "column": 13,
                      "endLine": 15,
                      "endColumn": 15
                    },
                    {
                      "type": "BlockStmt",
                      "name": "",
                      "line": 15,
                      "column": 59,
                      "endLine": 17,
                      "endColumn": 5,
                      "children": [
                        {
                          "type": "ReturnStmt",
                          "name": "return",
                          "line": 16,
                          "column": 9,
                          "endLine": 16,
                          "endColumn": 64,
                          "attrs": {
                            "expr": "head == null ? 0 : 1 + countRecursion(head.next)"
                          },
                          "children": [
                            {
                              "type": "ConditionalExpr",
                              "name": "",
                              "line": 16,
                              "column": 16,
                              "endLine": 16,
                              "endColumn": 63,
                              "children": [
                                {
                                  "type": "BinaryExpr",
                                  "name": "",
                                  "line": 16,
                                  "column": 16,
                                  "endLine": 16,
                                  "endColumn": 27,
                                  "children": [
                                    {
                                      "type": "NameExpr",
                                      "name": "head",
                                      "line": 16,
                                      "column": 16,
                                      "endLine": 16,
                                      "endColumn": 19,
                                      "children": [
                                        {
                                          "type": "SimpleName",
                                          "name": "",
                                          "line": 16,
                                          "column": 16,
                                          "endLine": 16,
                                          "endColumn": 19
                                        }
                                      ]
                                    },
                                    {
                                      "type": "NullLiteralExpr",
                                      "name": "",
                                      "line": 16,
                                      "column": 24,
                                      "endLine": 16,
                                      "endColumn": 27
                                    }
                                  ]
                                },
                                {
                                  "type": "IntegerLiteralExpr",
                                  "name": "",
                                  "line": 16,
                                  "column": 31,
                                  "endLine": 16,
                                  "endColumn": 31
                                },
                                {
                                  "type": "BinaryExpr",
                                  "name": "",
                                  "line": 16,
                                  "column": 35,
                                  "endLine": 16,
                                  "endColumn": 63,
                                  "children": [
                                    {
                                      "type": "IntegerLiteralExpr",
                                      "name": "",
                                      "line": 16,
                                      "column": 35,
                                      "endLine": 16,
                                      "endColumn": 35
                                    },
                                    {
                                      "type": "MethodCallExpr",
                                      "name": "countRecursion",
                                      "line": 16,
                                      "column": 39,
                                      "endLine": 16,
                                      "endColumn": 63,
                                      "attrs": {
                                        "args": "[head.next]",
                                        "code": "countRecursion(head.next)"
                                      },
                                      "children": [
                                        {
                                          "type": "SimpleName",
                                          "name": "",
                                          "line": 16,
                                          "column": 39,
                                          "endLine": 16,
                                          "endColumn": 52
                                        },
                                        {
                                          "type": "FieldAccessExpr",
                                          "name": "next",
                                          "line": 16,
                                          "column": 54,
                                          "endLine": 16,
                                          "endColumn": 62,
                                          "children": [
                                            {
                                              "type": "NameExpr",
                                              "name": "head",
                                              "line": 16,
                                              "column": 54,
                                              "endLine": 16,
                                              "endColumn": 57,
                                              "children": [
                                                {
                                                  "type": "SimpleName",
                                                  "name": "",
                                                  "line": 16,
                                                  "column": 54,
                                                  "endLine": 16,
                                                  "endColumn": 57
                                                }
                                              ]
                                            },
                                            {
                                              "type": "SimpleName",
                                              "name": "",
                                              "line": 16,
                                              "column": 59,
                                              "endLine": 16,
                                              "endColumn": 62
                                            }
                                          ]
                                        }
                                      ]
                                    }
                                  ]
                                }
                              ]
                            }
                          ]
                        }
                      ]
                    }
                  ]
                },
                {
                  "type": "MethodDeclaration",
                  "name": "count",
                  "line": 25,
                  "column": 5,
                  "endLine": 28,
                  "endColumn": 5,
                  "value": "int",
                  "attrs": {
                    "modifiers": "[public ]",
                    "typeParams": "[]",
                    "throws": "[]",
                    "annotations": "[@Override]",
                    "type": "int",
                    "params": "[]"
                  },
                  "children": [
                    {
                      "type": "Javadoc",
                      "name": "",
                      "line": 19,
                      "column": 5,
                      "endLine": 24,
                      "endColumn": 7,
                      "value": "\n     * Returns the total number of nodes in the list by invoking the recursive\n     * count helper method.\n     *\n     * @return the total node count in the list.\n     "
                    },
                    {
                      "type": "MarkerAnnotationExpr",
                      "name": "Override",
                      "line": 25,
                      "column": 5,
                      "endLine": 25,
                      "endColumn": 13,
                      "children": [
                        {
                          "type": "Name",
                          "name": "",
                          "line": 25,
                          "column": 6,
                          "endLine": 25,
                          "endColumn": 13
                        }
                      ]
                    },
                    {
                      "type": "Modifier",
                      "name": "",
                      "line": 26,
                      "column": 5,
                      "endLine": 26,
                      "endColumn": 10
                    },
                    {
                      "type": "SimpleName",
                      "name": "",
                      "line": 26,
                      "column": 16,
                      "endLine": 26,
                      "endColumn": 20
                    },
                    {
                      "type": "PrimitiveType",
                      "name": "",
                      "line": 26,
                      "column": 12,
                      "endLine": 26,
                      "endColumn": 14
                    },
                    {
                      "type": "BlockStmt",
                      "name": "",
                      "line": 26,
                      "column": 24,
                      "endLine": 28,
                      "endColumn": 5,
                      "children": [
                        {
                          "type": "ReturnStmt",
                          "name": "return",
                          "line": 27,
                          "column": 9,
                          "endLine": 27,
                          "endColumn": 41,
                          "attrs": {
                            "expr": "countRecursion(getHead())"
                          },
                          "children": [
                            {
                              "type": "MethodCallExpr",
                              "name": "countRecursion",
                              "line": 27,
                              "column": 16,
                              "endLine": 27,
                              "endColumn": 40,
                              "attrs": {
                                "args": "[getHead()]",
                                "code": "countRecursion(getHead())"
                              },
                              "children": [
                                {
                                  "type": "SimpleName",
                                  "name": "",
                                  "line": 27,
                                  "column": 16,
                                  "endLine": 27,
                                  "endColumn": 29
                                },
                                {
                                  "type": "MethodCallExpr",
                                  "name": "getHead",
                                  "line": 27,
                                  "column": 31,
                                  "endLine": 27,
                                  "endColumn": 39,
                                  "attrs": {
                                    "args": "[]",
                                    "code": "getHead()"
                                  },
                                  "children": [
                                    {
                                      "type": "SimpleName",
                                      "name": "",
                                      "line": 27,
                                      "column": 31,
                                      "endLine": 27,
                                      "endColumn": 37
                                    }
                                  ]
                                }
                              ]
                            }
                          ]
                        }
                      ]
                    }
                  ]
                },
                {
                  "type": "ClassOrInterfaceType",
                  "name": "SinglyLinkedList",
                  "line": 7,
                  "column": 53,
                  "endLine": 7,
                  "endColumn": 68,
                  "children": [
                    {
                      "type": "SimpleName",
                      "name": "",
                      "line": 7,
                      "column": 53,
                      "endLine": 7,
                      "endColumn": 68
                    }
                  ]
                }
              ]
            }
          ]
        }
      ]
    }
  ]
}