{
  "type": "Project",
  "name": "Project",
  "children": [
    {
      "type": "File",
      "name": "SimpleNode.java",
      "value": "D:\\py-java-transform\\java to py\\java-to-python_user\\java-to-python-main\\java to python-result\\195\\SimpleNode.java",
      "children": [
        {
          "type": "CompilationUnit",
          "name": "",
          "line": 1,
          "column": 1,
          "endLine": 59,
          "endColumn": 2,
          "children": [
            {
              "type": "PackageDeclaration",
              "name": "com.thealgorithms.devutils.nodes",
              "line": 1,
              "column": 1,
              "endLine": 1,
              "endColumn": 41,
              "attrs": {
                "name": "com.thealgorithms.devutils.nodes"
              },
              "children": [
                {
                  "type": "Name",
                  "name": "",
                  "line": 1,
                  "column": 9,
                  "endLine": 1,
                  "endColumn": 40,
                  "children": [
                    {
                      "type": "Name",
                      "name": "",
                      "line": 1,
                      "column": 9,
                      "endLine": 1,
                      "endColumn": 34,
                      "children": [
                        {
                          "type": "Name",
                          "name": "",
                          "line": 1,
                          "column": 9,
                          "endLine": 1,
                          "endColumn": 25,
                          "children": [
                            {
                              "type": "Name",
                              "name": "",
                              "line": 1,
                              "column": 9,
                              "endLine": 1,
                              "endColumn": 11
                            }
                          ]
                        }
                      ]
                    }
                  ]
                }
              ]
            },
            {
              "type": "ClassOrInterfaceDeclaration",
              "name": "SimpleNode",
              "line": 10,
              "column": 1,
              "endLine": 59,
              "endColumn": 1,
              "value": "class",
              "attrs": {
                "modifiers": "[public ]",
                "typeParams": "[E]",
                "extends": "[Node<E>]",
                "implements": "[]",
                "annotations": "[]"
              },
              "children": [
                {
                  "type": "Javadoc",
                  "name": "",
                  "line": 3,
                  "column": 1,
                  "endLine": 9,
                  "endColumn": 3,
                  "value": "\n * Simple Node implementation that holds a reference to the next Node.\n *\n * @param <E> The type of the data held in the Node.\n *\n * @author <a href=\"https://github.com/aitorfi\">aitorfi</a>\n "
                },
                {
                  "type": "Modifier",
                  "name": "",
                  "line": 10,
                  "column": 1,
                  "endLine": 10,
                  "endColumn": 6
                },
                {
                  "type": "SimpleName",
                  "name": "",
                  "line": 10,
                  "column": 14,
                  "endLine": 10,
                  "endColumn": 23
                },
                {
                  "type": "FieldDeclaration",
                  "name": "",
                  "line": 15,
                  "column": 5,
                  "endLine": 15,
                  "endColumn": 35,
                  "value": "SimpleNode<E>",
                  "attrs": {
                    "modifiers": "[private ]",
                    "annotations": "[]"
                  },
                  "children": [
                    {
                      "type": "Javadoc",
                      "name": "",
                      "line": 12,
                      "column": 5,
                      "endLine": 14,
                      "endColumn": 7,
                      "value": "\n     * Reference to the next Node.\n     "
                    },
                    {
                      "type": "Modifier",
                      "name": "",
                      "line": 15,
                      "column": 5,
                      "endLine": 15,
                      "endColumn": 11
                    },
                    {
                      "type": "VariableDeclarator",
                      "name": "nextNode",
                      "line": 15,
                      "column": 27,
                      "endLine": 15,
                      "endColumn": 34,
                      "value": "SimpleNode<E>",
                      "attrs": {
                        "type": "SimpleNode<E>"
                      },
                      "children": [
                        {
                          "type": "ClassOrInterfaceType",
                          "name": "SimpleNode",
                          "line": 15,
                          "column": 13,
                          "endLine": 15,
                          "endColumn": 25,
                          "attrs": {
                            "typeArgs": "[E]"
                          },
                          "children": [
                            {
                              "type": "SimpleName",
                              "name": "",
                              "line": 15,
                              "column": 13,
                              "endLine": 15,
                              "endColumn": 22
                            },
                            {
                              "type": "ClassOrInterfaceType",
                              "name": "E",
                              "line": 15,
                              "column": 24,
                              "endLine": 15,
                              "endColumn": 24,
                              "children": [
                                {
                                  "type": "SimpleName",
                                  "name": "",
                                  "line": 15,
                                  "column": 24,
                                  "endLine": 15,
                                  "endColumn": 24
                                }
                              ]
                            }
                          ]
                        },
                        {
                          "type": "SimpleName",
                          "name": "",
                          "line": 15,
                          "column": 27,
                          "endLine": 15,
                          "endColumn": 34
                        }
                      ]
                    }
                  ]
                },
                {
                  "type": "ConstructorDeclaration",
                  "name": "SimpleNode",
                  "line": 20,
                  "column": 5,
                  "endLine": 22,
                  "endColumn": 5,
                  "attrs": {
                    "modifiers": "[public ]",
                    "throws": "[]",
                    "annotations": "[]",
                    "params": "[]"
                  },
                  "children": [
                    {
                      "type": "Javadoc",
                      "name": "",
                      "line": 17,
                      "column": 5,
                      "endLine": 19,
                      "endColumn": 7,
                      "value": "\n     * Empty constructor.\n     "
                    },
                    {
                      "type": "Modifier",
                      "name": "",
                      "line": 20,
                      "column": 5,
                      "endLine": 20,
                      "endColumn": 10
                    },
                    {
                      "type": "SimpleName",
                      "name": "",
                      "line": 20,
                      "column": 12,
                      "endLine": 20,
                      "endColumn": 21
                    },
                    {
                      "type": "BlockStmt",
                      "name": "",
                      "line": 20,
                      "column": 25,
                      "endLine": 22,
                      "endColumn": 5,
                      "children": [
                        {
                          "type": "ExplicitConstructorInvocationStmt",
                          "name": "",
                          "line": 21,
                          "column": 9,
                          "endLine": 21,
                          "endColumn": 16,
                          "attrs": {
                            "args": "[]"
                          }
                        }
                      ]
                    }
                  ]
                },
                {
                  "type": "ConstructorDeclaration",
                  "name": "SimpleNode",
                  "line": 30,
                  "column": 5,
                  "endLine": 32,
                  "endColumn": 5,
                  "attrs": {
                    "modifiers": "[public ]",
                    "throws": "[]",
                    "annotations": "[]",
                    "params": "[E data]"
                  },
                  "children": [
                    {
                      "type": "Javadoc",
                      "name": "",
                      "line": 24,
                      "column": 5,
                      "endLine": 29,
                      "endColumn": 7,
                      "value": "\n     * Initializes the Nodes' data.\n     *\n     * @param data Value to which data will be initialized.\n     * @see Node#Node(Object)\n     "
                    },
                    {
                      "type": "Modifier",
                      "name": "",
                      "line": 30,
                      "column": 5,
                      "endLine": 30,
                      "endColumn": 10
                    },
                    {
                      "type": "SimpleName",
                      "name": "",
                      "line": 30,
                      "column": 12,
                      "endLine": 30,
                      "endColumn": 21
                    },
                    {
                      "type": "Parameter",
                      "name": "data",
                      "line": 30,
                      "column": 23,
                      "endLine": 30,
                      "endColumn": 28,
                      "attrs": {
                        "modifiers": "[]",
                        "type": "E",
                        "isVarArgs": "false",
                        "annotations": "[]"
                      },
                      "children": [
                        {
                          "type": "ClassOrInterfaceType",
                          "name": "E",
                          "line": 30,
                          "column": 23,
                          "endLine": 30,
                          "endColumn": 23,
                          "children": [
                            {
                              "type": "SimpleName",
                              "name": "",
                              "line": 30,
                              "column": 23,
                              "endLine": 30,
                              "endColumn": 23
                            }
                          ]
                        },
                        {
                          "type": "SimpleName",
                          "name": "",
                          "line": 30,
                          "column": 25,
                          "endLine": 30,
                          "endColumn": 28
                        }
                      ]
                    },
                    {
                      "type": "BlockStmt",
                      "name": "",
                      "line": 30,
                      "column": 31,
                      "endLine": 32,
                      "endColumn": 5,
                      "children": [
                        {
                          "type": "ExplicitConstructorInvocationStmt",
                          "name": "",
                          "line": 31,
                          "column": 9,
                          "endLine": 31,
                          "endColumn": 20,
                          "attrs": {
                            "args": "[data]"
                          },
                          "children": [
                            {
                              "type": "NameExpr",
                              "name": "data",
                              "line": 31,
                              "column": 15,
                              "endLine": 31,
                              "endColumn": 18,
                              "children": [
                                {
                                  "type": "SimpleName",
                                  "name": "",
                                  "line": 31,
                                  "column": 15,
                                  "endLine": 31,
                                  "endColumn": 18
                                }
                              ]
                            }
                          ]
                        }
                      ]
                    }
                  ]
                },
                {
                  "type": "ConstructorDeclaration",
                  "name": "SimpleNode",
                  "line": 40,
                  "column": 5,
                  "endLine": 43,
                  "endColumn": 5,
                  "attrs": {
                    "modifiers": "[public ]",
                    "throws": "[]",
                    "annotations": "[]",
                    "params": "[E data, SimpleNode<E> nextNode]"
                  },
                  "children": [
                    {
                      "type": "Javadoc",
                      "name": "",
                      "line": 34,
                      "column": 5,
                      "endLine": 39,
                      "endColumn": 7,
                      "value": "\n     * Initializes the Nodes' data and next node reference.\n     *\n     * @param data Value to which data will be initialized.\n     * @param nextNode Value to which the next node reference will be set.\n     "
                    },
                    {
                      "type": "Modifier",
                      "name": "",
                      "line": 40,
                      "column": 5,
                      "endLine": 40,
                      "endColumn": 10
                    },
                    {
                      "type": "SimpleName",
                      "name": "",
                      "line": 40,
                      "column": 12,
                      "endLine": 40,
                      "endColumn": 21
                    },
                    {
                      "type": "Parameter",
                      "name": "data",
                      "line": 40,
                      "column": 23,
                      "endLine": 40,
                      "endColumn": 28,
                      "attrs": {
                        "modifiers": "[]",
                        "type": "E",
                        "isVarArgs": "false",
                        "annotations": "[]"
                      },
                      "children": [
                        {
                          "type": "ClassOrInterfaceType",
                          "name": "E",
                          "line": 40,
                          "column": 23,
                          "endLine": 40,
                          "endColumn": 23,
                          "children": [
                            {
                              "type": "SimpleName",
                              "name": "",
                              "line": 40,
                              "column": 23,
                              "endLine": 40,
                              "endColumn": 23
                            }
                          ]
                        },
                        {
                          "type": "SimpleName",
                          "name": "",
                          "line": 40,
                          "column": 25,
                          "endLine": 40,
                          "endColumn": 28
                        }
                      ]
                    },
                    {
                      "type": "Parameter",
                      "name": "nextNode",
                      "line": 40,
                      "column": 31,
                      "endLine": 40,
                      "endColumn": 52,
                      "attrs": {
                        "modifiers": "[]",
                        "type": "SimpleNode<E>",
                        "isVarArgs": "false",
                        "annotations": "[]"
                      },
                      "children": [
                        {
                          "type": "ClassOrInterfaceType",
                          "name": "SimpleNode",
                          "line": 40,
                          "column": 31,
                          "endLine": 40,
                          "endColumn": 43,
                          "attrs": {
                            "typeArgs": "[E]"
                          },
                          "children": [
                            {
                              "type": "SimpleName",
                              "name": "",
                              "line": 40,
                              "column": 31,
                              "endLine": 40,
                              "endColumn": 40
                            },
                            {
                              "type": "ClassOrInterfaceType",
                              "name": "E",
                              "line": 40,
                              "column": 42,
                              "endLine": 40,
                              "endColumn": 42,
                              "children": [
                                {
                                  "type": "SimpleName",
                                  "name": "",
                                  "line": 40,
                                  "column": 42,
                                  "endLine": 40,
                                  "endColumn": 42
                                }
                              ]
                            }
                          ]
                        },
                        {
                          "type": "SimpleName",
                          "name": "",
                          "line": 40,
                          "column": 45,
                          "endLine": 40,
                          "endColumn": 52
                        }
                      ]
                    },
                    {
                      "type": "BlockStmt",
                      "name": "",
                      "line": 40,
                      "column": 55,
                      "endLine": 43,
                      "endColumn": 5,
                      "children": [
                        {
                          "type": "ExplicitConstructorInvocationStmt",
                          "name": "",
                          "line": 41,
                          "column": 9,
                          "endLine": 41,
                          "endColumn": 20,
                          "attrs": {
                            "args": "[data]"
                          },
                          "children": [
                            {
                              "type": "NameExpr",
                              "name": "data",
                              "line": 41,
                              "column": 15,
                              "endLine": 41,
                              "endColumn": 18,
                              "children": [
                                {
                                  "type": "SimpleName",
                                  "name": "",
                                  "line": 41,
                                  "column": 15,
                                  "endLine": 41,
                                  "endColumn": 18
                                }
                              ]
                            }
                          ]
                        },
                        {
                          "type": "ExpressionStmt",
                          "name": "",
                          "line": 42,
                          "column": 9,
                          "endLine": 42,
                          "endColumn": 33,
                          "attrs": {
                            "code": "this.nextNode = nextNode"
                          },
                          "children": [
                            {
                              "type": "AssignExpr",
                              "name": "",
                              "line": 42,
                              "column": 9,
                              "endLine": 42,
                              "endColumn": 32,
                              "attrs": {
                                "code": "this.nextNode = nextNode"
                              },
                              "children": [
                                {
                                  "type": "FieldAccessExpr",
                                  "name": "nextNode",
                                  "line": 42,
                                  "column": 9,
                                  "endLine": 42,
                                  "endColumn": 21,
                                  "children": [
                                    {
                                      "type": "ThisExpr",
                                      "name": "",
                                      "line": 42,
                                      "column": 9,
                                      "endLine": 42,
                                      "endColumn": 12
                                    },
                                    {
                                      "type": "SimpleName",
                                      "name": "",
                                      "line": 42,
                                      "column": 14,
                                      "endLine": 42,
                                      "endColumn": 21
                                    }
                                  ]
                                },
                                {
                                  "type": "NameExpr",
                                  "name": "nextNode",
                                  "line": 42,
                                  "column": 25,
                                  "endLine": 42,
                                  "endColumn": 32,
                                  "children": [
                                    {
                                      "type": "SimpleName",
                                      "name": "",
                                      "line": 42,
                                      "column": 25,
                                      "endLine": 42,
                                      "endColumn": 32
                                    }
                                  ]
                                }
                              ]
                            }
                          ]
                        }
                      ]
                    }
                  ]
                },
                {
                  "type": "MethodDeclaration",
                  "name": "hasNext",
                  "line": 48,
                  "column": 5,
                  "endLine": 50,
                  "endColumn": 5,
                  "value": "boolean",
                  "attrs": {
                    "modifiers": "[public ]",
                    "typeParams": "[]",
                    "throws": "[]",
                    "annotations": "[]",
                    "type": "boolean",
                    "params": "[]"
                  },
                  "children": [
                    {
                      "type": "Javadoc",
                      "name": "",
                      "line": 45,
                      "column": 5,
                      "endLine": 47,
                      "endColumn": 7,
                      "value": "\n     * @return True if there is a next node, otherwise false.\n     "
                    },
                    {
                      "type": "Modifier",
                      "name": "",
                      "line": 48,
                      "column": 5,
                      "endLine": 48,
                      "endColumn": 10
                    },
                    {
                      "type": "SimpleName",
                      "name": "",
                      "line": 48,
                      "column": 20,
                      "endLine": 48,
                      "endColumn": 26
                    },
                    {
                      "type": "PrimitiveType",
                      "name": "",
                      "line": 48,
                      "column": 12,
                      "endLine": 48,
                      "endColumn": 18
                    },
                    {
                      "type": "BlockStmt",
                      "name": "",
                      "line": 48,
                      "column": 30,
                      "endLine": 50,
                      "endColumn": 5,
                      "children": [
                        {
                          "type": "ReturnStmt",
                          "name": "return",
                          "line": 49,
                          "column": 9,
                          "endLine": 49,
                          "endColumn": 34,
                          "attrs": {
                            "expr": "(nextNode != null)"
                          },
                          "children": [
                            {
                              "type": "EnclosedExpr",
                              "name": "",
                              "line": 49,
                              "column": 16,
                              "endLine": 49,
                              "endColumn": 33,
                              "children": [
                                {
                                  "type": "BinaryExpr",
                                  "name": "",
                                  "line": 49,
                                  "column": 17,
                                  "endLine": 49,
                                  "endColumn": 32,
                                  "children": [
                                    {
                                      "type": "NameExpr",
                                      "name": "nextNode",
                                      "line": 49,
                                      "column": 17,
                                      "endLine": 49,
                                      "endColumn": 24,
                                      "children": [
                                        {
                                          "type": "SimpleName",
                                          "name": "",
                                          "line": 49,
                                          "column": 17,
                                          "endLine": 49,
                                          "endColumn": 24
                                        }
                                      ]
                                    },
                                    {
                                      "type": "NullLiteralExpr",
                                      "name": "",
                                      "line": 49,
                                      "column": 29,
                                      "endLine": 49,
                                      "endColumn": 32
                                    }
                                  ]
                                }
                              ]
                            }
                          ]
                        }
                      ]
                    }
                  ]
                },
                {
                  "type": "MethodDeclaration",
                  "name": "getNextNode",
                  "line": 52,
                  "column": 5,
                  "endLine": 54,
                  "endColumn": 5,
                  "value": "SimpleNode<E>",
                  "attrs": {
                    "modifiers": "[public ]",
                    "typeParams": "[]",
                    "throws": "[]",
                    "annotations": "[]",
                    "type": "SimpleNode<E>",
                    "params": "[]"
                  },
                  "children": [
                    {
                      "type": "Modifier",
                      "name": "",
                      "line": 52,
                      "column": 5,
                      "endLine": 52,
                      "endColumn": 10
                    },
                    {
                      "type": "SimpleName",
                      "name": "",
                      "line": 52,
                      "column": 26,
                      "endLine": 52,
                      "endColumn": 36
                    },
                    {
                      "type": "ClassOrInterfaceType",
                      "name": "SimpleNode",
                      "line": 52,
                      "column": 12,
                      "endLine": 52,
                      "endColumn": 24,
                      "attrs": {
                        "typeArgs": "[E]"
                      },
                      "children": [
                        {
                          "type": "SimpleName",
                          "name": "",
                          "line": 52,
                          "column": 12,
                          "endLine": 52,
                          "endColumn": 21
                        },
                        {
                          "type": "ClassOrInterfaceType",
                          "name": "E",
                          "line": 52,
                          "column": 23,
                          "endLine": 52,
                          "endColumn": 23,
                          "children": [
                            {
                              "type": "SimpleName",
                              "name": "",
                              "line": 52,
                              "column": 23,
                              "endLine": 52,
                              "endColumn": 23
                            }
                          ]
                        }
                      ]
                    },
                    {
                      "type": "BlockStmt",
                      "name": "",
                      "line": 52,
                      "column": 40,
                      "endLine": 54,
                      "endColumn": 5,
                      "children": [
                        {
                          "type": "ReturnStmt",
                          "name": "return",
                          "line": 53,
                          "column": 9,
                          "endLine": 53,
                          "endColumn": 24,
                          "attrs": {
                            "expr": "nextNode"
                          },
                          "children": [
                            {
                              "type": "NameExpr",
                              "name": "nextNode",
                              "line": 53,
                              "column": 16,
                              "endLine": 53,
                              "endColumn": 23,
                              "children": [
                                {
                                  "type": "SimpleName",
                                  "name": "",
                                  "line": 53,
                                  "column": 16,
                                  "endLine": 53,
                                  "endColumn": 23
                                }
                              ]
                            }
                          ]
                        }
                      ]
                    }
                  ]
                },
                {
                  "type": "MethodDeclaration",
                  "name": "setNextNode",
                  "line": 56,
                  "column": 5,
                  "endLine": 58,
                  "endColumn": 5,
                  "value": "void",
                  "attrs": {
                    "modifiers": "[public ]",
                    "typeParams": "[]",
                    "throws": "[]",
                    "annotations": "[]",
                    "type": "void",
                    "params": "[SimpleNode<E> nextNode]"
                  },
                  "children": [
                    {
                      "type": "Modifier",
                      "name": "",
                      "line": 56,
                      "column": 5,
                      "endLine": 56,
                      "endColumn": 10
                    },
                    {
                      "type": "SimpleName",
                      "name": "",
                      "line": 56,
                      "column": 17,
                      "endLine": 56,
                      "endColumn": 27
                    },
                    {
                      "type": "Parameter",
                      "name": "nextNode",
                      "line": 56,
                      "column": 29,
                      "endLine": 56,
                      "endColumn": 50,
                      "attrs": {
                        "modifiers": "[]",
                        "type": "SimpleNode<E>",
                        "isVarArgs": "false",
                        "annotations": "[]"
                      },
                      "children": [
                        {
                          "type": "ClassOrInterfaceType",
                          "name": "SimpleNode",
                          "line": 56,
                          "column": 29,
                          "endLine": 56,
                          "endColumn": 41,
                          "attrs": {
                            "typeArgs": "[E]"
                          },
                          "children": [
                            {
                              "type": "SimpleName",
                              "name": "",
                              "line": 56,
                              "column": 29,
                              "endLine": 56,
                              "endColumn": 38
                            },
                            {
                              "type": "ClassOrInterfaceType",
                              "name": "E",
                              "line": 56,
                              "column": 40,
                              "endLine": 56,
                              "endColumn": 40,
                              "children": [
                                {
                                  "type": "SimpleName",
                                  "name": "",
                                  "line": 56,
                                  "column": 40,
                                  "endLine": 56,
                                  "endColumn": 40
                                }
                              ]
                            }
                          ]
                        },
                        {
                          "type": "SimpleName",
                          "name": "",
                          "line": 56,
                          "column": 43,
                          "endLine": 56,
                          "endColumn": 50
                        }
                      ]
                    },
                    {
                      "type": "VoidType",
                      "name": "",
                      "line": 56,
                      "column": 12,
                      "endLine": 56,
                      "endColumn": 15
                    },
                    {
                      "type": "BlockStmt",
                      "name": "",
                      "line": 56,
                      "column": 53,
                      "endLine": 58,
                      "endColumn": 5,
                      "children": [
                        {
                          "type": "ExpressionStmt",
                          "name": "",
                          "line": 57,
                          "column": 9,
                          "endLine": 57,
                          "endColumn": 33,
                          "attrs": {
                            "code": "this.nextNode = nextNode"
                          },
                          "children": [
                            {
                              "type": "AssignExpr",
                              "name": "",
                              "line": 57,
                              "column": 9,
                              "endLine": 57,
                              "endColumn": 32,
                              "attrs": {
                                "code": "this.nextNode = nextNode"
                              },
                              "children": [
                                {
                                  "type": "FieldAccessExpr",
                                  "name": "nextNode",
                                  "line": 57,
                                  "column": 9,
                                  "endLine": 57,
                                  "endColumn": 21,
                                  "children": [
                                    {
                                      "type": "ThisExpr",
                                      "name": "",
                                      "line": 57,
                                      "column": 9,
                                      "endLine": 57,
                                      "endColumn": 12
                                    },
                                    {
                                      "type": "SimpleName",
                                      "name": "",
                                      "line": 57,
                                      "column": 14,
                                      "endLine": 57,
                                      "endColumn": 21
                                    }
                                  ]
                                },
                                {
                                  "type": "NameExpr",
                                  "name": "nextNode",
                                  "line": 57,
                                  "column": 25,
                                  "endLine": 57,
                                  "endColumn": 32,
                                  "children": [
                                    {
                                      "type": "SimpleName",
                                      "name": "",
                                      "line": 57,
                                      "column": 25,
                                      "endLine": 57,
                                      "endColumn": 32
                                    }
                                  ]
                                }
                              ]
                            }
                          ]
                        }
                      ]
                    }
                  ]
                },
                {
                  "type": "TypeParameter",
                  "name": "E",
                  "line": 10,
                  "column": 25,
                  "endLine": 10,
                  "endColumn": 25,
                  "children": [
                    {
                      "type": "SimpleName",
                      "name": "",
                      "line": 10,
                      "column": 25,
                      "endLine": 10,
                      "endColumn": 25
                    }
                  ]
                },
                {
                  "type": "ClassOrInterfaceType",
                  "name": "Node",
                  "line": 10,
                  "column": 36,
                  "endLine": 10,
                  "endColumn": 42,
                  "attrs": {
                    "typeArgs": "[E]"
                  },
                  "children": [
                    {
                      "type": "SimpleName",
                      "name": "",
                      "line": 10,
                      "column": 36,
                      "endLine": 10,
                      "endColumn": 39
                    },
                    {
                      "type": "ClassOrInterfaceType",
                      "name": "E",
                      "line": 10,
                      "column": 41,
                      "endLine": 10,
                      "endColumn": 41,
                      "children": [
                        {
                          "type": "SimpleName",
                          "name": "",
                          "line": 10,
                          "column": 41,
                          "endLine": 10,
                          "endColumn": 41
                        }
                      ]
                    }
                  ]
                }
              ]
            }
          ]
        }
      ]
    }
  ]
}