{
  "type": "Project",
  "name": "Project",
  "children": [
    {
      "type": "File",
      "name": "TreeRandomNode.java",
      "value": "D:\\py-java-transform\\java to py\\java-to-python_user\\java-to-python-main\\java to python-result\\134\\TreeRandomNode\\TreeRandomNode.java",
      "children": [
        {
          "type": "CompilationUnit",
          "name": "",
          "line": 1,
          "column": 1,
          "endLine": 87,
          "endColumn": 4,
          "children": [
            {
              "type": "PackageDeclaration",
              "name": "com.thealgorithms.datastructures.trees",
              "line": 1,
              "column": 1,
              "endLine": 1,
              "endColumn": 47,
              "attrs": {
                "name": "com.thealgorithms.datastructures.trees"
              },
              "children": [
                {
                  "type": "Name",
                  "name": "",
                  "line": 1,
                  "column": 9,
                  "endLine": 1,
                  "endColumn": 46,
                  "children": [
                    {
                      "type": "Name",
                      "name": "",
                      "line": 1,
                      "column": 9,
                      "endLine": 1,
                      "endColumn": 40,
                      "children": [
                        {
                          "type": "Name",
                          "name": "",
                          "line": 1,
                          "column": 9,
                          "endLine": 1,
                          "endColumn": 25,
                          "children": [
                            {
                              "type": "Name",
                              "name": "",
                              "line": 1,
                              "column": 9,
                              "endLine": 1,
                              "endColumn": 11
                            }
                          ]
                        }
                      ]
                    }
                  ]
                }
              ]
            },
            {
              "type": "ImportDeclaration",
              "name": "java.util.ArrayList",
              "line": 23,
              "column": 1,
              "endLine": 23,
              "endColumn": 27,
              "attrs": {
                "name": "java.util.ArrayList",
                "isStatic": "false",
                "isAsterisk": "false"
              },
              "children": [
                {
                  "type": "Name",
                  "name": "",
                  "line": 23,
                  "column": 8,
                  "endLine": 23,
                  "endColumn": 26,
                  "children": [
                    {
                      "type": "Name",
                      "name": "",
                      "line": 23,
                      "column": 8,
                      "endLine": 23,
                      "endColumn": 16,
                      "children": [
                        {
                          "type": "Name",
                          "name": "",
                          "line": 23,
                          "column": 8,
                          "endLine": 23,
                          "endColumn": 11
                        }
                      ]
                    }
                  ]
                }
              ]
            },
            {
              "type": "ClassOrInterfaceDeclaration",
              "name": "TreeRandomNode",
              "line": 27,
              "column": 1,
              "endLine": 71,
              "endColumn": 1,
              "value": "class",
              "attrs": {
                "modifiers": "[public ]",
                "typeParams": "[]",
                "extends": "[]",
                "implements": "[]",
                "annotations": "[]"
              },
              "children": [
                {
                  "type": "Modifier",
                  "name": "",
                  "line": 27,
                  "column": 1,
                  "endLine": 27,
                  "endColumn": 6
                },
                {
                  "type": "SimpleName",
                  "name": "",
                  "line": 27,
                  "column": 14,
                  "endLine": 27,
                  "endColumn": 27
                },
                {
                  "type": "ClassOrInterfaceDeclaration",
                  "name": "Node",
                  "line": 29,
                  "column": 5,
                  "endLine": 34,
                  "endColumn": 5,
                  "value": "class",
                  "attrs": {
                    "modifiers": "[private , final ]",
                    "typeParams": "[]",
                    "extends": "[]",
                    "implements": "[]",
                    "annotations": "[]"
                  },
                  "children": [
                    {
                      "type": "Modifier",
                      "name": "",
                      "line": 29,
                      "column": 5,
                      "endLine": 29,
                      "endColumn": 11
                    },
                    {
                      "type": "Modifier",
                      "name": "",
                      "line": 29,
                      "column": 13,
                      "endLine": 29,
                      "endColumn": 17
                    },
                    {
                      "type": "SimpleName",
                      "name": "",
                      "line": 29,
                      "column": 25,
                      "endLine": 29,
                      "endColumn": 28
                    },
                    {
                      "type": "FieldDeclaration",
                      "name": "",
                      "line": 31,
                      "column": 9,
                      "endLine": 31,
                      "endColumn": 17,
                      "value": "int",
                      "attrs": {
                        "modifiers": "[]",
                        "annotations": "[]"
                      },
                      "children": [
                        {
                          "type": "VariableDeclarator",
                          "name": "item",
                          "line": 31,
                          "column": 13,
                          "endLine": 31,
                          "endColumn": 16,
                          "value": "int",
                          "attrs": {
                            "type": "int"
                          },
                          "children": [
                            {
                              "type": "PrimitiveType",
                              "name": "",
                              "line": 31,
                              "column": 9,
                              "endLine": 31,
                              "endColumn": 11
                            },
                            {
                              "type": "SimpleName",
                              "name": "",
                              "line": 31,
                              "column": 13,
                              "endLine": 31,
                              "endColumn": 16
                            }
                          ]
                        }
                      ]
                    },
                    {
                      "type": "FieldDeclaration",
                      "name": "",
                      "line": 32,
                      "column": 9,
                      "endLine": 32,
                      "endColumn": 18,
                      "value": "Node",
                      "attrs": {
                        "modifiers": "[]",
                        "annotations": "[]"
                      },
                      "children": [
                        {
                          "type": "VariableDeclarator",
                          "name": "left",
                          "line": 32,
                          "column": 14,
                          "endLine": 32,
                          "endColumn": 17,
                          "value": "Node",
                          "attrs": {
                            "type": "Node"
                          },
                          "children": [
                            {
                              "type": "ClassOrInterfaceType",
                              "name": "Node",
                              "line": 32,
                              "column": 9,
                              "endLine": 32,
                              "endColumn": 12,
                              "children": [
                                {
                                  "type": "SimpleName",
                                  "name": "",
                                  "line": 32,
                                  "column": 9,
                                  "endLine": 32,
                                  "endColumn": 12
                                }
                              ]
                            },
                            {
                              "type": "SimpleName",
                              "name": "",
                              "line": 32,
                              "column": 14,
                              "endLine": 32,
                              "endColumn": 17
                            }
                          ]
                        }
                      ]
                    },
                    {
                      "type": "FieldDeclaration",
                      "name": "",
                      "line": 33,
                      "column": 9,
                      "endLine": 33,
                      "endColumn": 19,
                      "value": "Node",
                      "attrs": {
                        "modifiers": "[]",
                        "annotations": "[]"
                      },
                      "children": [
                        {
                          "type": "VariableDeclarator",
                          "name": "right",
                          "line": 33,
                          "column": 14,
                          "endLine": 33,
                          "endColumn": 18,
                          "value": "Node",
                          "attrs": {
                            "type": "Node"
                          },
                          "children": [
                            {
                              "type": "ClassOrInterfaceType",
                              "name": "Node",
                              "line": 33,
                              "column": 9,
                              "endLine": 33,
                              "endColumn": 12,
                              "children": [
                                {
                                  "type": "SimpleName",
                                  "name": "",
                                  "line": 33,
                                  "column": 9,
                                  "endLine": 33,
                                  "endColumn": 12
                                }
                              ]
                            },
                            {
                              "type": "SimpleName",
                              "name": "",
                              "line": 33,
                              "column": 14,
                              "endLine": 33,
                              "endColumn": 18
                            }
                          ]
                        }
                      ]
                    }
                  ]
                },
                {
                  "type": "FieldDeclaration",
                  "name": "",
                  "line": 37,
                  "column": 5,
                  "endLine": 37,
                  "endColumn": 55,
                  "value": "ArrayList<Integer>",
                  "attrs": {
                    "modifiers": "[static ]",
                    "annotations": "[]"
                  },
                  "children": [
                    {
                      "type": "LineComment",
                      "name": "",
                      "line": 36,
                      "column": 5,
                      "endLine": 36,
                      "endColumn": 81,
                      "value": " Using an arraylist to store the inorder traversal of the given binary tree"
                    },
                    {
                      "type": "Modifier",
                      "name": "",
                      "line": 37,
                      "column": 5,
                      "endLine": 37,
                      "endColumn": 10
                    },
                    {
                      "type": "VariableDeclarator",
                      "name": "list",
                      "line": 37,
                      "column": 31,
                      "endLine": 37,
                      "endColumn": 54,
                      "value": "ArrayList<Integer>",
                      "attrs": {
                        "initializer": "new ArrayList<>()",
                        "type": "ArrayList<Integer>"
                      },
                      "children": [
                        {
                          "type": "ClassOrInterfaceType",
                          "name": "ArrayList",
                          "line": 37,
                          "column": 12,
                          "endLine": 37,
                          "endColumn": 29,
                          "attrs": {
                            "typeArgs": "[Integer]"
                          },
                          "children": [
                            {
                              "type": "SimpleName",
                              "name": "",
                              "line": 37,
                              "column": 12,
                              "endLine": 37,
                              "endColumn": 20
                            },
                            {
                              "type": "ClassOrInterfaceType",
                              "name": "Integer",
                              "line": 37,
                              "column": 22,
                              "endLine": 37,
                              "endColumn": 28,
                              "children": [
                                {
                                  "type": "SimpleName",
                                  "name": "",
                                  "line": 37,
                                  "column": 22,
                                  "endLine": 37,
                                  "endColumn": 28
                                }
                              ]
                            }
                          ]
                        },
                        {
                          "type": "SimpleName",
                          "name": "",
                          "line": 37,
                          "column": 31,
                          "endLine": 37,
                          "endColumn": 34
                        },
                        {
                          "type": "ObjectCreationExpr",
                          "name": "new ArrayList<>",
                          "line": 37,
                          "column": 38,
                          "endLine": 37,
                          "endColumn": 54,
                          "attrs": {
                            "type": "ArrayList<>",
                            "hasAnonymousClassBody": "false",
                            "args": "[]"
                          },
                          "children": [
                            {
                              "type": "ClassOrInterfaceType",
                              "name": "ArrayList",
                              "line": 37,
                              "column": 42,
                              "endLine": 37,
                              "endColumn": 52,
                              "attrs": {
                                "typeArgs": "[]"
                              },
                              "children": [
                                {
                                  "type": "SimpleName",
                                  "name": "",
                                  "line": 37,
                                  "column": 42,
                                  "endLine": 37,
                                  "endColumn": 50
                                }
                              ]
                            }
                          ]
                        }
                      ]
                    }
                  ]
                },
                {
                  "type": "FieldDeclaration",
                  "name": "",
                  "line": 39,
                  "column": 5,
                  "endLine": 39,
                  "endColumn": 14,
                  "value": "Node",
                  "attrs": {
                    "modifiers": "[]",
                    "annotations": "[]"
                  },
                  "children": [
                    {
                      "type": "LineComment",
                      "name": "",
                      "line": 38,
                      "column": 5,
                      "endLine": 38,
                      "endColumn": 19,
                      "value": " root of Tree"
                    },
                    {
                      "type": "VariableDeclarator",
                      "name": "root",
                      "line": 39,
                      "column": 10,
                      "endLine": 39,
                      "endColumn": 13,
                      "value": "Node",
                      "attrs": {
                        "type": "Node"
                      },
                      "children": [
                        {
                          "type": "ClassOrInterfaceType",
                          "name": "Node",
                          "line": 39,
                          "column": 5,
                          "endLine": 39,
                          "endColumn": 8,
                          "children": [
                            {
                              "type": "SimpleName",
                              "name": "",
                              "line": 39,
                              "column": 5,
                              "endLine": 39,
                              "endColumn": 8
                            }
                          ]
                        },
                        {
                          "type": "SimpleName",
                          "name": "",
                          "line": 39,
                          "column": 10,
                          "endLine": 39,
                          "endColumn": 13
                        }
                      ]
                    }
                  ]
                },
                {
                  "type": "ConstructorDeclaration",
                  "name": "TreeRandomNode",
                  "line": 41,
                  "column": 5,
                  "endLine": 43,
                  "endColumn": 5,
                  "attrs": {
                    "modifiers": "[]",
                    "throws": "[]",
                    "annotations": "[]",
                    "params": "[]"
                  },
                  "children": [
                    {
                      "type": "SimpleName",
                      "name": "",
                      "line": 41,
                      "column": 5,
                      "endLine": 41,
                      "endColumn": 18
                    },
                    {
                      "type": "BlockStmt",
                      "name": "",
                      "line": 41,
                      "column": 22,
                      "endLine": 43,
                      "endColumn": 5,
                      "children": [
                        {
                          "type": "ExpressionStmt",
                          "name": "",
                          "line": 42,
                          "column": 9,
                          "endLine": 42,
                          "endColumn": 20,
                          "attrs": {
                            "code": "root = null"
                          },
                          "children": [
                            {
                              "type": "AssignExpr",
                              "name": "",
                              "line": 42,
                              "column": 9,
                              "endLine": 42,
                              "endColumn": 19,
                              "attrs": {
                                "code": "root = null"
                              },
                              "children": [
                                {
                                  "type": "NameExpr",
                                  "name": "root",
                                  "line": 42,
                                  "column": 9,
                                  "endLine": 42,
                                  "endColumn": 12,
                                  "children": [
                                    {
                                      "type": "SimpleName",
                                      "name": "",
                                      "line": 42,
                                      "column": 9,
                                      "endLine": 42,
                                      "endColumn": 12
                                    }
                                  ]
                                },
                                {
                                  "type": "NullLiteralExpr",
                                  "name": "",
                                  "line": 42,
                                  "column": 16,
                                  "endLine": 42,
                                  "endColumn": 19
                                }
                              ]
                            }
                          ]
                        }
                      ]
                    }
                  ]
                },
                {
                  "type": "MethodDeclaration",
                  "name": "inOrder",
                  "line": 46,
                  "column": 5,
                  "endLine": 57,
                  "endColumn": 5,
                  "value": "void",
                  "attrs": {
                    "modifiers": "[static ]",
                    "typeParams": "[]",
                    "throws": "[]",
                    "annotations": "[]",
                    "type": "void",
                    "params": "[Node node]"
                  },
                  "children": [
                    {
                      "type": "LineComment",
                      "name": "",
                      "line": 45,
                      "column": 5,
                      "endLine": 45,
                      "endColumn": 67,
                      "value": " Now lets find the inorder traversal of the given binary tree"
                    },
                    {
                      "type": "Modifier",
                      "name": "",
                      "line": 46,
                      "column": 5,
                      "endLine": 46,
                      "endColumn": 10
                    },
                    {
                      "type": "SimpleName",
                      "name": "",
                      "line": 46,
                      "column": 17,
                      "endLine": 46,
                      "endColumn": 23
                    },
                    {
                      "type": "Parameter",
                      "name": "node",
                      "line": 46,
                      "column": 25,
                      "endLine": 46,
                      "endColumn": 33,
                      "attrs": {
                        "modifiers": "[]",
                        "type": "Node",
                        "isVarArgs": "false",
                        "annotations": "[]"
                      },
                      "children": [
                        {
                          "type": "ClassOrInterfaceType",
                          "name": "Node",
                          "line": 46,
                          "column": 25,
                          "endLine": 46,
                          "endColumn": 28,
                          "children": [
                            {
                              "type": "SimpleName",
                              "name": "",
                              "line": 46,
                              "column": 25,
                              "endLine": 46,
                              "endColumn": 28
                            }
                          ]
                        },
                        {
                          "type": "SimpleName",
                          "name": "",
                          "line": 46,
                          "column": 30,
                          "endLine": 46,
                          "endColumn": 33
                        }
                      ]
                    },
                    {
                      "type": "VoidType",
                      "name": "",
                      "line": 46,
                      "column": 12,
                      "endLine": 46,
                      "endColumn": 15
                    },
                    {
                      "type": "BlockStmt",
                      "name": "",
                      "line": 46,
                      "column": 36,
                      "endLine": 57,
                      "endColumn": 5,
                      "children": [
                        {
                          "type": "IfStmt",
                          "name": "if(node == null)",
                          "line": 47,
                          "column": 9,
                          "endLine": 49,
                          "endColumn": 9,
                          "attrs": {
                            "condition": "node == null"
                          },
                          "children": [
                            {
                              "type": "BinaryExpr",
                              "name": "",
                              "line": 47,
                              "column": 13,
                              "endLine": 47,
                              "endColumn": 24,
                              "children": [
                                {
                                  "type": "NameExpr",
                                  "name": "node",
                                  "line": 47,
                                  "column": 13,
                                  "endLine": 47,
                                  "endColumn": 16,
                                  "children": [
                                    {
                                      "type": "SimpleName",
                                      "name": "",
                                      "line": 47,
                                      "column": 13,
                                      "endLine": 47,
                                      "endColumn": 16
                                    }
                                  ]
                                },
                                {
                                  "type": "NullLiteralExpr",
                                  "name": "",
                                  "line": 47,
                                  "column": 21,
                                  "endLine": 47,
                                  "endColumn": 24
                                }
                              ]
                            },
                            {
                              "type": "BlockStmt",
                              "name": "",
                              "line": 47,
                              "column": 27,
                              "endLine": 49,
                              "endColumn": 9,
                              "children": [
                                {
                                  "type": "ReturnStmt",
                                  "name": "return",
                                  "line": 48,
                                  "column": 13,
                                  "endLine": 48,
                                  "endColumn": 19,
                                  "attrs": {
                                    "expr": ""
                                  }
                                }
                              ]
                            }
                          ]
                        },
                        {
                          "type": "ExpressionStmt",
                          "name": "",
                          "line": 52,
                          "column": 9,
                          "endLine": 52,
                          "endColumn": 27,
                          "attrs": {
                            "code": "inOrder(node.left)"
                          },
                          "children": [
                            {
                              "type": "LineComment",
                              "name": "",
                              "line": 51,
                              "column": 9,
                              "endLine": 51,
                              "endColumn": 34,
                              "value": " traverse the left child"
                            },
                            {
                              "type": "MethodCallExpr",
                              "name": "inOrder",
                              "line": 52,
                              "column": 9,
                              "endLine": 52,
                              "endColumn": 26,
                              "attrs": {
                                "args": "[node.left]",
                                "code": "inOrder(node.left)"
                              },
                              "children": [
                                {
                                  "type": "SimpleName",
                                  "name": "",
                                  "line": 52,
                                  "column": 9,
                                  "endLine": 52,
                                  "endColumn": 15
                                },
                                {
                                  "type": "FieldAccessExpr",
                                  "name": "left",
                                  "line": 52,
                                  "column": 17,
                                  "endLine": 52,
                                  "endColumn": 25,
                                  "children": [
                                    {
                                      "type": "NameExpr",
                                      "name": "node",
                                      "line": 52,
                                      "column": 17,
                                      "endLine": 52,
                                      "endColumn": 20,
                                      "children": [
                                        {
                                          "type": "SimpleName",
                                          "name": "",
                                          "line": 52,
                                          "column": 17,
                                          "endLine": 52,
                                          "endColumn": 20
                                        }
                                      ]
                                    },
                                    {
                                      "type": "SimpleName",
                                      "name": "",
                                      "line": 52,
                                      "column": 22,
                                      "endLine": 52,
                                      "endColumn": 25
                                    }
                                  ]
                                }
                              ]
                            }
                          ]
                        },
                        {
                          "type": "ExpressionStmt",
                          "name": "",
                          "line": 54,
                          "column": 9,
                          "endLine": 54,
                          "endColumn": 28,
                          "attrs": {
                            "code": "list.add(node.item)"
                          },
                          "children": [
                            {
                              "type": "MethodCallExpr",
                              "name": "add",
                              "line": 54,
                              "column": 9,
                              "endLine": 54,
                              "endColumn": 27,
                              "attrs": {
                                "args": "[node.item]",
                                "code": "list.add(node.item)"
                              },
                              "children": [
                                {
                                  "type": "NameExpr",
                                  "name": "list",
                                  "line": 54,
                                  "column": 9,
                                  "endLine": 54,
                                  "endColumn": 12,
                                  "children": [
                                    {
                                      "type": "SimpleName",
                                      "name": "",
                                      "line": 54,
                                      "column": 9,
                                      "endLine": 54,
                                      "endColumn": 12
                                    }
                                  ]
                                },
                                {
                                  "type": "SimpleName",
                                  "name": "",
                                  "line": 54,
                                  "column": 14,
                                  "endLine": 54,
                                  "endColumn": 16
                                },
                                {
                                  "type": "FieldAccessExpr",
                                  "name": "item",
                                  "line": 54,
                                  "column": 18,
                                  "endLine": 54,
                                  "endColumn": 26,
                                  "children": [
                                    {
                                      "type": "NameExpr",
                                      "name": "node",
                                      "line": 54,
                                      "column": 18,
                                      "endLine": 54,
                                      "endColumn": 21,
                                      "children": [
                                        {
                                          "type": "SimpleName",
                                          "name": "",
                                          "line": 54,
                                          "column": 18,
                                          "endLine": 54,
                                          "endColumn": 21
                                        }
                                      ]
                                    },
                                    {
                                      "type": "SimpleName",
                                      "name": "",
                                      "line": 54,
                                      "column": 23,
                                      "endLine": 54,
                                      "endColumn": 26
                                    }
                                  ]
                                }
                              ]
                            }
                          ]
                        },
                        {
                          "type": "ExpressionStmt",
                          "name": "",
                          "line": 56,
                          "column": 9,
                          "endLine": 56,
                          "endColumn": 28,
                          "attrs": {
                            "code": "inOrder(node.right)"
                          },
                          "children": [
                            {
                              "type": "LineComment",
                              "name": "",
                              "line": 55,
                              "column": 9,
                              "endLine": 55,
                              "endColumn": 35,
                              "value": " traverse the right child"
                            },
                            {
                              "type": "MethodCallExpr",
                              "name": "inOrder",
                              "line": 56,
                              "column": 9,
                              "endLine": 56,
                              "endColumn": 27,
                              "attrs": {
                                "args": "[node.right]",
                                "code": "inOrder(node.right)"
                              },
                              "children": [
                                {
                                  "type": "SimpleName",
                                  "name": "",
                                  "line": 56,
                                  "column": 9,
                                  "endLine": 56,
                                  "endColumn": 15
                                },
                                {
                                  "type": "FieldAccessExpr",
                                  "name": "right",
                                  "line": 56,
                                  "column": 17,
                                  "endLine": 56,
                                  "endColumn": 26,
                                  "children": [
                                    {
                                      "type": "NameExpr",
                                      "name": "node",
                                      "line": 56,
                                      "column": 17,
                                      "endLine": 56,
                                      "endColumn": 20,
                                      "children": [
                                        {
                                          "type": "SimpleName",
                                          "name": "",
                                          "line": 56,
                                          "column": 17,
                                          "endLine": 56,
                                          "endColumn": 20
                                        }
                                      ]
                                    },
                                    {
                                      "type": "SimpleName",
                                      "name": "",
                                      "line": 56,
                                      "column": 22,
                                      "endLine": 56,
                                      "endColumn": 26
                                    }
                                  ]
                                }
                              ]
                            }
                          ]
                        }
                      ]
                    }
                  ]
                },
                {
                  "type": "MethodDeclaration",
                  "name": "getRandom",
                  "line": 59,
                  "column": 5,
                  "endLine": 70,
                  "endColumn": 5,
                  "value": "void",
                  "attrs": {
                    "modifiers": "[public ]",
                    "typeParams": "[]",
                    "throws": "[]",
                    "annotations": "[]",
                    "type": "void",
                    "params": "[Node val]"
                  },
                  "children": [
                    {
                      "type": "Modifier",
                      "name": "",
                      "line": 59,
                      "column": 5,
                      "endLine": 59,
                      "endColumn": 10
                    },
                    {
                      "type": "SimpleName",
                      "name": "",
                      "line": 59,
                      "column": 17,
                      "endLine": 59,
                      "endColumn": 25
                    },
                    {
                      "type": "Parameter",
                      "name": "val",
                      "line": 59,
                      "column": 27,
                      "endLine": 59,
                      "endColumn": 34,
                      "attrs": {
                        "modifiers": "[]",
                        "type": "Node",
                        "isVarArgs": "false",
                        "annotations": "[]"
                      },
                      "children": [
                        {
                          "type": "ClassOrInterfaceType",
                          "name": "Node",
                          "line": 59,
                          "column": 27,
                          "endLine": 59,
                          "endColumn": 30,
                          "children": [
                            {
                              "type": "SimpleName",
                              "name": "",
                              "line": 59,
                              "column": 27,
                              "endLine": 59,
                              "endColumn": 30
                            }
                          ]
                        },
                        {
                          "type": "SimpleName",
                          "name": "",
                          "line": 59,
                          "column": 32,
                          "endLine": 59,
                          "endColumn": 34
                        }
                      ]
                    },
                    {
                      "type": "VoidType",
                      "name": "",
                      "line": 59,
                      "column": 12,
                      "endLine": 59,
                      "endColumn": 15
                    },
                    {
                      "type": "BlockStmt",
                      "name": "",
                      "line": 59,
                      "column": 37,
                      "endLine": 70,
                      "endColumn": 5,
                      "children": [
                        {
                          "type": "ExpressionStmt",
                          "name": "",
                          "line": 60,
                          "column": 9,
                          "endLine": 60,
                          "endColumn": 21,
                          "attrs": {
                            "code": "inOrder(val)"
                          },
                          "children": [
                            {
                              "type": "MethodCallExpr",
                              "name": "inOrder",
                              "line": 60,
                              "column": 9,
                              "endLine": 60,
                              "endColumn": 20,
                              "attrs": {
                                "args": "[val]",
                                "code": "inOrder(val)"
                              },
                              "children": [
                                {
                                  "type": "SimpleName",
                                  "name": "",
                                  "line": 60,
                                  "column": 9,
                                  "endLine": 60,
                                  "endColumn": 15
                                },
                                {
                                  "type": "NameExpr",
                                  "name": "val",
                                  "line": 60,
                                  "column": 17,
                                  "endLine": 60,
                                  "endColumn": 19,
                                  "children": [
                                    {
                                      "type": "SimpleName",
                                      "name": "",
                                      "line": 60,
                                      "column": 17,
                                      "endLine": 60,
                                      "endColumn": 19
                                    }
                                  ]
                                }
                              ]
                            }
                          ]
                        },
                        {
                          "type": "ExpressionStmt",
                          "name": "",
                          "line": 62,
                          "column": 9,
                          "endLine": 62,
                          "endColumn": 28,
                          "attrs": {
                            "code": "int n = list.size()"
                          },
                          "children": [
                            {
                              "type": "LineComment",
                              "name": "",
                              "line": 61,
                              "column": 9,
                              "endLine": 61,
                              "endColumn": 55,
                              "value": " getting the count of node of the binary tree"
                            },
                            {
                              "type": "VariableDeclarationExpr",
                              "name": "",
                              "line": 62,
                              "column": 9,
                              "endLine": 62,
                              "endColumn": 27,
                              "attrs": {
                                "modifiers": "[]",
                                "code": "int n = list.size()"
                              },
                              "children": [
                                {
                                  "type": "VariableDeclarator",
                                  "name": "n",
                                  "line": 62,
                                  "column": 13,
                                  "endLine": 62,
                                  "endColumn": 27,
                                  "value": "int",
                                  "attrs": {
                                    "initializer": "list.size()",
                                    "type": "int"
                                  },
                                  "children": [
                                    {
                                      "type": "PrimitiveType",
                                      "name": "",
                                      "line": 62,
                                      "column": 9,
                                      "endLine": 62,
                                      "endColumn": 11
                                    },
                                    {
                                      "type": "SimpleName",
                                      "name": "",
                                      "line": 62,
                                      "column": 13,
                                      "endLine": 62,
                                      "endColumn": 13
                                    },
                                    {
                                      "type": "MethodCallExpr",
                                      "name": "size",
                                      "line": 62,
                                      "column": 17,
                                      "endLine": 62,
                                      "endColumn": 27,
                                      "attrs": {
                                        "args": "[]",
                                        "code": "list.size()"
                                      },
                                      "children": [
                                        {
                                          "type": "NameExpr",
                                          "name": "list",
                                          "line": 62,
                                          "column": 17,
                                          "endLine": 62,
                                          "endColumn": 20,
                                          "children": [
                                            {
                                              "type": "SimpleName",
                                              "name": "",
                                              "line": 62,
                                              "column": 17,
                                              "endLine": 62,
                                              "endColumn": 20
                                            }
                                          ]
                                        },
                                        {
                                          "type": "SimpleName",
                                          "name": "",
                                          "line": 62,
                                          "column": 22,
                                          "endLine": 62,
                                          "endColumn": 25
                                        }
                                      ]
                                    }
                                  ]
                                }
                              ]
                            }
                          ]
                        },
                        {
                          "type": "ExpressionStmt",
                          "name": "",
                          "line": 63,
                          "column": 9,
                          "endLine": 63,
                          "endColumn": 20,
                          "attrs": {
                            "code": "int min = 0"
                          },
                          "children": [
                            {
                              "type": "VariableDeclarationExpr",
                              "name": "",
                              "line": 63,
                              "column": 9,
                              "endLine": 63,
                              "endColumn": 19,
                              "attrs": {
                                "modifiers": "[]",
                                "code": "int min = 0"
                              },
                              "children": [
                                {
                                  "type": "VariableDeclarator",
                                  "name": "min",
                                  "line": 63,
                                  "column": 13,
                                  "endLine": 63,
                                  "endColumn": 19,
                                  "value": "int",
                                  "attrs": {
                                    "initializer": "0",
                                    "type": "int"
                                  },
                                  "children": [
                                    {
                                      "type": "PrimitiveType",
                                      "name": "",
                                      "line": 63,
                                      "column": 9,
                                      "endLine": 63,
                                      "endColumn": 11
                                    },
                                    {
                                      "type": "SimpleName",
                                      "name": "",
                                      "line": 63,
                                      "column": 13,
                                      "endLine": 63,
                                      "endColumn": 15
                                    },
                                    {
                                      "type": "IntegerLiteralExpr",
                                      "name": "",
                                      "line": 63,
                                      "column": 19,
                                      "endLine": 63,
                                      "endColumn": 19
                                    }
                                  ]
                                }
                              ]
                            }
                          ]
                        },
                        {
                          "type": "ExpressionStmt",
                          "name": "",
                          "line": 64,
                          "column": 9,
                          "endLine": 64,
                          "endColumn": 24,
                          "attrs": {
                            "code": "int max = n - 1"
                          },
                          "children": [
                            {
                              "type": "VariableDeclarationExpr",
                              "name": "",
                              "line": 64,
                              "column": 9,
                              "endLine": 64,
                              "endColumn": 23,
                              "attrs": {
                                "modifiers": "[]",
                                "code": "int max = n - 1"
                              },
                              "children": [
                                {
                                  "type": "VariableDeclarator",
                                  "name": "max",
                                  "line": 64,
                                  "column": 13,
                                  "endLine": 64,
                                  "endColumn": 23,
                                  "value": "int",
                                  "attrs": {
                                    "initializer": "n - 1",
                                    "type": "int"
                                  },
                                  "children": [
                                    {
                                      "type": "PrimitiveType",
                                      "name": "",
                                      "line": 64,
                                      "column": 9,
                                      "endLine": 64,
                                      "endColumn": 11
                                    },
                                    {
                                      "type": "SimpleName",
                                      "name": "",
                                      "line": 64,
                                      "column": 13,
                                      "endLine": 64,
                                      "endColumn": 15
                                    },
                                    {
                                      "type": "BinaryExpr",
                                      "name": "",
                                      "line": 64,
                                      "column": 19,
                                      "endLine": 64,
                                      "endColumn": 23,
                                      "children": [
                                        {
                                          "type": "NameExpr",
                                          "name": "n",
                                          "line": 64,
                                          "column": 19,
                                          "endLine": 64,
                                          "endColumn": 19,
                                          "children": [
                                            {
                                              "type": "SimpleName",
                                              "name": "",
                                              "line": 64,
                                              "column": 19,
                                              "endLine": 64,
                                              "endColumn": 19
                                            }
                                          ]
                                        },
                                        {
                                          "type": "IntegerLiteralExpr",
                                          "name": "",
                                          "line": 64,
                                          "column": 23,
                                          "endLine": 64,
                                          "endColumn": 23
                                        }
                                      ]
                                    }
                                  ]
                                }
                              ]
                            }
                          ]
                        },
                        {
                          "type": "ExpressionStmt",
                          "name": "",
                          "line": 66,
                          "column": 9,
                          "endLine": 66,
                          "endColumn": 62,
                          "attrs": {
                            "code": "int b = (int) (Math.random() * (max - min + 1) + min)"
                          },
                          "children": [
                            {
                              "type": "LineComment",
                              "name": "",
                              "line": 65,
                              "column": 9,
                              "endLine": 65,
                              "endColumn": 50,
                              "value": " Generate random int value from 0 to n-1"
                            },
                            {
                              "type": "VariableDeclarationExpr",
                              "name": "",
                              "line": 66,
                              "column": 9,
                              "endLine": 66,
                              "endColumn": 61,
                              "attrs": {
                                "modifiers": "[]",
                                "code": "int b = (int) (Math.random() * (max - min + 1) + min)"
                              },
                              "children": [
                                {
                                  "type": "VariableDeclarator",
                                  "name": "b",
                                  "line": 66,
                                  "column": 13,
                                  "endLine": 66,
                                  "endColumn": 61,
                                  "value": "int",
                                  "attrs": {
                                    "initializer": "(int) (Math.random() * (max - min + 1) + min)",
                                    "type": "int"
                                  },
                                  "children": [
                                    {
                                      "type": "PrimitiveType",
                                      "name": "",
                                      "line": 66,
                                      "column": 9,
                                      "endLine": 66,
                                      "endColumn": 11
                                    },
                                    {
                                      "type": "SimpleName",
                                      "name": "",
                                      "line": 66,
                                      "column": 13,
                                      "endLine": 66,
                                      "endColumn": 13
                                    },
                                    {
                                      "type": "CastExpr",
                                      "name": "",
                                      "line": 66,
                                      "column": 17,
                                      "endLine": 66,
                                      "endColumn": 61,
                                      "attrs": {
                                        "type": "int"
                                      },
                                      "children": [
                                        {
                                          "type": "PrimitiveType",
                                          "name": "",
                                          "line": 66,
                                          "column": 18,
                                          "endLine": 66,
                                          "endColumn": 20
                                        },
                                        {
                                          "type": "EnclosedExpr",
                                          "name": "",
                                          "line": 66,
                                          "column": 23,
                                          "endLine": 66,
                                          "endColumn": 61,
                                          "children": [
                                            {
                                              "type": "BinaryExpr",
                                              "name": "",
                                              "line": 66,
                                              "column": 24,
                                              "endLine": 66,
                                              "endColumn": 60,
                                              "children": [
                                                {
                                                  "type": "BinaryExpr",
                                                  "name": "",
                                                  "line": 66,
                                                  "column": 24,
                                                  "endLine": 66,
                                                  "endColumn": 54,
                                                  "children": [
                                                    {
                                                      "type": "MethodCallExpr",
                                                      "name": "random",
                                                      "line": 66,
                                                      "column": 24,
                                                      "endLine": 66,
                                                      "endColumn": 36,
                                                      "attrs": {
                                                        "args": "[]",
                                                        "code": "Math.random()"
                                                      },
                                                      "children": [
                                                        {
                                                          "type": "NameExpr",
                                                          "name": "Math",
                                                          "line": 66,
                                                          "column": 24,
                                                          "endLine": 66,
                                                          "endColumn": 27,
                                                          "children": [
                                                            {
                                                              "type": "SimpleName",
                                                              "name": "",
                                                              "line": 66,
                                                              "column": 24,
                                                              "endLine": 66,
                                                              "endColumn": 27
                                                            }
                                                          ]
                                                        },
                                                        {
                                                          "type": "SimpleName",
                                                          "name": "",
                                                          "line": 66,
                                                          "column": 29,
                                                          "endLine": 66,
                                                          "endColumn": 34
                                                        }
                                                      ]
                                                    },
                                                    {
                                                      "type": "EnclosedExpr",
                                                      "name": "",
                                                      "line": 66,
                                                      "column": 40,
                                                      "endLine": 66,
                                                      "endColumn": 54,
                                                      "children": [
                                                        {
                                                          "type": "BinaryExpr",
                                                          "name": "",
                                                          "line": 66,
                                                          "column": 41,
                                                          "endLine": 66,
                                                          "endColumn": 53,
                                                          "children": [
                                                            {
                                                              "type": "BinaryExpr",
                                                              "name": "",
                                                              "line": 66,
                                                              "column": 41,
                                                              "endLine": 66,
                                                              "endColumn": 49,
                                                              "children": [
                                                                {
                                                                  "type": "NameExpr",
                                                                  "name": "max",
                                                                  "line": 66,
                                                                  "column": 41,
                                                                  "endLine": 66,
                                                                  "endColumn": 43,
                                                                  "children": [
                                                                    {
                                                                      "type": "SimpleName",
                                                                      "name": "",
                                                                      "line": 66,
                                                                      "column": 41,
                                                                      "endLine": 66,
                                                                      "endColumn": 43
                                                                    }
                                                                  ]
                                                                },
                                                                {
                                                                  "type": "NameExpr",
                                                                  "name": "min",
                                                                  "line": 66,
                                                                  "column": 47,
                                                                  "endLine": 66,
                                                                  "endColumn": 49,
                                                                  "children": [
                                                                    {
                                                                      "type": "SimpleName",
                                                                      "name": "",
                                                                      "line": 66,
                                                                      "column": 47,
                                                                      "endLine": 66,
                                                                      "endColumn": 49
                                                                    }
                                                                  ]
                                                                }
                                                              ]
                                                            },
                                                            {
                                                              "type": "IntegerLiteralExpr",
                                                              "name": "",
                                                              "line": 66,
                                                              "column": 53,
                                                              "endLine": 66,
                                                              "endColumn": 53
                                                            }
                                                          ]
                                                        }
                                                      ]
                                                    }
                                                  ]
                                                },
                                                {
                                                  "type": "NameExpr",
                                                  "name": "min",
                                                  "line": 66,
                                                  "column": 58,
                                                  "endLine": 66,
                                                  "endColumn": 60,
                                                  "children": [
                                                    {
                                                      "type": "SimpleName",
                                                      "name": "",
                                                      "line": 66,
                                                      "column": 58,
                                                      "endLine": 66,
                                                      "endColumn": 60
                                                    }
                                                  ]
                                                }
                                              ]
                                            }
                                          ]
                                        }
                                      ]
                                    }
                                  ]
                                }
                              ]
                            }
                          ]
                        },
                        {
                          "type": "ExpressionStmt",
                          "name": "",
                          "line": 68,
                          "column": 9,
                          "endLine": 68,
                          "endColumn": 33,
                          "attrs": {
                            "code": "int random = list.get(b)"
                          },
                          "children": [
                            {
                              "type": "LineComment",
                              "name": "",
                              "line": 67,
                              "column": 9,
                              "endLine": 67,
                              "endColumn": 54,
                              "value": " displaying the value at the generated index"
                            },
                            {
                              "type": "VariableDeclarationExpr",
                              "name": "",
                              "line": 68,
                              "column": 9,
                              "endLine": 68,
                              "endColumn": 32,
                              "attrs": {
                                "modifiers": "[]",
                                "code": "int random = list.get(b)"
                              },
                              "children": [
                                {
                                  "type": "VariableDeclarator",
                                  "name": "random",
                                  "line": 68,
                                  "column": 13,
                                  "endLine": 68,
                                  "endColumn": 32,
                                  "value": "int",
                                  "attrs": {
                                    "initializer": "list.get(b)",
                                    "type": "int"
                                  },
                                  "children": [
                                    {
                                      "type": "PrimitiveType",
                                      "name": "",
                                      "line": 68,
                                      "column": 9,
                                      "endLine": 68,
                                      "endColumn": 11
                                    },
                                    {
                                      "type": "SimpleName",
                                      "name": "",
                                      "line": 68,
                                      "column": 13,
                                      "endLine": 68,
                                      "endColumn": 18
                                    },
                                    {
                                      "type": "MethodCallExpr",
                                      "name": "get",
                                      "line": 68,
                                      "column": 22,
                                      "endLine": 68,
                                      "endColumn": 32,
                                      "attrs": {
                                        "args": "[b]",
                                        "code": "list.get(b)"
                                      },
                                      "children": [
                                        {
                                          "type": "NameExpr",
                                          "name": "list",
                                          "line": 68,
                                          "column": 22,
                                          "endLine": 68,
                                          "endColumn": 25,
                                          "children": [
                                            {
                                              "type": "SimpleName",
                                              "name": "",
                                              "line": 68,
                                              "column": 22,
                                              "endLine": 68,
                                              "endColumn": 25
                                            }
                                          ]
                                        },
                                        {
                                          "type": "SimpleName",
                                          "name": "",
                                          "line": 68,
                                          "column": 27,
                                          "endLine": 68,
                                          "endColumn": 29
                                        },
                                        {
                                          "type": "NameExpr",
                                          "name": "b",
                                          "line": 68,
                                          "column": 31,
                                          "endLine": 68,
                                          "endColumn": 31,
                                          "children": [
                                            {
                                              "type": "SimpleName",
                                              "name": "",
                                              "line": 68,
                                              "column": 31,
                                              "endLine": 68,
                                              "endColumn": 31
                                            }
                                          ]
                                        }
                                      ]
                                    }
                                  ]
                                }
                              ]
                            }
                          ]
                        },
                        {
                          "type": "ExpressionStmt",
                          "name": "",
                          "line": 69,
                          "column": 9,
                          "endLine": 69,
                          "endColumn": 54,
                          "attrs": {
                            "code": "System.out.println(\"Random Node : \" + random)"
                          },
                          "children": [
                            {
                              "type": "MethodCallExpr",
                              "name": "println",
                              "line": 69,
                              "column": 9,
                              "endLine": 69,
                              "endColumn": 53,
                              "attrs": {
                                "args": "[\"Random Node : \" + random]",
                                "code": "System.out.println(\"Random Node : \" + random)"
                              },
                              "children": [
                                {
                                  "type": "FieldAccessExpr",
                                  "name": "out",
                                  "line": 69,
                                  "column": 9,
                                  "endLine": 69,
                                  "endColumn": 18,
                                  "children": [
                                    {
                                      "type": "NameExpr",
                                      "name": "System",
                                      "line": 69,
                                      "column": 9,
                                      "endLine": 69,
                                      "endColumn": 14,
                                      "children": [
                                        {
                                          "type": "SimpleName",
                                          "name": "",
                                          "line": 69,
                                          "column": 9,
                                          "endLine": 69,
                                          "endColumn": 14
                                        }
                                      ]
                                    },
                                    {
                                      "type": "SimpleName",
                                      "name": "",
                                      "line": 69,
                                      "column": 16,
                                      "endLine": 69,
                                      "endColumn": 18
                                    }
                                  ]
                                },
                                {
                                  "type": "SimpleName",
                                  "name": "",
                                  "line": 69,
                                  "column": 20,
                                  "endLine": 69,
                                  "endColumn": 26
                                },
                                {
                                  "type": "BinaryExpr",
                                  "name": "",
                                  "line": 69,
                                  "column": 28,
                                  "endLine": 69,
                                  "endColumn": 52,
                                  "children": [
                                    {
                                      "type": "StringLiteralExpr",
                                      "name": "",
                                      "line": 69,
                                      "column": 28,
                                      "endLine": 69,
                                      "endColumn": 43
                                    },
                                    {
                                      "type": "NameExpr",
                                      "name": "random",
                                      "line": 69,
                                      "column": 47,
                                      "endLine": 69,
                                      "endColumn": 52,
                                      "children": [
                                        {
                                          "type": "SimpleName",
                                          "name": "",
                                          "line": 69,
                                          "column": 47,
                                          "endLine": 69,
                                          "endColumn": 52
                                        }
                                      ]
                                    }
                                  ]
                                }
                              ]
                            }
                          ]
                        }
                      ]
                    }
                  ]
                }
              ]
            },
            {
              "type": "BlockComment",
              "name": "",
              "line": 3,
              "column": 1,
              "endLine": 5,
              "endColumn": 3
            },
            {
              "type": "BlockComment",
              "name": "",
              "line": 7,
              "column": 1,
              "endLine": 10,
              "endColumn": 3
            },
            {
              "type": "BlockComment",
              "name": "",
              "line": 12,
              "column": 1,
              "endLine": 21,
              "endColumn": 3
            },
            {
              "type": "LineComment",
              "name": "",
              "line": 25,
              "column": 1,
              "endLine": 25,
              "endColumn": 71
            },
            {
              "type": "BlockComment",
              "name": "",
              "line": 72,
              "column": 1,
              "endLine": 78,
              "endColumn": 3
            },
            {
              "type": "BlockComment",
              "name": "",
              "line": 79,
              "column": 1,
              "endLine": 84,
              "endColumn": 3
            },
            {
              "type": "BlockComment",
              "name": "",
              "line": 85,
              "column": 1,
              "endLine": 87,
              "endColumn": 3
            }
          ]
        },
        {
          "type": "OrphanComment",
          "name": "",
          "line": 3,
          "column": 1,
          "endLine": 5,
          "endColumn": 3,
          "value": " Author : Suraj Kumar\n  Github : https://github.com/skmodi649\n "
        },
        {
          "type": "OrphanComment",
          "name": "",
          "line": 7,
          "column": 1,
          "endLine": 10,
          "endColumn": 3,
          "value": " PROBLEM DESCRIPTION :\n  There is a Binary Search Tree given, and we are supposed to find a random node in the given binary\n  tree.\n "
        },
        {
          "type": "OrphanComment",
          "name": "",
          "line": 12,
          "column": 1,
          "endLine": 21,
          "endColumn": 3,
          "value": " ALGORITHM :\n  Step 1: START\n  Step 2: First create a binary tree using the steps mentioned in the first approach\n  Step 3: Now use a method inOrder() that takes a node as input parameter to traverse through the\n          binary tree in inorder fashion as also store the values in a ArrayList simultaneously.\n  Step 4: Now define a method getRandom() that takes a node as input parameter, in this first call\n          the inOrder() method to store the values in the arraylist, then find the size of the\n  binary tree and now just generate a random number between 0 to n-1. Step 5: After generating the\n  number display the value of the ArrayList at the generated index Step 6: STOP\n "
        },
        {
          "type": "OrphanComment",
          "name": "",
          "line": 25,
          "column": 1,
          "endLine": 25,
          "endColumn": 71,
          "value": " Using auxiliary array to find the random node in a given binary tree"
        },
        {
          "type": "OrphanComment",
          "name": "",
          "line": 72,
          "column": 1,
          "endLine": 78,
          "endColumn": 3,
          "value": " Explanation of the Approach :\n  (a) Form the required binary tree\n  (b) Now use the inOrder() method to get the nodes in inOrder fashion and also store them in the\n  given arraylist 'list' (c) Using the getRandom() method generate a random number between 0 to n-1,\n  then get the value at the generated random number from the arraylist using get() method and\n  finally display the result.\n "
        },
        {
          "type": "OrphanComment",
          "name": "",
          "line": 79,
          "column": 1,
          "endLine": 84,
          "endColumn": 3,
          "value": " OUTPUT :\n  First output :\n  Random Node : 15\n  Second output :\n  Random Node : 99\n "
        },
        {
          "type": "OrphanComment",
          "name": "",
          "line": 85,
          "column": 1,
          "endLine": 87,
          "endColumn": 3,
          "value": " Time Complexity : O(n)\n  Auxiliary Space Complexity : O(1)\n "
        }
      ]
    }
  ]
}