{
  "type": "Project",
  "name": "Project",
  "children": [
    {
      "type": "File",
      "name": "NumberAppearingOddTimes.java",
      "value": "D:\\py-java-transform\\java to py\\java-to-python_user\\java-to-python-main\\java to python-result\\182\\NumberAppearingOddTimes.java",
      "children": [
        {
          "type": "CompilationUnit",
          "name": "",
          "line": 1,
          "column": 1,
          "endLine": 41,
          "endColumn": 2,
          "children": [
            {
              "type": "PackageDeclaration",
              "name": "com.thealgorithms.bitmanipulation",
              "line": 1,
              "column": 1,
              "endLine": 1,
              "endColumn": 42,
              "attrs": {
                "name": "com.thealgorithms.bitmanipulation"
              },
              "children": [
                {
                  "type": "Name",
                  "name": "",
                  "line": 1,
                  "column": 9,
                  "endLine": 1,
                  "endColumn": 41,
                  "children": [
                    {
                      "type": "Name",
                      "name": "",
                      "line": 1,
                      "column": 9,
                      "endLine": 1,
                      "endColumn": 25,
                      "children": [
                        {
                          "type": "Name",
                          "name": "",
                          "line": 1,
                          "column": 9,
                          "endLine": 1,
                          "endColumn": 11
                        }
                      ]
                    }
                  ]
                }
              ]
            },
            {
              "type": "ClassOrInterfaceDeclaration",
              "name": "NumberAppearingOddTimes",
              "line": 23,
              "column": 1,
              "endLine": 41,
              "endColumn": 1,
              "value": "class",
              "attrs": {
                "modifiers": "[public , final ]",
                "typeParams": "[]",
                "extends": "[]",
                "implements": "[]",
                "annotations": "[]"
              },
              "children": [
                {
                  "type": "Modifier",
                  "name": "",
                  "line": 23,
                  "column": 1,
                  "endLine": 23,
                  "endColumn": 6
                },
                {
                  "type": "Modifier",
                  "name": "",
                  "line": 23,
                  "column": 8,
                  "endLine": 23,
                  "endColumn": 12
                },
                {
                  "type": "SimpleName",
                  "name": "",
                  "line": 23,
                  "column": 20,
                  "endLine": 23,
                  "endColumn": 42
                },
                {
                  "type": "ConstructorDeclaration",
                  "name": "NumberAppearingOddTimes",
                  "line": 24,
                  "column": 5,
                  "endLine": 25,
                  "endColumn": 5,
                  "attrs": {
                    "modifiers": "[private ]",
                    "throws": "[]",
                    "annotations": "[]",
                    "params": "[]"
                  },
                  "children": [
                    {
                      "type": "Modifier",
                      "name": "",
                      "line": 24,
                      "column": 5,
                      "endLine": 24,
                      "endColumn": 11
                    },
                    {
                      "type": "SimpleName",
                      "name": "",
                      "line": 24,
                      "column": 13,
                      "endLine": 24,
                      "endColumn": 35
                    },
                    {
                      "type": "BlockStmt",
                      "name": "",
                      "line": 24,
                      "column": 39,
                      "endLine": 25,
                      "endColumn": 5
                    }
                  ]
                },
                {
                  "type": "MethodDeclaration",
                  "name": "findOddOccurrence",
                  "line": 34,
                  "column": 5,
                  "endLine": 40,
                  "endColumn": 5,
                  "value": "int",
                  "attrs": {
                    "modifiers": "[public , static ]",
                    "typeParams": "[]",
                    "throws": "[]",
                    "annotations": "[]",
                    "type": "int",
                    "params": "[int[] arr]"
                  },
                  "children": [
                    {
                      "type": "Javadoc",
                      "name": "",
                      "line": 27,
                      "column": 5,
                      "endLine": 33,
                      "endColumn": 7,
                      "value": "\n     * Finds the element in the array that appears an odd number of times.\n     *\n     * @param arr the input array containing integers, where all elements\n     *            except one appear an even number of times.\n     * @return the integer that appears an odd number of times.\n     "
                    },
                    {
                      "type": "Modifier",
                      "name": "",
                      "line": 34,
                      "column": 5,
                      "endLine": 34,
                      "endColumn": 10
                    },
                    {
                      "type": "Modifier",
                      "name": "",
                      "line": 34,
                      "column": 12,
                      "endLine": 34,
                      "endColumn": 17
                    },
                    {
                      "type": "SimpleName",
                      "name": "",
                      "line": 34,
                      "column": 23,
                      "endLine": 34,
                      "endColumn": 39
                    },
                    {
                      "type": "Parameter",
                      "name": "arr",
                      "line": 34,
                      "column": 41,
                      "endLine": 34,
                      "endColumn": 49,
                      "attrs": {
                        "modifiers": "[]",
                        "type": "int[]",
                        "isVarArgs": "false",
                        "annotations": "[]"
                      },
                      "children": [
                        {
                          "type": "ArrayType",
                          "name": "",
                          "line": 34,
                          "column": 41,
                          "endLine": 34,
                          "endColumn": 45,
                          "children": [
                            {
                              "type": "PrimitiveType",
                              "name": "",
                              "line": 34,
                              "column": 41,
                              "endLine": 34,
                              "endColumn": 43
                            }
                          ]
                        },
                        {
                          "type": "SimpleName",
                          "name": "",
                          "line": 34,
                          "column": 47,
                          "endLine": 34,
                          "endColumn": 49
                        }
                      ]
                    },
                    {
                      "type": "PrimitiveType",
                      "name": "",
                      "line": 34,
                      "column": 19,
                      "endLine": 34,
                      "endColumn": 21
                    },
                    {
                      "type": "BlockStmt",
                      "name": "",
                      "line": 34,
                      "column": 52,
                      "endLine": 40,
                      "endColumn": 5,
                      "children": [
                        {
                          "type": "ExpressionStmt",
                          "name": "",
                          "line": 35,
                          "column": 9,
                          "endLine": 35,
                          "endColumn": 23,
                          "attrs": {
                            "code": "int result = 0"
                          },
                          "children": [
                            {
                              "type": "VariableDeclarationExpr",
                              "name": "",
                              "line": 35,
                              "column": 9,
                              "endLine": 35,
                              "endColumn": 22,
                              "attrs": {
                                "modifiers": "[]",
                                "code": "int result = 0"
                              },
                              "children": [
                                {
                                  "type": "VariableDeclarator",
                                  "name": "result",
                                  "line": 35,
                                  "column": 13,
                                  "endLine": 35,
                                  "endColumn": 22,
                                  "value": "int",
                                  "attrs": {
                                    "initializer": "0",
                                    "type": "int"
                                  },
                                  "children": [
                                    {
                                      "type": "PrimitiveType",
                                      "name": "",
                                      "line": 35,
                                      "column": 9,
                                      "endLine": 35,
                                      "endColumn": 11
                                    },
                                    {
                                      "type": "SimpleName",
                                      "name": "",
                                      "line": 35,
                                      "column": 13,
                                      "endLine": 35,
                                      "endColumn": 18
                                    },
                                    {
                                      "type": "IntegerLiteralExpr",
                                      "name": "",
                                      "line": 35,
                                      "column": 22,
                                      "endLine": 35,
                                      "endColumn": 22
                                    }
                                  ]
                                }
                              ]
                            }
                          ]
                        },
                        {
                          "type": "ForEachStmt",
                          "name": "for-each(…)",
                          "line": 36,
                          "column": 9,
                          "endLine": 38,
                          "endColumn": 9,
                          "attrs": {
                            "var": "int num",
                            "iterable": "arr"
                          },
                          "children": [
                            {
                              "type": "VariableDeclarationExpr",
                              "name": "",
                              "line": 36,
                              "column": 14,
                              "endLine": 36,
                              "endColumn": 20,
                              "attrs": {
                                "modifiers": "[]",
                                "code": "int num"
                              },
                              "children": [
                                {
                                  "type": "VariableDeclarator",
                                  "name": "num",
                                  "line": 36,
                                  "column": 18,
                                  "endLine": 36,
                                  "endColumn": 20,
                                  "value": "int",
                                  "attrs": {
                                    "type": "int"
                                  },
                                  "children": [
                                    {
                                      "type": "PrimitiveType",
                                      "name": "",
                                      "line": 36,
                                      "column": 14,
                                      "endLine": 36,
                                      "endColumn": 16
                                    },
                                    {
                                      "type": "SimpleName",
                                      "name": "",
                                      "line": 36,
                                      "column": 18,
                                      "endLine": 36,
                                      "endColumn": 20
                                    }
                                  ]
                                }
                              ]
                            },
                            {
                              "type": "NameExpr",
                              "name": "arr",
                              "line": 36,
                              "column": 24,
                              "endLine": 36,
                              "endColumn": 26,
                              "children": [
                                {
                                  "type": "SimpleName",
                                  "name": "",
                                  "line": 36,
                                  "column": 24,
                                  "endLine": 36,
                                  "endColumn": 26
                                }
                              ]
                            },
                            {
                              "type": "BlockStmt",
                              "name": "",
                              "line": 36,
                              "column": 29,
                              "endLine": 38,
                              "endColumn": 9,
                              "children": [
                                {
                                  "type": "ExpressionStmt",
                                  "name": "",
                                  "line": 37,
                                  "column": 13,
                                  "endLine": 37,
                                  "endColumn": 26,
                                  "attrs": {
                                    "code": "result ^= num"
                                  },
                                  "children": [
                                    {
                                      "type": "AssignExpr",
                                      "name": "",
                                      "line": 37,
                                      "column": 13,
                                      "endLine": 37,
                                      "endColumn": 25,
                                      "attrs": {
                                        "code": "result ^= num"
                                      },
                                      "children": [
                                        {
                                          "type": "NameExpr",
                                          "name": "result",
                                          "line": 37,
                                          "column": 13,
                                          "endLine": 37,
                                          "endColumn": 18,
                                          "children": [
                                            {
                                              "type": "SimpleName",
                                              "name": "",
                                              "line": 37,
                                              "column": 13,
                                              "endLine": 37,
                                              "endColumn": 18
                                            }
                                          ]
                                        },
                                        {
                                          "type": "NameExpr",
                                          "name": "num",
                                          "line": 37,
                                          "column": 23,
                                          "endLine": 37,
                                          "endColumn": 25,
                                          "children": [
                                            {
                                              "type": "SimpleName",
                                              "name": "",
                                              "line": 37,
                                              "column": 23,
                                              "endLine": 37,
                                              "endColumn": 25
                                            }
                                          ]
                                        }
                                      ]
                                    }
                                  ]
                                }
                              ]
                            }
                          ]
                        },
                        {
                          "type": "ReturnStmt",
                          "name": "return",
                          "line": 39,
                          "column": 9,
                          "endLine": 39,
                          "endColumn": 22,
                          "attrs": {
                            "expr": "result"
                          },
                          "children": [
                            {
                              "type": "NameExpr",
                              "name": "result",
                              "line": 39,
                              "column": 16,
                              "endLine": 39,
                              "endColumn": 21,
                              "children": [
                                {
                                  "type": "SimpleName",
                                  "name": "",
                                  "line": 39,
                                  "column": 16,
                                  "endLine": 39,
                                  "endColumn": 21
                                }
                              ]
                            }
                          ]
                        }
                      ]
                    }
                  ]
                }
              ]
            },
            {
              "type": "JavadocComment",
              "name": "",
              "line": 3,
              "column": 1,
              "endLine": 21,
              "endColumn": 3
            }
          ]
        },
        {
          "type": "OrphanComment",
          "name": "",
          "line": 3,
          "column": 1,
          "endLine": 21,
          "endColumn": 3,
          "value": "\n * This class provides a method to find the element that appears an\n * odd number of times in an array. All other elements in the array\n * must appear an even number of times for the logic to work.\n *\n * The solution uses the XOR operation, which has the following properties:\n * - a ^ a = 0 (XOR-ing the same numbers cancels them out)\n * - a ^ 0 = a\n * - XOR is commutative and associative.\n *\n * Time Complexity: O(n), where n is the size of the array.\n * Space Complexity: O(1), as no extra space is used.\n *\n * Usage Example:\n * int result = NumberAppearingOddTimes.findOddOccurrence(new int[]{1, 2, 1, 2, 3});\n * // result will be 3\n *\n * @author Lakshyajeet Singh Goyal (https://github.com/DarkMatter-999)\n "
        }
      ]
    }
  ]
}