{
  "type": "Project",
  "name": "Project",
  "children": [
    {
      "type": "File",
      "name": "SimpleTreeNode.java",
      "value": "D:\\py-java-transform\\java to py\\java-to-python_user\\java-to-python-main\\java to python-result\\196\\SimpleTreeNode.java",
      "children": [
        {
          "type": "CompilationUnit",
          "name": "",
          "line": 1,
          "column": 1,
          "endLine": 90,
          "endColumn": 2,
          "children": [
            {
              "type": "PackageDeclaration",
              "name": "com.thealgorithms.devutils.nodes",
              "line": 1,
              "column": 1,
              "endLine": 1,
              "endColumn": 41,
              "attrs": {
                "name": "com.thealgorithms.devutils.nodes"
              },
              "children": [
                {
                  "type": "Name",
                  "name": "",
                  "line": 1,
                  "column": 9,
                  "endLine": 1,
                  "endColumn": 40,
                  "children": [
                    {
                      "type": "Name",
                      "name": "",
                      "line": 1,
                      "column": 9,
                      "endLine": 1,
                      "endColumn": 34,
                      "children": [
                        {
                          "type": "Name",
                          "name": "",
                          "line": 1,
                          "column": 9,
                          "endLine": 1,
                          "endColumn": 25,
                          "children": [
                            {
                              "type": "Name",
                              "name": "",
                              "line": 1,
                              "column": 9,
                              "endLine": 1,
                              "endColumn": 11
                            }
                          ]
                        }
                      ]
                    }
                  ]
                }
              ]
            },
            {
              "type": "ClassOrInterfaceDeclaration",
              "name": "SimpleTreeNode",
              "line": 11,
              "column": 1,
              "endLine": 90,
              "endColumn": 1,
              "value": "class",
              "attrs": {
                "modifiers": "[public ]",
                "typeParams": "[E]",
                "extends": "[TreeNode<E>]",
                "implements": "[]",
                "annotations": "[]"
              },
              "children": [
                {
                  "type": "Javadoc",
                  "name": "",
                  "line": 3,
                  "column": 1,
                  "endLine": 10,
                  "endColumn": 3,
                  "value": "\n * Simple TreeNode extension that holds references to two child Nodes (left and\n * right).\n *\n * @param <E> The type of the data held in the Node.\n *\n * @author <a href=\"https://github.com/aitorfi\">aitorfi</a>\n "
                },
                {
                  "type": "Modifier",
                  "name": "",
                  "line": 11,
                  "column": 1,
                  "endLine": 11,
                  "endColumn": 6
                },
                {
                  "type": "SimpleName",
                  "name": "",
                  "line": 11,
                  "column": 14,
                  "endLine": 11,
                  "endColumn": 27
                },
                {
                  "type": "FieldDeclaration",
                  "name": "",
                  "line": 16,
                  "column": 5,
                  "endLine": 16,
                  "endColumn": 39,
                  "value": "SimpleTreeNode<E>",
                  "attrs": {
                    "modifiers": "[private ]",
                    "annotations": "[]"
                  },
                  "children": [
                    {
                      "type": "Javadoc",
                      "name": "",
                      "line": 13,
                      "column": 5,
                      "endLine": 15,
                      "endColumn": 7,
                      "value": "\n     * Reference to the child Node on the left.\n     "
                    },
                    {
                      "type": "Modifier",
                      "name": "",
                      "line": 16,
                      "column": 5,
                      "endLine": 16,
                      "endColumn": 11
                    },
                    {
                      "type": "VariableDeclarator",
                      "name": "leftNode",
                      "line": 16,
                      "column": 31,
                      "endLine": 16,
                      "endColumn": 38,
                      "value": "SimpleTreeNode<E>",
                      "attrs": {
                        "type": "SimpleTreeNode<E>"
                      },
                      "children": [
                        {
                          "type": "ClassOrInterfaceType",
                          "name": "SimpleTreeNode",
                          "line": 16,
                          "column": 13,
                          "endLine": 16,
                          "endColumn": 29,
                          "attrs": {
                            "typeArgs": "[E]"
                          },
                          "children": [
                            {
                              "type": "SimpleName",
                              "name": "",
                              "line": 16,
                              "column": 13,
                              "endLine": 16,
                              "endColumn": 26
                            },
                            {
                              "type": "ClassOrInterfaceType",
                              "name": "E",
                              "line": 16,
                              "column": 28,
                              "endLine": 16,
                              "endColumn": 28,
                              "children": [
                                {
                                  "type": "SimpleName",
                                  "name": "",
                                  "line": 16,
                                  "column": 28,
                                  "endLine": 16,
                                  "endColumn": 28
                                }
                              ]
                            }
                          ]
                        },
                        {
                          "type": "SimpleName",
                          "name": "",
                          "line": 16,
                          "column": 31,
                          "endLine": 16,
                          "endColumn": 38
                        }
                      ]
                    }
                  ]
                },
                {
                  "type": "FieldDeclaration",
                  "name": "",
                  "line": 20,
                  "column": 5,
                  "endLine": 20,
                  "endColumn": 40,
                  "value": "SimpleTreeNode<E>",
                  "attrs": {
                    "modifiers": "[private ]",
                    "annotations": "[]"
                  },
                  "children": [
                    {
                      "type": "Javadoc",
                      "name": "",
                      "line": 17,
                      "column": 5,
                      "endLine": 19,
                      "endColumn": 7,
                      "value": "\n     * Reference to the child Node on the right.\n     "
                    },
                    {
                      "type": "Modifier",
                      "name": "",
                      "line": 20,
                      "column": 5,
                      "endLine": 20,
                      "endColumn": 11
                    },
                    {
                      "type": "VariableDeclarator",
                      "name": "rightNode",
                      "line": 20,
                      "column": 31,
                      "endLine": 20,
                      "endColumn": 39,
                      "value": "SimpleTreeNode<E>",
                      "attrs": {
                        "type": "SimpleTreeNode<E>"
                      },
                      "children": [
                        {
                          "type": "ClassOrInterfaceType",
                          "name": "SimpleTreeNode",
                          "line": 20,
                          "column": 13,
                          "endLine": 20,
                          "endColumn": 29,
                          "attrs": {
                            "typeArgs": "[E]"
                          },
                          "children": [
                            {
                              "type": "SimpleName",
                              "name": "",
                              "line": 20,
                              "column": 13,
                              "endLine": 20,
                              "endColumn": 26
                            },
                            {
                              "type": "ClassOrInterfaceType",
                              "name": "E",
                              "line": 20,
                              "column": 28,
                              "endLine": 20,
                              "endColumn": 28,
                              "children": [
                                {
                                  "type": "SimpleName",
                                  "name": "",
                                  "line": 20,
                                  "column": 28,
                                  "endLine": 20,
                                  "endColumn": 28
                                }
                              ]
                            }
                          ]
                        },
                        {
                          "type": "SimpleName",
                          "name": "",
                          "line": 20,
                          "column": 31,
                          "endLine": 20,
                          "endColumn": 39
                        }
                      ]
                    }
                  ]
                },
                {
                  "type": "ConstructorDeclaration",
                  "name": "SimpleTreeNode",
                  "line": 25,
                  "column": 5,
                  "endLine": 27,
                  "endColumn": 5,
                  "attrs": {
                    "modifiers": "[public ]",
                    "throws": "[]",
                    "annotations": "[]",
                    "params": "[]"
                  },
                  "children": [
                    {
                      "type": "Javadoc",
                      "name": "",
                      "line": 22,
                      "column": 5,
                      "endLine": 24,
                      "endColumn": 7,
                      "value": "\n     * Empty constructor.\n     "
                    },
                    {
                      "type": "Modifier",
                      "name": "",
                      "line": 25,
                      "column": 5,
                      "endLine": 25,
                      "endColumn": 10
                    },
                    {
                      "type": "SimpleName",
                      "name": "",
                      "line": 25,
                      "column": 12,
                      "endLine": 25,
                      "endColumn": 25
                    },
                    {
                      "type": "BlockStmt",
                      "name": "",
                      "line": 25,
                      "column": 29,
                      "endLine": 27,
                      "endColumn": 5,
                      "children": [
                        {
                          "type": "ExplicitConstructorInvocationStmt",
                          "name": "",
                          "line": 26,
                          "column": 9,
                          "endLine": 26,
                          "endColumn": 16,
                          "attrs": {
                            "args": "[]"
                          }
                        }
                      ]
                    }
                  ]
                },
                {
                  "type": "ConstructorDeclaration",
                  "name": "SimpleTreeNode",
                  "line": 35,
                  "column": 5,
                  "endLine": 37,
                  "endColumn": 5,
                  "attrs": {
                    "modifiers": "[public ]",
                    "throws": "[]",
                    "annotations": "[]",
                    "params": "[E data]"
                  },
                  "children": [
                    {
                      "type": "Javadoc",
                      "name": "",
                      "line": 29,
                      "column": 5,
                      "endLine": 34,
                      "endColumn": 7,
                      "value": "\n     * Initializes the Nodes' data.\n     *\n     * @param data Value to which data will be initialized.\n     * @see TreeNode#TreeNode(Object)\n     "
                    },
                    {
                      "type": "Modifier",
                      "name": "",
                      "line": 35,
                      "column": 5,
                      "endLine": 35,
                      "endColumn": 10
                    },
                    {
                      "type": "SimpleName",
                      "name": "",
                      "line": 35,
                      "column": 12,
                      "endLine": 35,
                      "endColumn": 25
                    },
                    {
                      "type": "Parameter",
                      "name": "data",
                      "line": 35,
                      "column": 27,
                      "endLine": 35,
                      "endColumn": 32,
                      "attrs": {
                        "modifiers": "[]",
                        "type": "E",
                        "isVarArgs": "false",
                        "annotations": "[]"
                      },
                      "children": [
                        {
                          "type": "ClassOrInterfaceType",
                          "name": "E",
                          "line": 35,
                          "column": 27,
                          "endLine": 35,
                          "endColumn": 27,
                          "children": [
                            {
                              "type": "SimpleName",
                              "name": "",
                              "line": 35,
                              "column": 27,
                              "endLine": 35,
                              "endColumn": 27
                            }
                          ]
                        },
                        {
                          "type": "SimpleName",
                          "name": "",
                          "line": 35,
                          "column": 29,
                          "endLine": 35,
                          "endColumn": 32
                        }
                      ]
                    },
                    {
                      "type": "BlockStmt",
                      "name": "",
                      "line": 35,
                      "column": 35,
                      "endLine": 37,
                      "endColumn": 5,
                      "children": [
                        {
                          "type": "ExplicitConstructorInvocationStmt",
                          "name": "",
                          "line": 36,
                          "column": 9,
                          "endLine": 36,
                          "endColumn": 20,
                          "attrs": {
                            "args": "[data]"
                          },
                          "children": [
                            {
                              "type": "NameExpr",
                              "name": "data",
                              "line": 36,
                              "column": 15,
                              "endLine": 36,
                              "endColumn": 18,
                              "children": [
                                {
                                  "type": "SimpleName",
                                  "name": "",
                                  "line": 36,
                                  "column": 15,
                                  "endLine": 36,
                                  "endColumn": 18
                                }
                              ]
                            }
                          ]
                        }
                      ]
                    }
                  ]
                },
                {
                  "type": "ConstructorDeclaration",
                  "name": "SimpleTreeNode",
                  "line": 46,
                  "column": 5,
                  "endLine": 48,
                  "endColumn": 5,
                  "attrs": {
                    "modifiers": "[public ]",
                    "throws": "[]",
                    "annotations": "[]",
                    "params": "[E data, SimpleTreeNode<E> parentNode]"
                  },
                  "children": [
                    {
                      "type": "Javadoc",
                      "name": "",
                      "line": 39,
                      "column": 5,
                      "endLine": 45,
                      "endColumn": 7,
                      "value": "\n     * Initializes the Nodes' data and parent node reference.\n     *\n     * @param data Value to which data will be initialized.\n     * @param parentNode Value to which the nodes' parent reference will be set.\n     * @see TreeNode#TreeNode(Object, Node)\n     "
                    },
                    {
                      "type": "Modifier",
                      "name": "",
                      "line": 46,
                      "column": 5,
                      "endLine": 46,
                      "endColumn": 10
                    },
                    {
                      "type": "SimpleName",
                      "name": "",
                      "line": 46,
                      "column": 12,
                      "endLine": 46,
                      "endColumn": 25
                    },
                    {
                      "type": "Parameter",
                      "name": "data",
                      "line": 46,
                      "column": 27,
                      "endLine": 46,
                      "endColumn": 32,
                      "attrs": {
                        "modifiers": "[]",
                        "type": "E",
                        "isVarArgs": "false",
                        "annotations": "[]"
                      },
                      "children": [
                        {
                          "type": "ClassOrInterfaceType",
                          "name": "E",
                          "line": 46,
                          "column": 27,
                          "endLine": 46,
                          "endColumn": 27,
                          "children": [
                            {
                              "type": "SimpleName",
                              "name": "",
                              "line": 46,
                              "column": 27,
                              "endLine": 46,
                              "endColumn": 27
                            }
                          ]
                        },
                        {
                          "type": "SimpleName",
                          "name": "",
                          "line": 46,
                          "column": 29,
                          "endLine": 46,
                          "endColumn": 32
                        }
                      ]
                    },
                    {
                      "type": "Parameter",
                      "name": "parentNode",
                      "line": 46,
                      "column": 35,
                      "endLine": 46,
                      "endColumn": 62,
                      "attrs": {
                        "modifiers": "[]",
                        "type": "SimpleTreeNode<E>",
                        "isVarArgs": "false",
                        "annotations": "[]"
                      },
                      "children": [
                        {
                          "type": "ClassOrInterfaceType",
                          "name": "SimpleTreeNode",
                          "line": 46,
                          "column": 35,
                          "endLine": 46,
                          "endColumn": 51,
                          "attrs": {
                            "typeArgs": "[E]"
                          },
                          "children": [
                            {
                              "type": "SimpleName",
                              "name": "",
                              "line": 46,
                              "column": 35,
                              "endLine": 46,
                              "endColumn": 48
                            },
                            {
                              "type": "ClassOrInterfaceType",
                              "name": "E",
                              "line": 46,
                              "column": 50,
                              "endLine": 46,
                              "endColumn": 50,
                              "children": [
                                {
                                  "type": "SimpleName",
                                  "name": "",
                                  "line": 46,
                                  "column": 50,
                                  "endLine": 46,
                                  "endColumn": 50
                                }
                              ]
                            }
                          ]
                        },
                        {
                          "type": "SimpleName",
                          "name": "",
                          "line": 46,
                          "column": 53,
                          "endLine": 46,
                          "endColumn": 62
                        }
                      ]
                    },
                    {
                      "type": "BlockStmt",
                      "name": "",
                      "line": 46,
                      "column": 65,
                      "endLine": 48,
                      "endColumn": 5,
                      "children": [
                        {
                          "type": "ExplicitConstructorInvocationStmt",
                          "name": "",
                          "line": 47,
                          "column": 9,
                          "endLine": 47,
                          "endColumn": 32,
                          "attrs": {
                            "args": "[data, parentNode]"
                          },
                          "children": [
                            {
                              "type": "NameExpr",
                              "name": "data",
                              "line": 47,
                              "column": 15,
                              "endLine": 47,
                              "endColumn": 18,
                              "children": [
                                {
                                  "type": "SimpleName",
                                  "name": "",
                                  "line": 47,
                                  "column": 15,
                                  "endLine": 47,
                                  "endColumn": 18
                                }
                              ]
                            },
                            {
                              "type": "NameExpr",
                              "name": "parentNode",
                              "line": 47,
                              "column": 21,
                              "endLine": 47,
                              "endColumn": 30,
                              "children": [
                                {
                                  "type": "SimpleName",
                                  "name": "",
                                  "line": 47,
                                  "column": 21,
                                  "endLine": 47,
                                  "endColumn": 30
                                }
                              ]
                            }
                          ]
                        }
                      ]
                    }
                  ]
                },
                {
                  "type": "ConstructorDeclaration",
                  "name": "SimpleTreeNode",
                  "line": 60,
                  "column": 5,
                  "endLine": 64,
                  "endColumn": 5,
                  "attrs": {
                    "modifiers": "[public ]",
                    "throws": "[]",
                    "annotations": "[]",
                    "params": "[E data, SimpleTreeNode<E> parentNode, SimpleTreeNode<E> leftNode, SimpleTreeNode<E> rightNode]"
                  },
                  "children": [
                    {
                      "type": "Javadoc",
                      "name": "",
                      "line": 50,
                      "column": 5,
                      "endLine": 59,
                      "endColumn": 7,
                      "value": "\n     * Initializes the Nodes' data and parent and child nodes references.\n     *\n     * @param data Value to which data will be initialized.\n     * @param parentNode Value to which the nodes' parent reference will be set.\n     * @param leftNode Value to which the nodes' left child reference will be\n     * set.\n     * @param rightNode Value to which the nodes' right child reference will be\n     * set.\n     "
                    },
                    {
                      "type": "Modifier",
                      "name": "",
                      "line": 60,
                      "column": 5,
                      "endLine": 60,
                      "endColumn": 10
                    },
                    {
                      "type": "SimpleName",
                      "name": "",
                      "line": 60,
                      "column": 12,
                      "endLine": 60,
                      "endColumn": 25
                    },
                    {
                      "type": "Parameter",
                      "name": "data",
                      "line": 60,
                      "column": 27,
                      "endLine": 60,
                      "endColumn": 32,
                      "attrs": {
                        "modifiers": "[]",
                        "type": "E",
                        "isVarArgs": "false",
                        "annotations": "[]"
                      },
                      "children": [
                        {
                          "type": "ClassOrInterfaceType",
                          "name": "E",
                          "line": 60,
                          "column": 27,
                          "endLine": 60,
                          "endColumn": 27,
                          "children": [
                            {
                              "type": "SimpleName",
                              "name": "",
                              "line": 60,
                              "column": 27,
                              "endLine": 60,
                              "endColumn": 27
                            }
                          ]
                        },
                        {
                          "type": "SimpleName",
                          "name": "",
                          "line": 60,
                          "column": 29,
                          "endLine": 60,
                          "endColumn": 32
                        }
                      ]
                    },
                    {
                      "type": "Parameter",
                      "name": "parentNode",
                      "line": 60,
                      "column": 35,
                      "endLine": 60,
                      "endColumn": 62,
                      "attrs": {
                        "modifiers": "[]",
                        "type": "SimpleTreeNode<E>",
                        "isVarArgs": "false",
                        "annotations": "[]"
                      },
                      "children": [
                        {
                          "type": "ClassOrInterfaceType",
                          "name": "SimpleTreeNode",
                          "line": 60,
                          "column": 35,
                          "endLine": 60,
                          "endColumn": 51,
                          "attrs": {
                            "typeArgs": "[E]"
                          },
                          "children": [
                            {
                              "type": "SimpleName",
                              "name": "",
                              "line": 60,
                              "column": 35,
                              "endLine": 60,
                              "endColumn": 48
                            },
                            {
                              "type": "ClassOrInterfaceType",
                              "name": "E",
                              "line": 60,
                              "column": 50,
                              "endLine": 60,
                              "endColumn": 50,
                              "children": [
                                {
                                  "type": "SimpleName",
                                  "name": "",
                                  "line": 60,
                                  "column": 50,
                                  "endLine": 60,
                                  "endColumn": 50
                                }
                              ]
                            }
                          ]
                        },
                        {
                          "type": "SimpleName",
                          "name": "",
                          "line": 60,
                          "column": 53,
                          "endLine": 60,
                          "endColumn": 62
                        }
                      ]
                    },
                    {
                      "type": "Parameter",
                      "name": "leftNode",
                      "line": 60,
                      "column": 65,
                      "endLine": 60,
                      "endColumn": 90,
                      "attrs": {
                        "modifiers": "[]",
                        "type": "SimpleTreeNode<E>",
                        "isVarArgs": "false",
                        "annotations": "[]"
                      },
                      "children": [
                        {
                          "type": "ClassOrInterfaceType",
                          "name": "SimpleTreeNode",
                          "line": 60,
                          "column": 65,
                          "endLine": 60,
                          "endColumn": 81,
                          "attrs": {
                            "typeArgs": "[E]"
                          },
                          "children": [
                            {
                              "type": "SimpleName",
                              "name": "",
                              "line": 60,
                              "column": 65,
                              "endLine": 60,
                              "endColumn": 78
                            },
                            {
                              "type": "ClassOrInterfaceType",
                              "name": "E",
                              "line": 60,
                              "column": 80,
                              "endLine": 60,
                              "endColumn": 80,
                              "children": [
                                {
                                  "type": "SimpleName",
                                  "name": "",
                                  "line": 60,
                                  "column": 80,
                                  "endLine": 60,
                                  "endColumn": 80
                                }
                              ]
                            }
                          ]
                        },
                        {
                          "type": "SimpleName",
                          "name": "",
                          "line": 60,
                          "column": 83,
                          "endLine": 60,
                          "endColumn": 90
                        }
                      ]
                    },
                    {
                      "type": "Parameter",
                      "name": "rightNode",
                      "line": 60,
                      "column": 93,
                      "endLine": 60,
                      "endColumn": 119,
                      "attrs": {
                        "modifiers": "[]",
                        "type": "SimpleTreeNode<E>",
                        "isVarArgs": "false",
                        "annotations": "[]"
                      },
                      "children": [
                        {
                          "type": "ClassOrInterfaceType",
                          "name": "SimpleTreeNode",
                          "line": 60,
                          "column": 93,
                          "endLine": 60,
                          "endColumn": 109,
                          "attrs": {
                            "typeArgs": "[E]"
                          },
                          "children": [
                            {
                              "type": "SimpleName",
                              "name": "",
                              "line": 60,
                              "column": 93,
                              "endLine": 60,
                              "endColumn": 106
                            },
                            {
                              "type": "ClassOrInterfaceType",
                              "name": "E",
                              "line": 60,
                              "column": 108,
                              "endLine": 60,
                              "endColumn": 108,
                              "children": [
                                {
                                  "type": "SimpleName",
                                  "name": "",
                                  "line": 60,
                                  "column": 108,
                                  "endLine": 60,
                                  "endColumn": 108
                                }
                              ]
                            }
                          ]
                        },
                        {
                          "type": "SimpleName",
                          "name": "",
                          "line": 60,
                          "column": 111,
                          "endLine": 60,
                          "endColumn": 119
                        }
                      ]
                    },
                    {
                      "type": "BlockStmt",
                      "name": "",
                      "line": 60,
                      "column": 122,
                      "endLine": 64,
                      "endColumn": 5,
                      "children": [
                        {
                          "type": "ExplicitConstructorInvocationStmt",
                          "name": "",
                          "line": 61,
                          "column": 9,
                          "endLine": 61,
                          "endColumn": 32,
                          "attrs": {
                            "args": "[data, parentNode]"
                          },
                          "children": [
                            {
                              "type": "NameExpr",
                              "name": "data",
                              "line": 61,
                              "column": 15,
                              "endLine": 61,
                              "endColumn": 18,
                              "children": [
                                {
                                  "type": "SimpleName",
                                  "name": "",
                                  "line": 61,
                                  "column": 15,
                                  "endLine": 61,
                                  "endColumn": 18
                                }
                              ]
                            },
                            {
                              "type": "NameExpr",
                              "name": "parentNode",
                              "line": 61,
                              "column": 21,
                              "endLine": 61,
                              "endColumn": 30,
                              "children": [
                                {
                                  "type": "SimpleName",
                                  "name": "",
                                  "line": 61,
                                  "column": 21,
                                  "endLine": 61,
                                  "endColumn": 30
                                }
                              ]
                            }
                          ]
                        },
                        {
                          "type": "ExpressionStmt",
                          "name": "",
                          "line": 62,
                          "column": 9,
                          "endLine": 62,
                          "endColumn": 33,
                          "attrs": {
                            "code": "this.leftNode = leftNode"
                          },
                          "children": [
                            {
                              "type": "AssignExpr",
                              "name": "",
                              "line": 62,
                              "column": 9,
                              "endLine": 62,
                              "endColumn": 32,
                              "attrs": {
                                "code": "this.leftNode = leftNode"
                              },
                              "children": [
                                {
                                  "type": "FieldAccessExpr",
                                  "name": "leftNode",
                                  "line": 62,
                                  "column": 9,
                                  "endLine": 62,
                                  "endColumn": 21,
                                  "children": [
                                    {
                                      "type": "ThisExpr",
                                      "name": "",
                                      "line": 62,
                                      "column": 9,
                                      "endLine": 62,
                                      "endColumn": 12
                                    },
                                    {
                                      "type": "SimpleName",
                                      "name": "",
                                      "line": 62,
                                      "column": 14,
                                      "endLine": 62,
                                      "endColumn": 21
                                    }
                                  ]
                                },
                                {
                                  "type": "NameExpr",
                                  "name": "leftNode",
                                  "line": 62,
                                  "column": 25,
                                  "endLine": 62,
                                  "endColumn": 32,
                                  "children": [
                                    {
                                      "type": "SimpleName",
                                      "name": "",
                                      "line": 62,
                                      "column": 25,
                                      "endLine": 62,
                                      "endColumn": 32
                                    }
                                  ]
                                }
                              ]
                            }
                          ]
                        },
                        {
                          "type": "ExpressionStmt",
                          "name": "",
                          "line": 63,
                          "column": 9,
                          "endLine": 63,
                          "endColumn": 35,
                          "attrs": {
                            "code": "this.rightNode = rightNode"
                          },
                          "children": [
                            {
                              "type": "AssignExpr",
                              "name": "",
                              "line": 63,
                              "column": 9,
                              "endLine": 63,
                              "endColumn": 34,
                              "attrs": {
                                "code": "this.rightNode = rightNode"
                              },
                              "children": [
                                {
                                  "type": "FieldAccessExpr",
                                  "name": "rightNode",
                                  "line": 63,
                                  "column": 9,
                                  "endLine": 63,
                                  "endColumn": 22,
                                  "children": [
                                    {
                                      "type": "ThisExpr",
                                      "name": "",
                                      "line": 63,
                                      "column": 9,
                                      "endLine": 63,
                                      "endColumn": 12
                                    },
                                    {
                                      "type": "SimpleName",
                                      "name": "",
                                      "line": 63,
                                      "column": 14,
                                      "endLine": 63,
                                      "endColumn": 22
                                    }
                                  ]
                                },
                                {
                                  "type": "NameExpr",
                                  "name": "rightNode",
                                  "line": 63,
                                  "column": 26,
                                  "endLine": 63,
                                  "endColumn": 34,
                                  "children": [
                                    {
                                      "type": "SimpleName",
                                      "name": "",
                                      "line": 63,
                                      "column": 26,
                                      "endLine": 63,
                                      "endColumn": 34
                                    }
                                  ]
                                }
                              ]
                            }
                          ]
                        }
                      ]
                    }
                  ]
                },
                {
                  "type": "MethodDeclaration",
                  "name": "isLeafNode",
                  "line": 70,
                  "column": 5,
                  "endLine": 73,
                  "endColumn": 5,
                  "value": "boolean",
                  "attrs": {
                    "modifiers": "[public ]",
                    "typeParams": "[]",
                    "throws": "[]",
                    "annotations": "[@Override]",
                    "type": "boolean",
                    "params": "[]"
                  },
                  "children": [
                    {
                      "type": "Javadoc",
                      "name": "",
                      "line": 66,
                      "column": 5,
                      "endLine": 69,
                      "endColumn": 7,
                      "value": "\n     * @return True if the node is a leaf node, otherwise false.\n     * @see TreeNode#isLeafNode()\n     "
                    },
                    {
                      "type": "MarkerAnnotationExpr",
                      "name": "Override",
                      "line": 70,
                      "column": 5,
                      "endLine": 70,
                      "endColumn": 13,
                      "children": [
                        {
                          "type": "Name",
                          "name": "",
                          "line": 70,
                          "column": 6,
                          "endLine": 70,
                          "endColumn": 13
                        }
                      ]
                    },
                    {
                      "type": "Modifier",
                      "name": "",
                      "line": 71,
                      "column": 5,
                      "endLine": 71,
                      "endColumn": 10
                    },
                    {
                      "type": "SimpleName",
                      "name": "",
                      "line": 71,
                      "column": 20,
                      "endLine": 71,
                      "endColumn": 29
                    },
                    {
                      "type": "PrimitiveType",
                      "name": "",
                      "line": 71,
                      "column": 12,
                      "endLine": 71,
                      "endColumn": 18
                    },
                    {
                      "type": "BlockStmt",
                      "name": "",
                      "line": 71,
                      "column": 33,
                      "endLine": 73,
                      "endColumn": 5,
                      "children": [
                        {
                          "type": "ReturnStmt",
                          "name": "return",
                          "line": 72,
                          "column": 9,
                          "endLine": 72,
                          "endColumn": 55,
                          "attrs": {
                            "expr": "(leftNode == null && rightNode == null)"
                          },
                          "children": [
                            {
                              "type": "EnclosedExpr",
                              "name": "",
                              "line": 72,
                              "column": 16,
                              "endLine": 72,
                              "endColumn": 54,
                              "children": [
                                {
                                  "type": "BinaryExpr",
                                  "name": "",
                                  "line": 72,
                                  "column": 17,
                                  "endLine": 72,
                                  "endColumn": 53,
                                  "children": [
                                    {
                                      "type": "BinaryExpr",
                                      "name": "",
                                      "line": 72,
                                      "column": 17,
                                      "endLine": 72,
                                      "endColumn": 32,
                                      "children": [
                                        {
                                          "type": "NameExpr",
                                          "name": "leftNode",
                                          "line": 72,
                                          "column": 17,
                                          "endLine": 72,
                                          "endColumn": 24,
                                          "children": [
                                            {
                                              "type": "SimpleName",
                                              "name": "",
                                              "line": 72,
                                              "column": 17,
                                              "endLine": 72,
                                              "endColumn": 24
                                            }
                                          ]
                                        },
                                        {
                                          "type": "NullLiteralExpr",
                                          "name": "",
                                          "line": 72,
                                          "column": 29,
                                          "endLine": 72,
                                          "endColumn": 32
                                        }
                                      ]
                                    },
                                    {
                                      "type": "BinaryExpr",
                                      "name": "",
                                      "line": 72,
                                      "column": 37,
                                      "endLine": 72,
                                      "endColumn": 53,
                                      "children": [
                                        {
                                          "type": "NameExpr",
                                          "name": "rightNode",
                                          "line": 72,
                                          "column": 37,
                                          "endLine": 72,
                                          "endColumn": 45,
                                          "children": [
                                            {
                                              "type": "SimpleName",
                                              "name": "",
                                              "line": 72,
                                              "column": 37,
                                              "endLine": 72,
                                              "endColumn": 45
                                            }
                                          ]
                                        },
                                        {
                                          "type": "NullLiteralExpr",
                                          "name": "",
                                          "line": 72,
                                          "column": 50,
                                          "endLine": 72,
                                          "endColumn": 53
                                        }
                                      ]
                                    }
                                  ]
                                }
                              ]
                            }
                          ]
                        }
                      ]
                    }
                  ]
                },
                {
                  "type": "MethodDeclaration",
                  "name": "getLeftNode",
                  "line": 75,
                  "column": 5,
                  "endLine": 77,
                  "endColumn": 5,
                  "value": "SimpleTreeNode<E>",
                  "attrs": {
                    "modifiers": "[public ]",
                    "typeParams": "[]",
                    "throws": "[]",
                    "annotations": "[]",
                    "type": "SimpleTreeNode<E>",
                    "params": "[]"
                  },
                  "children": [
                    {
                      "type": "Modifier",
                      "name": "",
                      "line": 75,
                      "column": 5,
                      "endLine": 75,
                      "endColumn": 10
                    },
                    {
                      "type": "SimpleName",
                      "name": "",
                      "line": 75,
                      "column": 30,
                      "endLine": 75,
                      "endColumn": 40
                    },
                    {
                      "type": "ClassOrInterfaceType",
                      "name": "SimpleTreeNode",
                      "line": 75,
                      "column": 12,
                      "endLine": 75,
                      "endColumn": 28,
                      "attrs": {
                        "typeArgs": "[E]"
                      },
                      "children": [
                        {
                          "type": "SimpleName",
                          "name": "",
                          "line": 75,
                          "column": 12,
                          "endLine": 75,
                          "endColumn": 25
                        },
                        {
                          "type": "ClassOrInterfaceType",
                          "name": "E",
                          "line": 75,
                          "column": 27,
                          "endLine": 75,
                          "endColumn": 27,
                          "children": [
                            {
                              "type": "SimpleName",
                              "name": "",
                              "line": 75,
                              "column": 27,
                              "endLine": 75,
                              "endColumn": 27
                            }
                          ]
                        }
                      ]
                    },
                    {
                      "type": "BlockStmt",
                      "name": "",
                      "line": 75,
                      "column": 44,
                      "endLine": 77,
                      "endColumn": 5,
                      "children": [
                        {
                          "type": "ReturnStmt",
                          "name": "return",
                          "line": 76,
                          "column": 9,
                          "endLine": 76,
                          "endColumn": 24,
                          "attrs": {
                            "expr": "leftNode"
                          },
                          "children": [
                            {
                              "type": "NameExpr",
                              "name": "leftNode",
                              "line": 76,
                              "column": 16,
                              "endLine": 76,
                              "endColumn": 23,
                              "children": [
                                {
                                  "type": "SimpleName",
                                  "name": "",
                                  "line": 76,
                                  "column": 16,
                                  "endLine": 76,
                                  "endColumn": 23
                                }
                              ]
                            }
                          ]
                        }
                      ]
                    }
                  ]
                },
                {
                  "type": "MethodDeclaration",
                  "name": "setLeftNode",
                  "line": 79,
                  "column": 5,
                  "endLine": 81,
                  "endColumn": 5,
                  "value": "void",
                  "attrs": {
                    "modifiers": "[public ]",
                    "typeParams": "[]",
                    "throws": "[]",
                    "annotations": "[]",
                    "type": "void",
                    "params": "[SimpleTreeNode<E> leftNode]"
                  },
                  "children": [
                    {
                      "type": "Modifier",
                      "name": "",
                      "line": 79,
                      "column": 5,
                      "endLine": 79,
                      "endColumn": 10
                    },
                    {
                      "type": "SimpleName",
                      "name": "",
                      "line": 79,
                      "column": 17,
                      "endLine": 79,
                      "endColumn": 27
                    },
                    {
                      "type": "Parameter",
                      "name": "leftNode",
                      "line": 79,
                      "column": 29,
                      "endLine": 79,
                      "endColumn": 54,
                      "attrs": {
                        "modifiers": "[]",
                        "type": "SimpleTreeNode<E>",
                        "isVarArgs": "false",
                        "annotations": "[]"
                      },
                      "children": [
                        {
                          "type": "ClassOrInterfaceType",
                          "name": "SimpleTreeNode",
                          "line": 79,
                          "column": 29,
                          "endLine": 79,
                          "endColumn": 45,
                          "attrs": {
                            "typeArgs": "[E]"
                          },
                          "children": [
                            {
                              "type": "SimpleName",
                              "name": "",
                              "line": 79,
                              "column": 29,
                              "endLine": 79,
                              "endColumn": 42
                            },
                            {
                              "type": "ClassOrInterfaceType",
                              "name": "E",
                              "line": 79,
                              "column": 44,
                              "endLine": 79,
                              "endColumn": 44,
                              "children": [
                                {
                                  "type": "SimpleName",
                                  "name": "",
                                  "line": 79,
                                  "column": 44,
                                  "endLine": 79,
                                  "endColumn": 44
                                }
                              ]
                            }
                          ]
                        },
                        {
                          "type": "SimpleName",
                          "name": "",
                          "line": 79,
                          "column": 47,
                          "endLine": 79,
                          "endColumn": 54
                        }
                      ]
                    },
                    {
                      "type": "VoidType",
                      "name": "",
                      "line": 79,
                      "column": 12,
                      "endLine": 79,
                      "endColumn": 15
                    },
                    {
                      "type": "BlockStmt",
                      "name": "",
                      "line": 79,
                      "column": 57,
                      "endLine": 81,
                      "endColumn": 5,
                      "children": [
                        {
                          "type": "ExpressionStmt",
                          "name": "",
                          "line": 80,
                          "column": 9,
                          "endLine": 80,
                          "endColumn": 33,
                          "attrs": {
                            "code": "this.leftNode = leftNode"
                          },
                          "children": [
                            {
                              "type": "AssignExpr",
                              "name": "",
                              "line": 80,
                              "column": 9,
                              "endLine": 80,
                              "endColumn": 32,
                              "attrs": {
                                "code": "this.leftNode = leftNode"
                              },
                              "children": [
                                {
                                  "type": "FieldAccessExpr",
                                  "name": "leftNode",
                                  "line": 80,
                                  "column": 9,
                                  "endLine": 80,
                                  "endColumn": 21,
                                  "children": [
                                    {
                                      "type": "ThisExpr",
                                      "name": "",
                                      "line": 80,
                                      "column": 9,
                                      "endLine": 80,
                                      "endColumn": 12
                                    },
                                    {
                                      "type": "SimpleName",
                                      "name": "",
                                      "line": 80,
                                      "column": 14,
                                      "endLine": 80,
                                      "endColumn": 21
                                    }
                                  ]
                                },
                                {
                                  "type": "NameExpr",
                                  "name": "leftNode",
                                  "line": 80,
                                  "column": 25,
                                  "endLine": 80,
                                  "endColumn": 32,
                                  "children": [
                                    {
                                      "type": "SimpleName",
                                      "name": "",
                                      "line": 80,
                                      "column": 25,
                                      "endLine": 80,
                                      "endColumn": 32
                                    }
                                  ]
                                }
                              ]
                            }
                          ]
                        }
                      ]
                    }
                  ]
                },
                {
                  "type": "MethodDeclaration",
                  "name": "getRightNode",
                  "line": 83,
                  "column": 5,
                  "endLine": 85,
                  "endColumn": 5,
                  "value": "SimpleTreeNode<E>",
                  "attrs": {
                    "modifiers": "[public ]",
                    "typeParams": "[]",
                    "throws": "[]",
                    "annotations": "[]",
                    "type": "SimpleTreeNode<E>",
                    "params": "[]"
                  },
                  "children": [
                    {
                      "type": "Modifier",
                      "name": "",
                      "line": 83,
                      "column": 5,
                      "endLine": 83,
                      "endColumn": 10
                    },
                    {
                      "type": "SimpleName",
                      "name": "",
                      "line": 83,
                      "column": 30,
                      "endLine": 83,
                      "endColumn": 41
                    },
                    {
                      "type": "ClassOrInterfaceType",
                      "name": "SimpleTreeNode",
                      "line": 83,
                      "column": 12,
                      "endLine": 83,
                      "endColumn": 28,
                      "attrs": {
                        "typeArgs": "[E]"
                      },
                      "children": [
                        {
                          "type": "SimpleName",
                          "name": "",
                          "line": 83,
                          "column": 12,
                          "endLine": 83,
                          "endColumn": 25
                        },
                        {
                          "type": "ClassOrInterfaceType",
                          "name": "E",
                          "line": 83,
                          "column": 27,
                          "endLine": 83,
                          "endColumn": 27,
                          "children": [
                            {
                              "type": "SimpleName",
                              "name": "",
                              "line": 83,
                              "column": 27,
                              "endLine": 83,
                              "endColumn": 27
                            }
                          ]
                        }
                      ]
                    },
                    {
                      "type": "BlockStmt",
                      "name": "",
                      "line": 83,
                      "column": 45,
                      "endLine": 85,
                      "endColumn": 5,
                      "children": [
                        {
                          "type": "ReturnStmt",
                          "name": "return",
                          "line": 84,
                          "column": 9,
                          "endLine": 84,
                          "endColumn": 25,
                          "attrs": {
                            "expr": "rightNode"
                          },
                          "children": [
                            {
                              "type": "NameExpr",
                              "name": "rightNode",
                              "line": 84,
                              "column": 16,
                              "endLine": 84,
                              "endColumn": 24,
                              "children": [
                                {
                                  "type": "SimpleName",
                                  "name": "",
                                  "line": 84,
                                  "column": 16,
                                  "endLine": 84,
                                  "endColumn": 24
                                }
                              ]
                            }
                          ]
                        }
                      ]
                    }
                  ]
                },
                {
                  "type": "MethodDeclaration",
                  "name": "setRightNode",
                  "line": 87,
                  "column": 5,
                  "endLine": 89,
                  "endColumn": 5,
                  "value": "void",
                  "attrs": {
                    "modifiers": "[public ]",
                    "typeParams": "[]",
                    "throws": "[]",
                    "annotations": "[]",
                    "type": "void",
                    "params": "[SimpleTreeNode<E> rightNode]"
                  },
                  "children": [
                    {
                      "type": "Modifier",
                      "name": "",
                      "line": 87,
                      "column": 5,
                      "endLine": 87,
                      "endColumn": 10
                    },
                    {
                      "type": "SimpleName",
                      "name": "",
                      "line": 87,
                      "column": 17,
                      "endLine": 87,
                      "endColumn": 28
                    },
                    {
                      "type": "Parameter",
                      "name": "rightNode",
                      "line": 87,
                      "column": 30,
                      "endLine": 87,
                      "endColumn": 56,
                      "attrs": {
                        "modifiers": "[]",
                        "type": "SimpleTreeNode<E>",
                        "isVarArgs": "false",
                        "annotations": "[]"
                      },
                      "children": [
                        {
                          "type": "ClassOrInterfaceType",
                          "name": "SimpleTreeNode",
                          "line": 87,
                          "column": 30,
                          "endLine": 87,
                          "endColumn": 46,
                          "attrs": {
                            "typeArgs": "[E]"
                          },
                          "children": [
                            {
                              "type": "SimpleName",
                              "name": "",
                              "line": 87,
                              "column": 30,
                              "endLine": 87,
                              "endColumn": 43
                            },
                            {
                              "type": "ClassOrInterfaceType",
                              "name": "E",
                              "line": 87,
                              "column": 45,
                              "endLine": 87,
                              "endColumn": 45,
                              "children": [
                                {
                                  "type": "SimpleName",
                                  "name": "",
                                  "line": 87,
                                  "column": 45,
                                  "endLine": 87,
                                  "endColumn": 45
                                }
                              ]
                            }
                          ]
                        },
                        {
                          "type": "SimpleName",
                          "name": "",
                          "line": 87,
                          "column": 48,
                          "endLine": 87,
                          "endColumn": 56
                        }
                      ]
                    },
                    {
                      "type": "VoidType",
                      "name": "",
                      "line": 87,
                      "column": 12,
                      "endLine": 87,
                      "endColumn": 15
                    },
                    {
                      "type": "BlockStmt",
                      "name": "",
                      "line": 87,
                      "column": 59,
                      "endLine": 89,
                      "endColumn": 5,
                      "children": [
                        {
                          "type": "ExpressionStmt",
                          "name": "",
                          "line": 88,
                          "column": 9,
                          "endLine": 88,
                          "endColumn": 35,
                          "attrs": {
                            "code": "this.rightNode = rightNode"
                          },
                          "children": [
                            {
                              "type": "AssignExpr",
                              "name": "",
                              "line": 88,
                              "column": 9,
                              "endLine": 88,
                              "endColumn": 34,
                              "attrs": {
                                "code": "this.rightNode = rightNode"
                              },
                              "children": [
                                {
                                  "type": "FieldAccessExpr",
                                  "name": "rightNode",
                                  "line": 88,
                                  "column": 9,
                                  "endLine": 88,
                                  "endColumn": 22,
                                  "children": [
                                    {
                                      "type": "ThisExpr",
                                      "name": "",
                                      "line": 88,
                                      "column": 9,
                                      "endLine": 88,
                                      "endColumn": 12
                                    },
                                    {
                                      "type": "SimpleName",
                                      "name": "",
                                      "line": 88,
                                      "column": 14,
                                      "endLine": 88,
                                      "endColumn": 22
                                    }
                                  ]
                                },
                                {
                                  "type": "NameExpr",
                                  "name": "rightNode",
                                  "line": 88,
                                  "column": 26,
                                  "endLine": 88,
                                  "endColumn": 34,
                                  "children": [
                                    {
                                      "type": "SimpleName",
                                      "name": "",
                                      "line": 88,
                                      "column": 26,
                                      "endLine": 88,
                                      "endColumn": 34
                                    }
                                  ]
                                }
                              ]
                            }
                          ]
                        }
                      ]
                    }
                  ]
                },
                {
                  "type": "TypeParameter",
                  "name": "E",
                  "line": 11,
                  "column": 29,
                  "endLine": 11,
                  "endColumn": 29,
                  "children": [
                    {
                      "type": "SimpleName",
                      "name": "",
                      "line": 11,
                      "column": 29,
                      "endLine": 11,
                      "endColumn": 29
                    }
                  ]
                },
                {
                  "type": "ClassOrInterfaceType",
                  "name": "TreeNode",
                  "line": 11,
                  "column": 40,
                  "endLine": 11,
                  "endColumn": 50,
                  "attrs": {
                    "typeArgs": "[E]"
                  },
                  "children": [
                    {
                      "type": "SimpleName",
                      "name": "",
                      "line": 11,
                      "column": 40,
                      "endLine": 11,
                      "endColumn": 47
                    },
                    {
                      "type": "ClassOrInterfaceType",
                      "name": "E",
                      "line": 11,
                      "column": 49,
                      "endLine": 11,
                      "endColumn": 49,
                      "children": [
                        {
                          "type": "SimpleName",
                          "name": "",
                          "line": 11,
                          "column": 49,
                          "endLine": 11,
                          "endColumn": 49
                        }
                      ]
                    }
                  ]
                }
              ]
            }
          ]
        }
      ]
    }
  ]
}