{
  "type": "Project",
  "name": "Project",
  "children": [
    {
      "type": "File",
      "name": "FenwickTree.java",
      "value": "D:\\py-java-transform\\java to py\\java-to-python_user\\java-to-python-main\\java to python-result\\116\\FenwickTree\\FenwickTree.java",
      "children": [
        {
          "type": "CompilationUnit",
          "name": "",
          "line": 1,
          "column": 1,
          "endLine": 35,
          "endColumn": 2,
          "children": [
            {
              "type": "PackageDeclaration",
              "name": "com.thealgorithms.datastructures.trees",
              "line": 1,
              "column": 1,
              "endLine": 1,
              "endColumn": 47,
              "attrs": {
                "name": "com.thealgorithms.datastructures.trees"
              },
              "children": [
                {
                  "type": "Name",
                  "name": "",
                  "line": 1,
                  "column": 9,
                  "endLine": 1,
                  "endColumn": 46,
                  "children": [
                    {
                      "type": "Name",
                      "name": "",
                      "line": 1,
                      "column": 9,
                      "endLine": 1,
                      "endColumn": 40,
                      "children": [
                        {
                          "type": "Name",
                          "name": "",
                          "line": 1,
                          "column": 9,
                          "endLine": 1,
                          "endColumn": 25,
                          "children": [
                            {
                              "type": "Name",
                              "name": "",
                              "line": 1,
                              "column": 9,
                              "endLine": 1,
                              "endColumn": 11
                            }
                          ]
                        }
                      ]
                    }
                  ]
                }
              ]
            },
            {
              "type": "ClassOrInterfaceDeclaration",
              "name": "FenwickTree",
              "line": 3,
              "column": 1,
              "endLine": 35,
              "endColumn": 1,
              "value": "class",
              "attrs": {
                "modifiers": "[public ]",
                "typeParams": "[]",
                "extends": "[]",
                "implements": "[]",
                "annotations": "[]"
              },
              "children": [
                {
                  "type": "Modifier",
                  "name": "",
                  "line": 3,
                  "column": 1,
                  "endLine": 3,
                  "endColumn": 6
                },
                {
                  "type": "SimpleName",
                  "name": "",
                  "line": 3,
                  "column": 14,
                  "endLine": 3,
                  "endColumn": 24
                },
                {
                  "type": "FieldDeclaration",
                  "name": "",
                  "line": 5,
                  "column": 5,
                  "endLine": 5,
                  "endColumn": 18,
                  "value": "int",
                  "attrs": {
                    "modifiers": "[private ]",
                    "annotations": "[]"
                  },
                  "children": [
                    {
                      "type": "Modifier",
                      "name": "",
                      "line": 5,
                      "column": 5,
                      "endLine": 5,
                      "endColumn": 11
                    },
                    {
                      "type": "VariableDeclarator",
                      "name": "n",
                      "line": 5,
                      "column": 17,
                      "endLine": 5,
                      "endColumn": 17,
                      "value": "int",
                      "attrs": {
                        "type": "int"
                      },
                      "children": [
                        {
                          "type": "PrimitiveType",
                          "name": "",
                          "line": 5,
                          "column": 13,
                          "endLine": 5,
                          "endColumn": 15
                        },
                        {
                          "type": "SimpleName",
                          "name": "",
                          "line": 5,
                          "column": 17,
                          "endLine": 5,
                          "endColumn": 17
                        }
                      ]
                    }
                  ]
                },
                {
                  "type": "FieldDeclaration",
                  "name": "",
                  "line": 6,
                  "column": 5,
                  "endLine": 6,
                  "endColumn": 26,
                  "value": "int",
                  "attrs": {
                    "modifiers": "[private ]",
                    "annotations": "[]"
                  },
                  "children": [
                    {
                      "type": "Modifier",
                      "name": "",
                      "line": 6,
                      "column": 5,
                      "endLine": 6,
                      "endColumn": 11
                    },
                    {
                      "type": "VariableDeclarator",
                      "name": "fenTree",
                      "line": 6,
                      "column": 19,
                      "endLine": 6,
                      "endColumn": 25,
                      "value": "int[]",
                      "attrs": {
                        "type": "int[]"
                      },
                      "children": [
                        {
                          "type": "ArrayType",
                          "name": "",
                          "line": 6,
                          "column": 13,
                          "endLine": 6,
                          "endColumn": 17,
                          "children": [
                            {
                              "type": "PrimitiveType",
                              "name": "",
                              "line": 6,
                              "column": 13,
                              "endLine": 6,
                              "endColumn": 15
                            }
                          ]
                        },
                        {
                          "type": "SimpleName",
                          "name": "",
                          "line": 6,
                          "column": 19,
                          "endLine": 6,
                          "endColumn": 25
                        }
                      ]
                    }
                  ]
                },
                {
                  "type": "ConstructorDeclaration",
                  "name": "FenwickTree",
                  "line": 9,
                  "column": 5,
                  "endLine": 12,
                  "endColumn": 5,
                  "attrs": {
                    "modifiers": "[public ]",
                    "throws": "[]",
                    "annotations": "[]",
                    "params": "[int n]"
                  },
                  "children": [
                    {
                      "type": "BlockComment",
                      "name": "",
                      "line": 8,
                      "column": 5,
                      "endLine": 8,
                      "endColumn": 70,
                      "value": " Constructor which takes the size of the array as a parameter "
                    },
                    {
                      "type": "Modifier",
                      "name": "",
                      "line": 9,
                      "column": 5,
                      "endLine": 9,
                      "endColumn": 10
                    },
                    {
                      "type": "SimpleName",
                      "name": "",
                      "line": 9,
                      "column": 12,
                      "endLine": 9,
                      "endColumn": 22
                    },
                    {
                      "type": "Parameter",
                      "name": "n",
                      "line": 9,
                      "column": 24,
                      "endLine": 9,
                      "endColumn": 28,
                      "attrs": {
                        "modifiers": "[]",
                        "type": "int",
                        "isVarArgs": "false",
                        "annotations": "[]"
                      },
                      "children": [
                        {
                          "type": "PrimitiveType",
                          "name": "",
                          "line": 9,
                          "column": 24,
                          "endLine": 9,
                          "endColumn": 26
                        },
                        {
                          "type": "SimpleName",
                          "name": "",
                          "line": 9,
                          "column": 28,
                          "endLine": 9,
                          "endColumn": 28
                        }
                      ]
                    },
                    {
                      "type": "BlockStmt",
                      "name": "",
                      "line": 9,
                      "column": 31,
                      "endLine": 12,
                      "endColumn": 5,
                      "children": [
                        {
                          "type": "ExpressionStmt",
                          "name": "",
                          "line": 10,
                          "column": 9,
                          "endLine": 10,
                          "endColumn": 19,
                          "attrs": {
                            "code": "this.n = n"
                          },
                          "children": [
                            {
                              "type": "AssignExpr",
                              "name": "",
                              "line": 10,
                              "column": 9,
                              "endLine": 10,
                              "endColumn": 18,
                              "attrs": {
                                "code": "this.n = n"
                              },
                              "children": [
                                {
                                  "type": "FieldAccessExpr",
                                  "name": "n",
                                  "line": 10,
                                  "column": 9,
                                  "endLine": 10,
                                  "endColumn": 14,
                                  "children": [
                                    {
                                      "type": "ThisExpr",
                                      "name": "",
                                      "line": 10,
                                      "column": 9,
                                      "endLine": 10,
                                      "endColumn": 12
                                    },
                                    {
                                      "type": "SimpleName",
                                      "name": "",
                                      "line": 10,
                                      "column": 14,
                                      "endLine": 10,
                                      "endColumn": 14
                                    }
                                  ]
                                },
                                {
                                  "type": "NameExpr",
                                  "name": "n",
                                  "line": 10,
                                  "column": 18,
                                  "endLine": 10,
                                  "endColumn": 18,
                                  "children": [
                                    {
                                      "type": "SimpleName",
                                      "name": "",
                                      "line": 10,
                                      "column": 18,
                                      "endLine": 10,
                                      "endColumn": 18
                                    }
                                  ]
                                }
                              ]
                            }
                          ]
                        },
                        {
                          "type": "ExpressionStmt",
                          "name": "",
                          "line": 11,
                          "column": 9,
                          "endLine": 11,
                          "endColumn": 38,
                          "attrs": {
                            "code": "this.fenTree = new int[n + 1]"
                          },
                          "children": [
                            {
                              "type": "AssignExpr",
                              "name": "",
                              "line": 11,
                              "column": 9,
                              "endLine": 11,
                              "endColumn": 37,
                              "attrs": {
                                "code": "this.fenTree = new int[n + 1]"
                              },
                              "children": [
                                {
                                  "type": "FieldAccessExpr",
                                  "name": "fenTree",
                                  "line": 11,
                                  "column": 9,
                                  "endLine": 11,
                                  "endColumn": 20,
                                  "children": [
                                    {
                                      "type": "ThisExpr",
                                      "name": "",
                                      "line": 11,
                                      "column": 9,
                                      "endLine": 11,
                                      "endColumn": 12
                                    },
                                    {
                                      "type": "SimpleName",
                                      "name": "",
                                      "line": 11,
                                      "column": 14,
                                      "endLine": 11,
                                      "endColumn": 20
                                    }
                                  ]
                                },
                                {
                                  "type": "ArrayCreationExpr",
                                  "name": "",
                                  "line": 11,
                                  "column": 24,
                                  "endLine": 11,
                                  "endColumn": 37,
                                  "children": [
                                    {
                                      "type": "PrimitiveType",
                                      "name": "",
                                      "line": 11,
                                      "column": 28,
                                      "endLine": 11,
                                      "endColumn": 30
                                    },
                                    {
                                      "type": "ArrayCreationLevel",
                                      "name": "",
                                      "line": 11,
                                      "column": 31,
                                      "endLine": 11,
                                      "endColumn": 37,
                                      "children": [
                                        {
                                          "type": "BinaryExpr",
                                          "name": "",
                                          "line": 11,
                                          "column": 32,
                                          "endLine": 11,
                                          "endColumn": 36,
                                          "children": [
                                            {
                                              "type": "NameExpr",
                                              "name": "n",
                                              "line": 11,
                                              "column": 32,
                                              "endLine": 11,
                                              "endColumn": 32,
                                              "children": [
                                                {
                                                  "type": "SimpleName",
                                                  "name": "",
                                                  "line": 11,
                                                  "column": 32,
                                                  "endLine": 11,
                                                  "endColumn": 32
                                                }
                                              ]
                                            },
                                            {
                                              "type": "IntegerLiteralExpr",
                                              "name": "",
                                              "line": 11,
                                              "column": 36,
                                              "endLine": 11,
                                              "endColumn": 36
                                            }
                                          ]
                                        }
                                      ]
                                    }
                                  ]
                                }
                              ]
                            }
                          ]
                        }
                      ]
                    }
                  ]
                },
                {
                  "type": "MethodDeclaration",
                  "name": "update",
                  "line": 15,
                  "column": 5,
                  "endLine": 22,
                  "endColumn": 5,
                  "value": "void",
                  "attrs": {
                    "modifiers": "[public ]",
                    "typeParams": "[]",
                    "throws": "[]",
                    "annotations": "[]",
                    "type": "void",
                    "params": "[int i, int val]"
                  },
                  "children": [
                    {
                      "type": "BlockComment",
                      "name": "",
                      "line": 14,
                      "column": 5,
                      "endLine": 14,
                      "endColumn": 61,
                      "value": " A function which will add the element val at index i"
                    },
                    {
                      "type": "Modifier",
                      "name": "",
                      "line": 15,
                      "column": 5,
                      "endLine": 15,
                      "endColumn": 10
                    },
                    {
                      "type": "SimpleName",
                      "name": "",
                      "line": 15,
                      "column": 17,
                      "endLine": 15,
                      "endColumn": 22
                    },
                    {
                      "type": "Parameter",
                      "name": "i",
                      "line": 15,
                      "column": 24,
                      "endLine": 15,
                      "endColumn": 28,
                      "attrs": {
                        "modifiers": "[]",
                        "type": "int",
                        "isVarArgs": "false",
                        "annotations": "[]"
                      },
                      "children": [
                        {
                          "type": "PrimitiveType",
                          "name": "",
                          "line": 15,
                          "column": 24,
                          "endLine": 15,
                          "endColumn": 26
                        },
                        {
                          "type": "SimpleName",
                          "name": "",
                          "line": 15,
                          "column": 28,
                          "endLine": 15,
                          "endColumn": 28
                        }
                      ]
                    },
                    {
                      "type": "Parameter",
                      "name": "val",
                      "line": 15,
                      "column": 31,
                      "endLine": 15,
                      "endColumn": 37,
                      "attrs": {
                        "modifiers": "[]",
                        "type": "int",
                        "isVarArgs": "false",
                        "annotations": "[]"
                      },
                      "children": [
                        {
                          "type": "PrimitiveType",
                          "name": "",
                          "line": 15,
                          "column": 31,
                          "endLine": 15,
                          "endColumn": 33
                        },
                        {
                          "type": "SimpleName",
                          "name": "",
                          "line": 15,
                          "column": 35,
                          "endLine": 15,
                          "endColumn": 37
                        }
                      ]
                    },
                    {
                      "type": "VoidType",
                      "name": "",
                      "line": 15,
                      "column": 12,
                      "endLine": 15,
                      "endColumn": 15
                    },
                    {
                      "type": "BlockStmt",
                      "name": "",
                      "line": 15,
                      "column": 40,
                      "endLine": 22,
                      "endColumn": 5,
                      "children": [
                        {
                          "type": "ExpressionStmt",
                          "name": "",
                          "line": 17,
                          "column": 9,
                          "endLine": 17,
                          "endColumn": 15,
                          "attrs": {
                            "code": "i += 1"
                          },
                          "children": [
                            {
                              "type": "LineComment",
                              "name": "",
                              "line": 16,
                              "column": 9,
                              "endLine": 16,
                              "endColumn": 59,
                              "value": " As index starts from 0, increment the index by 1"
                            },
                            {
                              "type": "AssignExpr",
                              "name": "",
                              "line": 17,
                              "column": 9,
                              "endLine": 17,
                              "endColumn": 14,
                              "attrs": {
                                "code": "i += 1"
                              },
                              "children": [
                                {
                                  "type": "NameExpr",
                                  "name": "i",
                                  "line": 17,
                                  "column": 9,
                                  "endLine": 17,
                                  "endColumn": 9,
                                  "children": [
                                    {
                                      "type": "SimpleName",
                                      "name": "",
                                      "line": 17,
                                      "column": 9,
                                      "endLine": 17,
                                      "endColumn": 9
                                    }
                                  ]
                                },
                                {
                                  "type": "IntegerLiteralExpr",
                                  "name": "",
                                  "line": 17,
                                  "column": 14,
                                  "endLine": 17,
                                  "endColumn": 14
                                }
                              ]
                            }
                          ]
                        },
                        {
                          "type": "WhileStmt",
                          "name": "while(i <= n)",
                          "line": 18,
                          "column": 9,
                          "endLine": 21,
                          "endColumn": 9,
                          "attrs": {
                            "condition": "i <= n"
                          },
                          "children": [
                            {
                              "type": "BinaryExpr",
                              "name": "",
                              "line": 18,
                              "column": 16,
                              "endLine": 18,
                              "endColumn": 21,
                              "children": [
                                {
                                  "type": "NameExpr",
                                  "name": "i",
                                  "line": 18,
                                  "column": 16,
                                  "endLine": 18,
                                  "endColumn": 16,
                                  "children": [
                                    {
                                      "type": "SimpleName",
                                      "name": "",
                                      "line": 18,
                                      "column": 16,
                                      "endLine": 18,
                                      "endColumn": 16
                                    }
                                  ]
                                },
                                {
                                  "type": "NameExpr",
                                  "name": "n",
                                  "line": 18,
                                  "column": 21,
                                  "endLine": 18,
                                  "endColumn": 21,
                                  "children": [
                                    {
                                      "type": "SimpleName",
                                      "name": "",
                                      "line": 18,
                                      "column": 21,
                                      "endLine": 18,
                                      "endColumn": 21
                                    }
                                  ]
                                }
                              ]
                            },
                            {
                              "type": "BlockStmt",
                              "name": "",
                              "line": 18,
                              "column": 24,
                              "endLine": 21,
                              "endColumn": 9,
                              "children": [
                                {
                                  "type": "ExpressionStmt",
                                  "name": "",
                                  "line": 19,
                                  "column": 13,
                                  "endLine": 19,
                                  "endColumn": 30,
                                  "attrs": {
                                    "code": "fenTree[i] += val"
                                  },
                                  "children": [
                                    {
                                      "type": "AssignExpr",
                                      "name": "",
                                      "line": 19,
                                      "column": 13,
                                      "endLine": 19,
                                      "endColumn": 29,
                                      "attrs": {
                                        "code": "fenTree[i] += val"
                                      },
                                      "children": [
                                        {
                                          "type": "ArrayAccessExpr",
                                          "name": "",
                                          "line": 19,
                                          "column": 13,
                                          "endLine": 19,
                                          "endColumn": 22,
                                          "children": [
                                            {
                                              "type": "NameExpr",
                                              "name": "fenTree",
                                              "line": 19,
                                              "column": 13,
                                              "endLine": 19,
                                              "endColumn": 19,
                                              "children": [
                                                {
                                                  "type": "SimpleName",
                                                  "name": "",
                                                  "line": 19,
                                                  "column": 13,
                                                  "endLine": 19,
                                                  "endColumn": 19
                                                }
                                              ]
                                            },
                                            {
                                              "type": "NameExpr",
                                              "name": "i",
                                              "line": 19,
                                              "column": 21,
                                              "endLine": 19,
                                              "endColumn": 21,
                                              "children": [
                                                {
                                                  "type": "SimpleName",
                                                  "name": "",
                                                  "line": 19,
                                                  "column": 21,
                                                  "endLine": 19,
                                                  "endColumn": 21
                                                }
                                              ]
                                            }
                                          ]
                                        },
                                        {
                                          "type": "NameExpr",
                                          "name": "val",
                                          "line": 19,
                                          "column": 27,
                                          "endLine": 19,
                                          "endColumn": 29,
                                          "children": [
                                            {
                                              "type": "SimpleName",
                                              "name": "",
                                              "line": 19,
                                              "column": 27,
                                              "endLine": 19,
                                              "endColumn": 29
                                            }
                                          ]
                                        }
                                      ]
                                    }
                                  ]
                                },
                                {
                                  "type": "ExpressionStmt",
                                  "name": "",
                                  "line": 20,
                                  "column": 13,
                                  "endLine": 20,
                                  "endColumn": 26,
                                  "attrs": {
                                    "code": "i += i & (-i)"
                                  },
                                  "children": [
                                    {
                                      "type": "AssignExpr",
                                      "name": "",
                                      "line": 20,
                                      "column": 13,
                                      "endLine": 20,
                                      "endColumn": 25,
                                      "attrs": {
                                        "code": "i += i & (-i)"
                                      },
                                      "children": [
                                        {
                                          "type": "NameExpr",
                                          "name": "i",
                                          "line": 20,
                                          "column": 13,
                                          "endLine": 20,
                                          "endColumn": 13,
                                          "children": [
                                            {
                                              "type": "SimpleName",
                                              "name": "",
                                              "line": 20,
                                              "column": 13,
                                              "endLine": 20,
                                              "endColumn": 13
                                            }
                                          ]
                                        },
                                        {
                                          "type": "BinaryExpr",
                                          "name": "",
                                          "line": 20,
                                          "column": 18,
                                          "endLine": 20,
                                          "endColumn": 25,
                                          "children": [
                                            {
                                              "type": "NameExpr",
                                              "name": "i",
                                              "line": 20,
                                              "column": 18,
                                              "endLine": 20,
                                              "endColumn": 18,
                                              "children": [
                                                {
                                                  "type": "SimpleName",
                                                  "name": "",
                                                  "line": 20,
                                                  "column": 18,
                                                  "endLine": 20,
                                                  "endColumn": 18
                                                }
                                              ]
                                            },
                                            {
                                              "type": "EnclosedExpr",
                                              "name": "",
                                              "line": 20,
                                              "column": 22,
                                              "endLine": 20,
                                              "endColumn": 25,
                                              "children": [
                                                {
                                                  "type": "UnaryExpr",
                                                  "name": "",
                                                  "line": 20,
                                                  "column": 23,
                                                  "endLine": 20,
                                                  "endColumn": 24,
                                                  "children": [
                                                    {
                                                      "type": "NameExpr",
                                                      "name": "i",
                                                      "line": 20,
                                                      "column": 24,
                                                      "endLine": 20,
                                                      "endColumn": 24,
                                                      "children": [
                                                        {
                                                          "type": "SimpleName",
                                                          "name": "",
                                                          "line": 20,
                                                          "column": 24,
                                                          "endLine": 20,
                                                          "endColumn": 24
                                                        }
                                                      ]
                                                    }
                                                  ]
                                                }
                                              ]
                                            }
                                          ]
                                        }
                                      ]
                                    }
                                  ]
                                }
                              ]
                            }
                          ]
                        }
                      ]
                    }
                  ]
                },
                {
                  "type": "MethodDeclaration",
                  "name": "query",
                  "line": 25,
                  "column": 5,
                  "endLine": 34,
                  "endColumn": 5,
                  "value": "int",
                  "attrs": {
                    "modifiers": "[public ]",
                    "typeParams": "[]",
                    "throws": "[]",
                    "annotations": "[]",
                    "type": "int",
                    "params": "[int i]"
                  },
                  "children": [
                    {
                      "type": "BlockComment",
                      "name": "",
                      "line": 24,
                      "column": 5,
                      "endLine": 24,
                      "endColumn": 80,
                      "value": " A function which will return the cumulative sum from index 1 to index i"
                    },
                    {
                      "type": "Modifier",
                      "name": "",
                      "line": 25,
                      "column": 5,
                      "endLine": 25,
                      "endColumn": 10
                    },
                    {
                      "type": "SimpleName",
                      "name": "",
                      "line": 25,
                      "column": 16,
                      "endLine": 25,
                      "endColumn": 20
                    },
                    {
                      "type": "Parameter",
                      "name": "i",
                      "line": 25,
                      "column": 22,
                      "endLine": 25,
                      "endColumn": 26,
                      "attrs": {
                        "modifiers": "[]",
                        "type": "int",
                        "isVarArgs": "false",
                        "annotations": "[]"
                      },
                      "children": [
                        {
                          "type": "PrimitiveType",
                          "name": "",
                          "line": 25,
                          "column": 22,
                          "endLine": 25,
                          "endColumn": 24
                        },
                        {
                          "type": "SimpleName",
                          "name": "",
                          "line": 25,
                          "column": 26,
                          "endLine": 25,
                          "endColumn": 26
                        }
                      ]
                    },
                    {
                      "type": "PrimitiveType",
                      "name": "",
                      "line": 25,
                      "column": 12,
                      "endLine": 25,
                      "endColumn": 14
                    },
                    {
                      "type": "BlockStmt",
                      "name": "",
                      "line": 25,
                      "column": 29,
                      "endLine": 34,
                      "endColumn": 5,
                      "children": [
                        {
                          "type": "ExpressionStmt",
                          "name": "",
                          "line": 27,
                          "column": 9,
                          "endLine": 27,
                          "endColumn": 15,
                          "attrs": {
                            "code": "i += 1"
                          },
                          "children": [
                            {
                              "type": "LineComment",
                              "name": "",
                              "line": 26,
                              "column": 9,
                              "endLine": 26,
                              "endColumn": 59,
                              "value": " As index starts from 0, increment the index by 1"
                            },
                            {
                              "type": "AssignExpr",
                              "name": "",
                              "line": 27,
                              "column": 9,
                              "endLine": 27,
                              "endColumn": 14,
                              "attrs": {
                                "code": "i += 1"
                              },
                              "children": [
                                {
                                  "type": "NameExpr",
                                  "name": "i",
                                  "line": 27,
                                  "column": 9,
                                  "endLine": 27,
                                  "endColumn": 9,
                                  "children": [
                                    {
                                      "type": "SimpleName",
                                      "name": "",
                                      "line": 27,
                                      "column": 9,
                                      "endLine": 27,
                                      "endColumn": 9
                                    }
                                  ]
                                },
                                {
                                  "type": "IntegerLiteralExpr",
                                  "name": "",
                                  "line": 27,
                                  "column": 14,
                                  "endLine": 27,
                                  "endColumn": 14
                                }
                              ]
                            }
                          ]
                        },
                        {
                          "type": "ExpressionStmt",
                          "name": "",
                          "line": 28,
                          "column": 9,
                          "endLine": 28,
                          "endColumn": 23,
                          "attrs": {
                            "code": "int cumSum = 0"
                          },
                          "children": [
                            {
                              "type": "VariableDeclarationExpr",
                              "name": "",
                              "line": 28,
                              "column": 9,
                              "endLine": 28,
                              "endColumn": 22,
                              "attrs": {
                                "modifiers": "[]",
                                "code": "int cumSum = 0"
                              },
                              "children": [
                                {
                                  "type": "VariableDeclarator",
                                  "name": "cumSum",
                                  "line": 28,
                                  "column": 13,
                                  "endLine": 28,
                                  "endColumn": 22,
                                  "value": "int",
                                  "attrs": {
                                    "initializer": "0",
                                    "type": "int"
                                  },
                                  "children": [
                                    {
                                      "type": "PrimitiveType",
                                      "name": "",
                                      "line": 28,
                                      "column": 9,
                                      "endLine": 28,
                                      "endColumn": 11
                                    },
                                    {
                                      "type": "SimpleName",
                                      "name": "",
                                      "line": 28,
                                      "column": 13,
                                      "endLine": 28,
                                      "endColumn": 18
                                    },
                                    {
                                      "type": "IntegerLiteralExpr",
                                      "name": "",
                                      "line": 28,
                                      "column": 22,
                                      "endLine": 28,
                                      "endColumn": 22
                                    }
                                  ]
                                }
                              ]
                            }
                          ]
                        },
                        {
                          "type": "WhileStmt",
                          "name": "while(i > 0)",
                          "line": 29,
                          "column": 9,
                          "endLine": 32,
                          "endColumn": 9,
                          "attrs": {
                            "condition": "i > 0"
                          },
                          "children": [
                            {
                              "type": "BinaryExpr",
                              "name": "",
                              "line": 29,
                              "column": 16,
                              "endLine": 29,
                              "endColumn": 20,
                              "children": [
                                {
                                  "type": "NameExpr",
                                  "name": "i",
                                  "line": 29,
                                  "column": 16,
                                  "endLine": 29,
                                  "endColumn": 16,
                                  "children": [
                                    {
                                      "type": "SimpleName",
                                      "name": "",
                                      "line": 29,
                                      "column": 16,
                                      "endLine": 29,
                                      "endColumn": 16
                                    }
                                  ]
                                },
                                {
                                  "type": "IntegerLiteralExpr",
                                  "name": "",
                                  "line": 29,
                                  "column": 20,
                                  "endLine": 29,
                                  "endColumn": 20
                                }
                              ]
                            },
                            {
                              "type": "BlockStmt",
                              "name": "",
                              "line": 29,
                              "column": 23,
                              "endLine": 32,
                              "endColumn": 9,
                              "children": [
                                {
                                  "type": "ExpressionStmt",
                                  "name": "",
                                  "line": 30,
                                  "column": 13,
                                  "endLine": 30,
                                  "endColumn": 33,
                                  "attrs": {
                                    "code": "cumSum += fenTree[i]"
                                  },
                                  "children": [
                                    {
                                      "type": "AssignExpr",
                                      "name": "",
                                      "line": 30,
                                      "column": 13,
                                      "endLine": 30,
                                      "endColumn": 32,
                                      "attrs": {
                                        "code": "cumSum += fenTree[i]"
                                      },
                                      "children": [
                                        {
                                          "type": "NameExpr",
                                          "name": "cumSum",
                                          "line": 30,
                                          "column": 13,
                                          "endLine": 30,
                                          "endColumn": 18,
                                          "children": [
                                            {
                                              "type": "SimpleName",
                                              "name": "",
                                              "line": 30,
                                              "column": 13,
                                              "endLine": 30,
                                              "endColumn": 18
                                            }
                                          ]
                                        },
                                        {
                                          "type": "ArrayAccessExpr",
                                          "name": "",
                                          "line": 30,
                                          "column": 23,
                                          "endLine": 30,
                                          "endColumn": 32,
                                          "children": [
                                            {
                                              "type": "NameExpr",
                                              "name": "fenTree",
                                              "line": 30,
                                              "column": 23,
                                              "endLine": 30,
                                              "endColumn": 29,
                                              "children": [
                                                {
                                                  "type": "SimpleName",
                                                  "name": "",
                                                  "line": 30,
                                                  "column": 23,
                                                  "endLine": 30,
                                                  "endColumn": 29
                                                }
                                              ]
                                            },
                                            {
                                              "type": "NameExpr",
                                              "name": "i",
                                              "line": 30,
                                              "column": 31,
                                              "endLine": 30,
                                              "endColumn": 31,
                                              "children": [
                                                {
                                                  "type": "SimpleName",
                                                  "name": "",
                                                  "line": 30,
                                                  "column": 31,
                                                  "endLine": 30,
                                                  "endColumn": 31
                                                }
                                              ]
                                            }
                                          ]
                                        }
                                      ]
                                    }
                                  ]
                                },
                                {
                                  "type": "ExpressionStmt",
                                  "name": "",
                                  "line": 31,
                                  "column": 13,
                                  "endLine": 31,
                                  "endColumn": 26,
                                  "attrs": {
                                    "code": "i -= i & (-i)"
                                  },
                                  "children": [
                                    {
                                      "type": "AssignExpr",
                                      "name": "",
                                      "line": 31,
                                      "column": 13,
                                      "endLine": 31,
                                      "endColumn": 25,
                                      "attrs": {
                                        "code": "i -= i & (-i)"
                                      },
                                      "children": [
                                        {
                                          "type": "NameExpr",
                                          "name": "i",
                                          "line": 31,
                                          "column": 13,
                                          "endLine": 31,
                                          "endColumn": 13,
                                          "children": [
                                            {
                                              "type": "SimpleName",
                                              "name": "",
                                              "line": 31,
                                              "column": 13,
                                              "endLine": 31,
                                              "endColumn": 13
                                            }
                                          ]
                                        },
                                        {
                                          "type": "BinaryExpr",
                                          "name": "",
                                          "line": 31,
                                          "column": 18,
                                          "endLine": 31,
                                          "endColumn": 25,
                                          "children": [
                                            {
                                              "type": "NameExpr",
                                              "name": "i",
                                              "line": 31,
                                              "column": 18,
                                              "endLine": 31,
                                              "endColumn": 18,
                                              "children": [
                                                {
                                                  "type": "SimpleName",
                                                  "name": "",
                                                  "line": 31,
                                                  "column": 18,
                                                  "endLine": 31,
                                                  "endColumn": 18
                                                }
                                              ]
                                            },
                                            {
                                              "type": "EnclosedExpr",
                                              "name": "",
                                              "line": 31,
                                              "column": 22,
                                              "endLine": 31,
                                              "endColumn": 25,
                                              "children": [
                                                {
                                                  "type": "UnaryExpr",
                                                  "name": "",
                                                  "line": 31,
                                                  "column": 23,
                                                  "endLine": 31,
                                                  "endColumn": 24,
                                                  "children": [
                                                    {
                                                      "type": "NameExpr",
                                                      "name": "i",
                                                      "line": 31,
                                                      "column": 24,
                                                      "endLine": 31,
                                                      "endColumn": 24,
                                                      "children": [
                                                        {
                                                          "type": "SimpleName",
                                                          "name": "",
                                                          "line": 31,
                                                          "column": 24,
                                                          "endLine": 31,
                                                          "endColumn": 24
                                                        }
                                                      ]
                                                    }
                                                  ]
                                                }
                                              ]
                                            }
                                          ]
                                        }
                                      ]
                                    }
                                  ]
                                }
                              ]
                            }
                          ]
                        },
                        {
                          "type": "ReturnStmt",
                          "name": "return",
                          "line": 33,
                          "column": 9,
                          "endLine": 33,
                          "endColumn": 22,
                          "attrs": {
                            "expr": "cumSum"
                          },
                          "children": [
                            {
                              "type": "NameExpr",
                              "name": "cumSum",
                              "line": 33,
                              "column": 16,
                              "endLine": 33,
                              "endColumn": 21,
                              "children": [
                                {
                                  "type": "SimpleName",
                                  "name": "",
                                  "line": 33,
                                  "column": 16,
                                  "endLine": 33,
                                  "endColumn": 21
                                }
                              ]
                            }
                          ]
                        }
                      ]
                    }
                  ]
                }
              ]
            }
          ]
        }
      ]
    }
  ]
}