{
  "type": "Project",
  "name": "Project",
  "children": [
    {
      "type": "File",
      "name": "NextHigherSameBitCount.java",
      "value": "D:\\py-java-transform\\java to py\\java-to-python_user\\java-to-python-main\\java to python-result\\180\\NextHigherSameBitCount.java",
      "children": [
        {
          "type": "CompilationUnit",
          "name": "",
          "line": 1,
          "column": 1,
          "endLine": 30,
          "endColumn": 2,
          "children": [
            {
              "type": "PackageDeclaration",
              "name": "com.thealgorithms.bitmanipulation",
              "line": 1,
              "column": 1,
              "endLine": 1,
              "endColumn": 42,
              "attrs": {
                "name": "com.thealgorithms.bitmanipulation"
              },
              "children": [
                {
                  "type": "Name",
                  "name": "",
                  "line": 1,
                  "column": 9,
                  "endLine": 1,
                  "endColumn": 41,
                  "children": [
                    {
                      "type": "Name",
                      "name": "",
                      "line": 1,
                      "column": 9,
                      "endLine": 1,
                      "endColumn": 25,
                      "children": [
                        {
                          "type": "Name",
                          "name": "",
                          "line": 1,
                          "column": 9,
                          "endLine": 1,
                          "endColumn": 11
                        }
                      ]
                    }
                  ]
                }
              ]
            },
            {
              "type": "ClassOrInterfaceDeclaration",
              "name": "NextHigherSameBitCount",
              "line": 9,
              "column": 1,
              "endLine": 30,
              "endColumn": 1,
              "value": "class",
              "attrs": {
                "modifiers": "[public , final ]",
                "typeParams": "[]",
                "extends": "[]",
                "implements": "[]",
                "annotations": "[]"
              },
              "children": [
                {
                  "type": "Javadoc",
                  "name": "",
                  "line": 3,
                  "column": 1,
                  "endLine": 8,
                  "endColumn": 3,
                  "value": "\n * This class provides a method to find the next higher number\n * with the same number of set bits as the given number.\n *\n * @author Hardvan\n "
                },
                {
                  "type": "Modifier",
                  "name": "",
                  "line": 9,
                  "column": 1,
                  "endLine": 9,
                  "endColumn": 6
                },
                {
                  "type": "Modifier",
                  "name": "",
                  "line": 9,
                  "column": 8,
                  "endLine": 9,
                  "endColumn": 12
                },
                {
                  "type": "SimpleName",
                  "name": "",
                  "line": 9,
                  "column": 20,
                  "endLine": 9,
                  "endColumn": 41
                },
                {
                  "type": "ConstructorDeclaration",
                  "name": "NextHigherSameBitCount",
                  "line": 10,
                  "column": 5,
                  "endLine": 11,
                  "endColumn": 5,
                  "attrs": {
                    "modifiers": "[private ]",
                    "throws": "[]",
                    "annotations": "[]",
                    "params": "[]"
                  },
                  "children": [
                    {
                      "type": "Modifier",
                      "name": "",
                      "line": 10,
                      "column": 5,
                      "endLine": 10,
                      "endColumn": 11
                    },
                    {
                      "type": "SimpleName",
                      "name": "",
                      "line": 10,
                      "column": 13,
                      "endLine": 10,
                      "endColumn": 34
                    },
                    {
                      "type": "BlockStmt",
                      "name": "",
                      "line": 10,
                      "column": 38,
                      "endLine": 11,
                      "endColumn": 5
                    }
                  ]
                },
                {
                  "type": "MethodDeclaration",
                  "name": "nextHigherSameBitCount",
                  "line": 25,
                  "column": 5,
                  "endLine": 29,
                  "endColumn": 5,
                  "value": "int",
                  "attrs": {
                    "modifiers": "[public , static ]",
                    "typeParams": "[]",
                    "throws": "[]",
                    "annotations": "[]",
                    "type": "int",
                    "params": "[int n]"
                  },
                  "children": [
                    {
                      "type": "Javadoc",
                      "name": "",
                      "line": 13,
                      "column": 5,
                      "endLine": 24,
                      "endColumn": 7,
                      "value": "\n     * Finds the next higher integer with the same number of set bits.\n     * Steps:\n     * 1. Find {@code c}, the rightmost set bit of {@code n}.\n     * 2. Find {@code r}, the rightmost set bit of {@code n + c}.\n     * 3. Swap the bits of {@code r} and {@code n} to the right of {@code c}.\n     * 4. Shift the bits of {@code r} and {@code n} to the right of {@code c} to the rightmost.\n     * 5. Combine the results of steps 3 and 4.\n     *\n     * @param n the input number\n     * @return the next higher integer with the same set bit count\n     "
                    },
                    {
                      "type": "Modifier",
                      "name": "",
                      "line": 25,
                      "column": 5,
                      "endLine": 25,
                      "endColumn": 10
                    },
                    {
                      "type": "Modifier",
                      "name": "",
                      "line": 25,
                      "column": 12,
                      "endLine": 25,
                      "endColumn": 17
                    },
                    {
                      "type": "SimpleName",
                      "name": "",
                      "line": 25,
                      "column": 23,
                      "endLine": 25,
                      "endColumn": 44
                    },
                    {
                      "type": "Parameter",
                      "name": "n",
                      "line": 25,
                      "column": 46,
                      "endLine": 25,
                      "endColumn": 50,
                      "attrs": {
                        "modifiers": "[]",
                        "type": "int",
                        "isVarArgs": "false",
                        "annotations": "[]"
                      },
                      "children": [
                        {
                          "type": "PrimitiveType",
                          "name": "",
                          "line": 25,
                          "column": 46,
                          "endLine": 25,
                          "endColumn": 48
                        },
                        {
                          "type": "SimpleName",
                          "name": "",
                          "line": 25,
                          "column": 50,
                          "endLine": 25,
                          "endColumn": 50
                        }
                      ]
                    },
                    {
                      "type": "PrimitiveType",
                      "name": "",
                      "line": 25,
                      "column": 19,
                      "endLine": 25,
                      "endColumn": 21
                    },
                    {
                      "type": "BlockStmt",
                      "name": "",
                      "line": 25,
                      "column": 53,
                      "endLine": 29,
                      "endColumn": 5,
                      "children": [
                        {
                          "type": "ExpressionStmt",
                          "name": "",
                          "line": 26,
                          "column": 9,
                          "endLine": 26,
                          "endColumn": 23,
                          "attrs": {
                            "code": "int c = n & -n"
                          },
                          "children": [
                            {
                              "type": "VariableDeclarationExpr",
                              "name": "",
                              "line": 26,
                              "column": 9,
                              "endLine": 26,
                              "endColumn": 22,
                              "attrs": {
                                "modifiers": "[]",
                                "code": "int c = n & -n"
                              },
                              "children": [
                                {
                                  "type": "VariableDeclarator",
                                  "name": "c",
                                  "line": 26,
                                  "column": 13,
                                  "endLine": 26,
                                  "endColumn": 22,
                                  "value": "int",
                                  "attrs": {
                                    "initializer": "n & -n",
                                    "type": "int"
                                  },
                                  "children": [
                                    {
                                      "type": "PrimitiveType",
                                      "name": "",
                                      "line": 26,
                                      "column": 9,
                                      "endLine": 26,
                                      "endColumn": 11
                                    },
                                    {
                                      "type": "SimpleName",
                                      "name": "",
                                      "line": 26,
                                      "column": 13,
                                      "endLine": 26,
                                      "endColumn": 13
                                    },
                                    {
                                      "type": "BinaryExpr",
                                      "name": "",
                                      "line": 26,
                                      "column": 17,
                                      "endLine": 26,
                                      "endColumn": 22,
                                      "children": [
                                        {
                                          "type": "NameExpr",
                                          "name": "n",
                                          "line": 26,
                                          "column": 17,
                                          "endLine": 26,
                                          "endColumn": 17,
                                          "children": [
                                            {
                                              "type": "SimpleName",
                                              "name": "",
                                              "line": 26,
                                              "column": 17,
                                              "endLine": 26,
                                              "endColumn": 17
                                            }
                                          ]
                                        },
                                        {
                                          "type": "UnaryExpr",
                                          "name": "",
                                          "line": 26,
                                          "column": 21,
                                          "endLine": 26,
                                          "endColumn": 22,
                                          "children": [
                                            {
                                              "type": "NameExpr",
                                              "name": "n",
                                              "line": 26,
                                              "column": 22,
                                              "endLine": 26,
                                              "endColumn": 22,
                                              "children": [
                                                {
                                                  "type": "SimpleName",
                                                  "name": "",
                                                  "line": 26,
                                                  "column": 22,
                                                  "endLine": 26,
                                                  "endColumn": 22
                                                }
                                              ]
                                            }
                                          ]
                                        }
                                      ]
                                    }
                                  ]
                                }
                              ]
                            }
                          ]
                        },
                        {
                          "type": "ExpressionStmt",
                          "name": "",
                          "line": 27,
                          "column": 9,
                          "endLine": 27,
                          "endColumn": 22,
                          "attrs": {
                            "code": "int r = n + c"
                          },
                          "children": [
                            {
                              "type": "VariableDeclarationExpr",
                              "name": "",
                              "line": 27,
                              "column": 9,
                              "endLine": 27,
                              "endColumn": 21,
                              "attrs": {
                                "modifiers": "[]",
                                "code": "int r = n + c"
                              },
                              "children": [
                                {
                                  "type": "VariableDeclarator",
                                  "name": "r",
                                  "line": 27,
                                  "column": 13,
                                  "endLine": 27,
                                  "endColumn": 21,
                                  "value": "int",
                                  "attrs": {
                                    "initializer": "n + c",
                                    "type": "int"
                                  },
                                  "children": [
                                    {
                                      "type": "PrimitiveType",
                                      "name": "",
                                      "line": 27,
                                      "column": 9,
                                      "endLine": 27,
                                      "endColumn": 11
                                    },
                                    {
                                      "type": "SimpleName",
                                      "name": "",
                                      "line": 27,
                                      "column": 13,
                                      "endLine": 27,
                                      "endColumn": 13
                                    },
                                    {
                                      "type": "BinaryExpr",
                                      "name": "",
                                      "line": 27,
                                      "column": 17,
                                      "endLine": 27,
                                      "endColumn": 21,
                                      "children": [
                                        {
                                          "type": "NameExpr",
                                          "name": "n",
                                          "line": 27,
                                          "column": 17,
                                          "endLine": 27,
                                          "endColumn": 17,
                                          "children": [
                                            {
                                              "type": "SimpleName",
                                              "name": "",
                                              "line": 27,
                                              "column": 17,
                                              "endLine": 27,
                                              "endColumn": 17
                                            }
                                          ]
                                        },
                                        {
                                          "type": "NameExpr",
                                          "name": "c",
                                          "line": 27,
                                          "column": 21,
                                          "endLine": 27,
                                          "endColumn": 21,
                                          "children": [
                                            {
                                              "type": "SimpleName",
                                              "name": "",
                                              "line": 27,
                                              "column": 21,
                                              "endLine": 27,
                                              "endColumn": 21
                                            }
                                          ]
                                        }
                                      ]
                                    }
                                  ]
                                }
                              ]
                            }
                          ]
                        },
                        {
                          "type": "ReturnStmt",
                          "name": "return",
                          "line": 28,
                          "column": 9,
                          "endLine": 28,
                          "endColumn": 40,
                          "attrs": {
                            "expr": "(((r ^ n) >> 2) / c) | r"
                          },
                          "children": [
                            {
                              "type": "BinaryExpr",
                              "name": "",
                              "line": 28,
                              "column": 16,
                              "endLine": 28,
                              "endColumn": 39,
                              "children": [
                                {
                                  "type": "EnclosedExpr",
                                  "name": "",
                                  "line": 28,
                                  "column": 16,
                                  "endLine": 28,
                                  "endColumn": 35,
                                  "children": [
                                    {
                                      "type": "BinaryExpr",
                                      "name": "",
                                      "line": 28,
                                      "column": 17,
                                      "endLine": 28,
                                      "endColumn": 34,
                                      "children": [
                                        {
                                          "type": "EnclosedExpr",
                                          "name": "",
                                          "line": 28,
                                          "column": 17,
                                          "endLine": 28,
                                          "endColumn": 30,
                                          "children": [
                                            {
                                              "type": "BinaryExpr",
                                              "name": "",
                                              "line": 28,
                                              "column": 18,
                                              "endLine": 28,
                                              "endColumn": 29,
                                              "children": [
                                                {
                                                  "type": "EnclosedExpr",
                                                  "name": "",
                                                  "line": 28,
                                                  "column": 18,
                                                  "endLine": 28,
                                                  "endColumn": 24,
                                                  "children": [
                                                    {
                                                      "type": "BinaryExpr",
                                                      "name": "",
                                                      "line": 28,
                                                      "column": 19,
                                                      "endLine": 28,
                                                      "endColumn": 23,
                                                      "children": [
                                                        {
                                                          "type": "NameExpr",
                                                          "name": "r",
                                                          "line": 28,
                                                          "column": 19,
                                                          "endLine": 28,
                                                          "endColumn": 19,
                                                          "children": [
                                                            {
                                                              "type": "SimpleName",
                                                              "name": "",
                                                              "line": 28,
                                                              "column": 19,
                                                              "endLine": 28,
                                                              "endColumn": 19
                                                            }
                                                          ]
                                                        },
                                                        {
                                                          "type": "NameExpr",
                                                          "name": "n",
                                                          "line": 28,
                                                          "column": 23,
                                                          "endLine": 28,
                                                          "endColumn": 23,
                                                          "children": [
                                                            {
                                                              "type": "SimpleName",
                                                              "name": "",
                                                              "line": 28,
                                                              "column": 23,
                                                              "endLine": 28,
                                                              "endColumn": 23
                                                            }
                                                          ]
                                                        }
                                                      ]
                                                    }
                                                  ]
                                                },
                                                {
                                                  "type": "IntegerLiteralExpr",
                                                  "name": "",
                                                  "line": 28,
                                                  "column": 29,
                                                  "endLine": 28,
                                                  "endColumn": 29
                                                }
                                              ]
                                            }
                                          ]
                                        },
                                        {
                                          "type": "NameExpr",
                                          "name": "c",
                                          "line": 28,
                                          "column": 34,
                                          "endLine": 28,
                                          "endColumn": 34,
                                          "children": [
                                            {
                                              "type": "SimpleName",
                                              "name": "",
                                              "line": 28,
                                              "column": 34,
                                              "endLine": 28,
                                              "endColumn": 34
                                            }
                                          ]
                                        }
                                      ]
                                    }
                                  ]
                                },
                                {
                                  "type": "NameExpr",
                                  "name": "r",
                                  "line": 28,
                                  "column": 39,
                                  "endLine": 28,
                                  "endColumn": 39,
                                  "children": [
                                    {
                                      "type": "SimpleName",
                                      "name": "",
                                      "line": 28,
                                      "column": 39,
                                      "endLine": 28,
                                      "endColumn": 39
                                    }
                                  ]
                                }
                              ]
                            }
                          ]
                        }
                      ]
                    }
                  ]
                }
              ]
            }
          ]
        }
      ]
    }
  ]
}