{
  "type": "Project",
  "name": "Project",
  "children": [
    {
      "type": "File",
      "name": "Node.java",
      "value": "D:\\py-java-transform\\java to py\\java-to-python_user\\java-to-python-main\\java to python-result\\194\\Node.java",
      "children": [
        {
          "type": "CompilationUnit",
          "name": "",
          "line": 1,
          "column": 1,
          "endLine": 42,
          "endColumn": 2,
          "children": [
            {
              "type": "PackageDeclaration",
              "name": "com.thealgorithms.devutils.nodes",
              "line": 1,
              "column": 1,
              "endLine": 1,
              "endColumn": 41,
              "attrs": {
                "name": "com.thealgorithms.devutils.nodes"
              },
              "children": [
                {
                  "type": "Name",
                  "name": "",
                  "line": 1,
                  "column": 9,
                  "endLine": 1,
                  "endColumn": 40,
                  "children": [
                    {
                      "type": "Name",
                      "name": "",
                      "line": 1,
                      "column": 9,
                      "endLine": 1,
                      "endColumn": 34,
                      "children": [
                        {
                          "type": "Name",
                          "name": "",
                          "line": 1,
                          "column": 9,
                          "endLine": 1,
                          "endColumn": 25,
                          "children": [
                            {
                              "type": "Name",
                              "name": "",
                              "line": 1,
                              "column": 9,
                              "endLine": 1,
                              "endColumn": 11
                            }
                          ]
                        }
                      ]
                    }
                  ]
                }
              ]
            },
            {
              "type": "ClassOrInterfaceDeclaration",
              "name": "Node",
              "line": 13,
              "column": 1,
              "endLine": 42,
              "endColumn": 1,
              "value": "class",
              "attrs": {
                "modifiers": "[public , abstract ]",
                "typeParams": "[E]",
                "extends": "[]",
                "implements": "[]",
                "annotations": "[]"
              },
              "children": [
                {
                  "type": "Javadoc",
                  "name": "",
                  "line": 3,
                  "column": 1,
                  "endLine": 12,
                  "endColumn": 3,
                  "value": "\n * Base class for any node implementation which contains a generic type\n * variable.\n *\n * All known subclasses: {@link TreeNode}, {@link SimpleNode}.\n *\n * @param <E> The type of the data held in the Node.\n *\n * @author <a href=\"https://github.com/aitorfi\">aitorfi</a>\n "
                },
                {
                  "type": "Modifier",
                  "name": "",
                  "line": 13,
                  "column": 1,
                  "endLine": 13,
                  "endColumn": 6
                },
                {
                  "type": "Modifier",
                  "name": "",
                  "line": 13,
                  "column": 8,
                  "endLine": 13,
                  "endColumn": 15
                },
                {
                  "type": "SimpleName",
                  "name": "",
                  "line": 13,
                  "column": 23,
                  "endLine": 13,
                  "endColumn": 26
                },
                {
                  "type": "FieldDeclaration",
                  "name": "",
                  "line": 18,
                  "column": 5,
                  "endLine": 18,
                  "endColumn": 19,
                  "value": "E",
                  "attrs": {
                    "modifiers": "[private ]",
                    "annotations": "[]"
                  },
                  "children": [
                    {
                      "type": "Javadoc",
                      "name": "",
                      "line": 15,
                      "column": 5,
                      "endLine": 17,
                      "endColumn": 7,
                      "value": "\n     * Generic type data stored in the Node.\n     "
                    },
                    {
                      "type": "Modifier",
                      "name": "",
                      "line": 18,
                      "column": 5,
                      "endLine": 18,
                      "endColumn": 11
                    },
                    {
                      "type": "VariableDeclarator",
                      "name": "data",
                      "line": 18,
                      "column": 15,
                      "endLine": 18,
                      "endColumn": 18,
                      "value": "E",
                      "attrs": {
                        "type": "E"
                      },
                      "children": [
                        {
                          "type": "ClassOrInterfaceType",
                          "name": "E",
                          "line": 18,
                          "column": 13,
                          "endLine": 18,
                          "endColumn": 13,
                          "children": [
                            {
                              "type": "SimpleName",
                              "name": "",
                              "line": 18,
                              "column": 13,
                              "endLine": 18,
                              "endColumn": 13
                            }
                          ]
                        },
                        {
                          "type": "SimpleName",
                          "name": "",
                          "line": 18,
                          "column": 15,
                          "endLine": 18,
                          "endColumn": 18
                        }
                      ]
                    }
                  ]
                },
                {
                  "type": "ConstructorDeclaration",
                  "name": "Node",
                  "line": 23,
                  "column": 5,
                  "endLine": 24,
                  "endColumn": 5,
                  "attrs": {
                    "modifiers": "[public ]",
                    "throws": "[]",
                    "annotations": "[]",
                    "params": "[]"
                  },
                  "children": [
                    {
                      "type": "Javadoc",
                      "name": "",
                      "line": 20,
                      "column": 5,
                      "endLine": 22,
                      "endColumn": 7,
                      "value": "\n     * Empty constructor.\n     "
                    },
                    {
                      "type": "Modifier",
                      "name": "",
                      "line": 23,
                      "column": 5,
                      "endLine": 23,
                      "endColumn": 10
                    },
                    {
                      "type": "SimpleName",
                      "name": "",
                      "line": 23,
                      "column": 12,
                      "endLine": 23,
                      "endColumn": 15
                    },
                    {
                      "type": "BlockStmt",
                      "name": "",
                      "line": 23,
                      "column": 19,
                      "endLine": 24,
                      "endColumn": 5
                    }
                  ]
                },
                {
                  "type": "ConstructorDeclaration",
                  "name": "Node",
                  "line": 31,
                  "column": 5,
                  "endLine": 33,
                  "endColumn": 5,
                  "attrs": {
                    "modifiers": "[public ]",
                    "throws": "[]",
                    "annotations": "[]",
                    "params": "[E data]"
                  },
                  "children": [
                    {
                      "type": "Javadoc",
                      "name": "",
                      "line": 26,
                      "column": 5,
                      "endLine": 30,
                      "endColumn": 7,
                      "value": "\n     * Initializes the Nodes' data.\n     *\n     * @param data Value to which data will be initialized.\n     "
                    },
                    {
                      "type": "Modifier",
                      "name": "",
                      "line": 31,
                      "column": 5,
                      "endLine": 31,
                      "endColumn": 10
                    },
                    {
                      "type": "SimpleName",
                      "name": "",
                      "line": 31,
                      "column": 12,
                      "endLine": 31,
                      "endColumn": 15
                    },
                    {
                      "type": "Parameter",
                      "name": "data",
                      "line": 31,
                      "column": 17,
                      "endLine": 31,
                      "endColumn": 22,
                      "attrs": {
                        "modifiers": "[]",
                        "type": "E",
                        "isVarArgs": "false",
                        "annotations": "[]"
                      },
                      "children": [
                        {
                          "type": "ClassOrInterfaceType",
                          "name": "E",
                          "line": 31,
                          "column": 17,
                          "endLine": 31,
                          "endColumn": 17,
                          "children": [
                            {
                              "type": "SimpleName",
                              "name": "",
                              "line": 31,
                              "column": 17,
                              "endLine": 31,
                              "endColumn": 17
                            }
                          ]
                        },
                        {
                          "type": "SimpleName",
                          "name": "",
                          "line": 31,
                          "column": 19,
                          "endLine": 31,
                          "endColumn": 22
                        }
                      ]
                    },
                    {
                      "type": "BlockStmt",
                      "name": "",
                      "line": 31,
                      "column": 25,
                      "endLine": 33,
                      "endColumn": 5,
                      "children": [
                        {
                          "type": "ExpressionStmt",
                          "name": "",
                          "line": 32,
                          "column": 9,
                          "endLine": 32,
                          "endColumn": 25,
                          "attrs": {
                            "code": "this.data = data"
                          },
                          "children": [
                            {
                              "type": "AssignExpr",
                              "name": "",
                              "line": 32,
                              "column": 9,
                              "endLine": 32,
                              "endColumn": 24,
                              "attrs": {
                                "code": "this.data = data"
                              },
                              "children": [
                                {
                                  "type": "FieldAccessExpr",
                                  "name": "data",
                                  "line": 32,
                                  "column": 9,
                                  "endLine": 32,
                                  "endColumn": 17,
                                  "children": [
                                    {
                                      "type": "ThisExpr",
                                      "name": "",
                                      "line": 32,
                                      "column": 9,
                                      "endLine": 32,
                                      "endColumn": 12
                                    },
                                    {
                                      "type": "SimpleName",
                                      "name": "",
                                      "line": 32,
                                      "column": 14,
                                      "endLine": 32,
                                      "endColumn": 17
                                    }
                                  ]
                                },
                                {
                                  "type": "NameExpr",
                                  "name": "data",
                                  "line": 32,
                                  "column": 21,
                                  "endLine": 32,
                                  "endColumn": 24,
                                  "children": [
                                    {
                                      "type": "SimpleName",
                                      "name": "",
                                      "line": 32,
                                      "column": 21,
                                      "endLine": 32,
                                      "endColumn": 24
                                    }
                                  ]
                                }
                              ]
                            }
                          ]
                        }
                      ]
                    }
                  ]
                },
                {
                  "type": "MethodDeclaration",
                  "name": "getData",
                  "line": 35,
                  "column": 5,
                  "endLine": 37,
                  "endColumn": 5,
                  "value": "E",
                  "attrs": {
                    "modifiers": "[public ]",
                    "typeParams": "[]",
                    "throws": "[]",
                    "annotations": "[]",
                    "type": "E",
                    "params": "[]"
                  },
                  "children": [
                    {
                      "type": "Modifier",
                      "name": "",
                      "line": 35,
                      "column": 5,
                      "endLine": 35,
                      "endColumn": 10
                    },
                    {
                      "type": "SimpleName",
                      "name": "",
                      "line": 35,
                      "column": 14,
                      "endLine": 35,
                      "endColumn": 20
                    },
                    {
                      "type": "ClassOrInterfaceType",
                      "name": "E",
                      "line": 35,
                      "column": 12,
                      "endLine": 35,
                      "endColumn": 12,
                      "children": [
                        {
                          "type": "SimpleName",
                          "name": "",
                          "line": 35,
                          "column": 12,
                          "endLine": 35,
                          "endColumn": 12
                        }
                      ]
                    },
                    {
                      "type": "BlockStmt",
                      "name": "",
                      "line": 35,
                      "column": 24,
                      "endLine": 37,
                      "endColumn": 5,
                      "children": [
                        {
                          "type": "ReturnStmt",
                          "name": "return",
                          "line": 36,
                          "column": 9,
                          "endLine": 36,
                          "endColumn": 20,
                          "attrs": {
                            "expr": "data"
                          },
                          "children": [
                            {
                              "type": "NameExpr",
                              "name": "data",
                              "line": 36,
                              "column": 16,
                              "endLine": 36,
                              "endColumn": 19,
                              "children": [
                                {
                                  "type": "SimpleName",
                                  "name": "",
                                  "line": 36,
                                  "column": 16,
                                  "endLine": 36,
                                  "endColumn": 19
                                }
                              ]
                            }
                          ]
                        }
                      ]
                    }
                  ]
                },
                {
                  "type": "MethodDeclaration",
                  "name": "setData",
                  "line": 39,
                  "column": 5,
                  "endLine": 41,
                  "endColumn": 5,
                  "value": "void",
                  "attrs": {
                    "modifiers": "[public ]",
                    "typeParams": "[]",
                    "throws": "[]",
                    "annotations": "[]",
                    "type": "void",
                    "params": "[E data]"
                  },
                  "children": [
                    {
                      "type": "Modifier",
                      "name": "",
                      "line": 39,
                      "column": 5,
                      "endLine": 39,
                      "endColumn": 10
                    },
                    {
                      "type": "SimpleName",
                      "name": "",
                      "line": 39,
                      "column": 17,
                      "endLine": 39,
                      "endColumn": 23
                    },
                    {
                      "type": "Parameter",
                      "name": "data",
                      "line": 39,
                      "column": 25,
                      "endLine": 39,
                      "endColumn": 30,
                      "attrs": {
                        "modifiers": "[]",
                        "type": "E",
                        "isVarArgs": "false",
                        "annotations": "[]"
                      },
                      "children": [
                        {
                          "type": "ClassOrInterfaceType",
                          "name": "E",
                          "line": 39,
                          "column": 25,
                          "endLine": 39,
                          "endColumn": 25,
                          "children": [
                            {
                              "type": "SimpleName",
                              "name": "",
                              "line": 39,
                              "column": 25,
                              "endLine": 39,
                              "endColumn": 25
                            }
                          ]
                        },
                        {
                          "type": "SimpleName",
                          "name": "",
                          "line": 39,
                          "column": 27,
                          "endLine": 39,
                          "endColumn": 30
                        }
                      ]
                    },
                    {
                      "type": "VoidType",
                      "name": "",
                      "line": 39,
                      "column": 12,
                      "endLine": 39,
                      "endColumn": 15
                    },
                    {
                      "type": "BlockStmt",
                      "name": "",
                      "line": 39,
                      "column": 33,
                      "endLine": 41,
                      "endColumn": 5,
                      "children": [
                        {
                          "type": "ExpressionStmt",
                          "name": "",
                          "line": 40,
                          "column": 9,
                          "endLine": 40,
                          "endColumn": 25,
                          "attrs": {
                            "code": "this.data = data"
                          },
                          "children": [
                            {
                              "type": "AssignExpr",
                              "name": "",
                              "line": 40,
                              "column": 9,
                              "endLine": 40,
                              "endColumn": 24,
                              "attrs": {
                                "code": "this.data = data"
                              },
                              "children": [
                                {
                                  "type": "FieldAccessExpr",
                                  "name": "data",
                                  "line": 40,
                                  "column": 9,
                                  "endLine": 40,
                                  "endColumn": 17,
                                  "children": [
                                    {
                                      "type": "ThisExpr",
                                      "name": "",
                                      "line": 40,
                                      "column": 9,
                                      "endLine": 40,
                                      "endColumn": 12
                                    },
                                    {
                                      "type": "SimpleName",
                                      "name": "",
                                      "line": 40,
                                      "column": 14,
                                      "endLine": 40,
                                      "endColumn": 17
                                    }
                                  ]
                                },
                                {
                                  "type": "NameExpr",
                                  "name": "data",
                                  "line": 40,
                                  "column": 21,
                                  "endLine": 40,
                                  "endColumn": 24,
                                  "children": [
                                    {
                                      "type": "SimpleName",
                                      "name": "",
                                      "line": 40,
                                      "column": 21,
                                      "endLine": 40,
                                      "endColumn": 24
                                    }
                                  ]
                                }
                              ]
                            }
                          ]
                        }
                      ]
                    }
                  ]
                },
                {
                  "type": "TypeParameter",
                  "name": "E",
                  "line": 13,
                  "column": 28,
                  "endLine": 13,
                  "endColumn": 28,
                  "children": [
                    {
                      "type": "SimpleName",
                      "name": "",
                      "line": 13,
                      "column": 28,
                      "endLine": 13,
                      "endColumn": 28
                    }
                  ]
                }
              ]
            }
          ]
        }
      ]
    }
  ]
}