{
  "type": "Project",
  "name": "Project",
  "children": [
    {
      "type": "File",
      "name": "Node.java",
      "value": "D:\\py-java-transform\\java to py\\java-to-python-main\\java-to-python-main\\src\\com\\example\\example\\java\\com\\thealgorithms\\datastructures\\disjointsetunion\\Node\\Node.java",
      "children": [
        {
          "type": "CompilationUnit",
          "name": "",
          "line": 1,
          "column": 1,
          "endLine": 25,
          "endColumn": 2,
          "children": [
            {
              "type": "PackageDeclaration",
              "name": "com.thealgorithms.datastructures.disjointsetunion",
              "line": 1,
              "column": 1,
              "endLine": 1,
              "endColumn": 58,
              "attrs": {
                "name": "com.thealgorithms.datastructures.disjointsetunion"
              },
              "children": [
                {
                  "type": "Name",
                  "name": "",
                  "line": 1,
                  "column": 9,
                  "endLine": 1,
                  "endColumn": 57,
                  "children": [
                    {
                      "type": "Name",
                      "name": "",
                      "line": 1,
                      "column": 9,
                      "endLine": 1,
                      "endColumn": 40,
                      "children": [
                        {
                          "type": "Name",
                          "name": "",
                          "line": 1,
                          "column": 9,
                          "endLine": 1,
                          "endColumn": 25,
                          "children": [
                            {
                              "type": "Name",
                              "name": "",
                              "line": 1,
                              "column": 9,
                              "endLine": 1,
                              "endColumn": 11
                            }
                          ]
                        }
                      ]
                    }
                  ]
                }
              ]
            },
            {
              "type": "ClassOrInterfaceDeclaration",
              "name": "Node",
              "line": 3,
              "column": 1,
              "endLine": 25,
              "endColumn": 1,
              "value": "class",
              "attrs": {
                "modifiers": "[public ]",
                "typeParams": "[T]",
                "extends": "[]",
                "implements": "[]",
                "annotations": "[]"
              },
              "children": [
                {
                  "type": "Modifier",
                  "name": "",
                  "line": 3,
                  "column": 1,
                  "endLine": 3,
                  "endColumn": 6
                },
                {
                  "type": "SimpleName",
                  "name": "",
                  "line": 3,
                  "column": 14,
                  "endLine": 3,
                  "endColumn": 17
                },
                {
                  "type": "FieldDeclaration",
                  "name": "",
                  "line": 8,
                  "column": 5,
                  "endLine": 8,
                  "endColumn": 20,
                  "value": "int",
                  "attrs": {
                    "modifiers": "[public ]",
                    "annotations": "[]"
                  },
                  "children": [
                    {
                      "type": "Javadoc",
                      "name": "",
                      "line": 5,
                      "column": 5,
                      "endLine": 7,
                      "endColumn": 7,
                      "value": "\n     * The rank of the node, used for optimizing union operations.\n     "
                    },
                    {
                      "type": "Modifier",
                      "name": "",
                      "line": 8,
                      "column": 5,
                      "endLine": 8,
                      "endColumn": 10
                    },
                    {
                      "type": "VariableDeclarator",
                      "name": "rank",
                      "line": 8,
                      "column": 16,
                      "endLine": 8,
                      "endColumn": 19,
                      "value": "int",
                      "attrs": {
                        "type": "int"
                      },
                      "children": [
                        {
                          "type": "PrimitiveType",
                          "name": "",
                          "line": 8,
                          "column": 12,
                          "endLine": 8,
                          "endColumn": 14
                        },
                        {
                          "type": "SimpleName",
                          "name": "",
                          "line": 8,
                          "column": 16,
                          "endLine": 8,
                          "endColumn": 19
                        }
                      ]
                    }
                  ]
                },
                {
                  "type": "FieldDeclaration",
                  "name": "",
                  "line": 14,
                  "column": 5,
                  "endLine": 14,
                  "endColumn": 26,
                  "value": "Node<T>",
                  "attrs": {
                    "modifiers": "[public ]",
                    "annotations": "[]"
                  },
                  "children": [
                    {
                      "type": "Javadoc",
                      "name": "",
                      "line": 10,
                      "column": 5,
                      "endLine": 13,
                      "endColumn": 7,
                      "value": "\n     * Reference to the parent node in the set.\n     * Initially, a node is its own parent (represents a singleton set).\n     "
                    },
                    {
                      "type": "Modifier",
                      "name": "",
                      "line": 14,
                      "column": 5,
                      "endLine": 14,
                      "endColumn": 10
                    },
                    {
                      "type": "VariableDeclarator",
                      "name": "parent",
                      "line": 14,
                      "column": 20,
                      "endLine": 14,
                      "endColumn": 25,
                      "value": "Node<T>",
                      "attrs": {
                        "type": "Node<T>"
                      },
                      "children": [
                        {
                          "type": "ClassOrInterfaceType",
                          "name": "Node",
                          "line": 14,
                          "column": 12,
                          "endLine": 14,
                          "endColumn": 18,
                          "attrs": {
                            "typeArgs": "[T]"
                          },
                          "children": [
                            {
                              "type": "SimpleName",
                              "name": "",
                              "line": 14,
                              "column": 12,
                              "endLine": 14,
                              "endColumn": 15
                            },
                            {
                              "type": "ClassOrInterfaceType",
                              "name": "T",
                              "line": 14,
                              "column": 17,
                              "endLine": 14,
                              "endColumn": 17,
                              "children": [
                                {
                                  "type": "SimpleName",
                                  "name": "",
                                  "line": 14,
                                  "column": 17,
                                  "endLine": 14,
                                  "endColumn": 17
                                }
                              ]
                            }
                          ]
                        },
                        {
                          "type": "SimpleName",
                          "name": "",
                          "line": 14,
                          "column": 20,
                          "endLine": 14,
                          "endColumn": 25
                        }
                      ]
                    }
                  ]
                },
                {
                  "type": "FieldDeclaration",
                  "name": "",
                  "line": 19,
                  "column": 5,
                  "endLine": 19,
                  "endColumn": 18,
                  "value": "T",
                  "attrs": {
                    "modifiers": "[public ]",
                    "annotations": "[]"
                  },
                  "children": [
                    {
                      "type": "Javadoc",
                      "name": "",
                      "line": 16,
                      "column": 5,
                      "endLine": 18,
                      "endColumn": 7,
                      "value": "\n     * The data element associated with the node.\n     "
                    },
                    {
                      "type": "Modifier",
                      "name": "",
                      "line": 19,
                      "column": 5,
                      "endLine": 19,
                      "endColumn": 10
                    },
                    {
                      "type": "VariableDeclarator",
                      "name": "data",
                      "line": 19,
                      "column": 14,
                      "endLine": 19,
                      "endColumn": 17,
                      "value": "T",
                      "attrs": {
                        "type": "T"
                      },
                      "children": [
                        {
                          "type": "ClassOrInterfaceType",
                          "name": "T",
                          "line": 19,
                          "column": 12,
                          "endLine": 19,
                          "endColumn": 12,
                          "children": [
                            {
                              "type": "SimpleName",
                              "name": "",
                              "line": 19,
                              "column": 12,
                              "endLine": 19,
                              "endColumn": 12
                            }
                          ]
                        },
                        {
                          "type": "SimpleName",
                          "name": "",
                          "line": 19,
                          "column": 14,
                          "endLine": 19,
                          "endColumn": 17
                        }
                      ]
                    }
                  ]
                },
                {
                  "type": "ConstructorDeclaration",
                  "name": "Node",
                  "line": 21,
                  "column": 5,
                  "endLine": 24,
                  "endColumn": 5,
                  "attrs": {
                    "modifiers": "[public ]",
                    "throws": "[]",
                    "annotations": "[]",
                    "params": "[final T data]"
                  },
                  "children": [
                    {
                      "type": "Modifier",
                      "name": "",
                      "line": 21,
                      "column": 5,
                      "endLine": 21,
                      "endColumn": 10
                    },
                    {
                      "type": "SimpleName",
                      "name": "",
                      "line": 21,
                      "column": 12,
                      "endLine": 21,
                      "endColumn": 15
                    },
                    {
                      "type": "Parameter",
                      "name": "data",
                      "line": 21,
                      "column": 17,
                      "endLine": 21,
                      "endColumn": 28,
                      "attrs": {
                        "modifiers": "[final ]",
                        "type": "T",
                        "isVarArgs": "false",
                        "annotations": "[]"
                      },
                      "children": [
                        {
                          "type": "Modifier",
                          "name": "",
                          "line": 21,
                          "column": 17,
                          "endLine": 21,
                          "endColumn": 21
                        },
                        {
                          "type": "ClassOrInterfaceType",
                          "name": "T",
                          "line": 21,
                          "column": 23,
                          "endLine": 21,
                          "endColumn": 23,
                          "children": [
                            {
                              "type": "SimpleName",
                              "name": "",
                              "line": 21,
                              "column": 23,
                              "endLine": 21,
                              "endColumn": 23
                            }
                          ]
                        },
                        {
                          "type": "SimpleName",
                          "name": "",
                          "line": 21,
                          "column": 25,
                          "endLine": 21,
                          "endColumn": 28
                        }
                      ]
                    },
                    {
                      "type": "BlockStmt",
                      "name": "",
                      "line": 21,
                      "column": 31,
                      "endLine": 24,
                      "endColumn": 5,
                      "children": [
                        {
                          "type": "ExpressionStmt",
                          "name": "",
                          "line": 22,
                          "column": 9,
                          "endLine": 22,
                          "endColumn": 25,
                          "attrs": {
                            "code": "this.data = data"
                          },
                          "children": [
                            {
                              "type": "AssignExpr",
                              "name": "",
                              "line": 22,
                              "column": 9,
                              "endLine": 22,
                              "endColumn": 24,
                              "attrs": {
                                "code": "this.data = data"
                              },
                              "children": [
                                {
                                  "type": "FieldAccessExpr",
                                  "name": "data",
                                  "line": 22,
                                  "column": 9,
                                  "endLine": 22,
                                  "endColumn": 17,
                                  "children": [
                                    {
                                      "type": "ThisExpr",
                                      "name": "",
                                      "line": 22,
                                      "column": 9,
                                      "endLine": 22,
                                      "endColumn": 12
                                    },
                                    {
                                      "type": "SimpleName",
                                      "name": "",
                                      "line": 22,
                                      "column": 14,
                                      "endLine": 22,
                                      "endColumn": 17
                                    }
                                  ]
                                },
                                {
                                  "type": "NameExpr",
                                  "name": "data",
                                  "line": 22,
                                  "column": 21,
                                  "endLine": 22,
                                  "endColumn": 24,
                                  "children": [
                                    {
                                      "type": "SimpleName",
                                      "name": "",
                                      "line": 22,
                                      "column": 21,
                                      "endLine": 22,
                                      "endColumn": 24
                                    }
                                  ]
                                }
                              ]
                            }
                          ]
                        },
                        {
                          "type": "ExpressionStmt",
                          "name": "",
                          "line": 23,
                          "column": 9,
                          "endLine": 23,
                          "endColumn": 22,
                          "attrs": {
                            "code": "parent = this"
                          },
                          "children": [
                            {
                              "type": "LineComment",
                              "name": "",
                              "line": 23,
                              "column": 24,
                              "endLine": 23,
                              "endColumn": 62,
                              "value": " Initially, a node is its own parent."
                            },
                            {
                              "type": "AssignExpr",
                              "name": "",
                              "line": 23,
                              "column": 9,
                              "endLine": 23,
                              "endColumn": 21,
                              "attrs": {
                                "code": "parent = this"
                              },
                              "children": [
                                {
                                  "type": "NameExpr",
                                  "name": "parent",
                                  "line": 23,
                                  "column": 9,
                                  "endLine": 23,
                                  "endColumn": 14,
                                  "children": [
                                    {
                                      "type": "SimpleName",
                                      "name": "",
                                      "line": 23,
                                      "column": 9,
                                      "endLine": 23,
                                      "endColumn": 14
                                    }
                                  ]
                                },
                                {
                                  "type": "ThisExpr",
                                  "name": "",
                                  "line": 23,
                                  "column": 18,
                                  "endLine": 23,
                                  "endColumn": 21
                                }
                              ]
                            }
                          ]
                        }
                      ]
                    }
                  ]
                },
                {
                  "type": "TypeParameter",
                  "name": "T",
                  "line": 3,
                  "column": 19,
                  "endLine": 3,
                  "endColumn": 19,
                  "children": [
                    {
                      "type": "SimpleName",
                      "name": "",
                      "line": 3,
                      "column": 19,
                      "endLine": 3,
                      "endColumn": 19
                    }
                  ]
                }
              ]
            }
          ]
        }
      ]
    }
  ]
}