{
  "type": "Project",
  "name": "Project",
  "children": [
    {
      "type": "File",
      "name": "SubsequenceFinder.java",
      "value": "D:\\py-java-transform\\java to py\\java-to-python_user\\java-to-python-main\\java to python-result\\153\\SubsequenceFinder\\SubsequenceFinder.java",
      "children": [
        {
          "type": "CompilationUnit",
          "name": "",
          "line": 1,
          "column": 1,
          "endLine": 54,
          "endColumn": 2,
          "children": [
            {
              "type": "PackageDeclaration",
              "name": "com.thealgorithms.backtracking",
              "line": 1,
              "column": 1,
              "endLine": 1,
              "endColumn": 39,
              "attrs": {
                "name": "com.thealgorithms.backtracking"
              },
              "children": [
                {
                  "type": "Name",
                  "name": "",
                  "line": 1,
                  "column": 9,
                  "endLine": 1,
                  "endColumn": 38,
                  "children": [
                    {
                      "type": "Name",
                      "name": "",
                      "line": 1,
                      "column": 9,
                      "endLine": 1,
                      "endColumn": 25,
                      "children": [
                        {
                          "type": "Name",
                          "name": "",
                          "line": 1,
                          "column": 9,
                          "endLine": 1,
                          "endColumn": 11
                        }
                      ]
                    }
                  ]
                }
              ]
            },
            {
              "type": "ImportDeclaration",
              "name": "java.util.ArrayList",
              "line": 3,
              "column": 1,
              "endLine": 3,
              "endColumn": 27,
              "attrs": {
                "name": "java.util.ArrayList",
                "isStatic": "false",
                "isAsterisk": "false"
              },
              "children": [
                {
                  "type": "Name",
                  "name": "",
                  "line": 3,
                  "column": 8,
                  "endLine": 3,
                  "endColumn": 26,
                  "children": [
                    {
                      "type": "Name",
                      "name": "",
                      "line": 3,
                      "column": 8,
                      "endLine": 3,
                      "endColumn": 16,
                      "children": [
                        {
                          "type": "Name",
                          "name": "",
                          "line": 3,
                          "column": 8,
                          "endLine": 3,
                          "endColumn": 11
                        }
                      ]
                    }
                  ]
                }
              ]
            },
            {
              "type": "ImportDeclaration",
              "name": "java.util.List",
              "line": 4,
              "column": 1,
              "endLine": 4,
              "endColumn": 22,
              "attrs": {
                "name": "java.util.List",
                "isStatic": "false",
                "isAsterisk": "false"
              },
              "children": [
                {
                  "type": "Name",
                  "name": "",
                  "line": 4,
                  "column": 8,
                  "endLine": 4,
                  "endColumn": 21,
                  "children": [
                    {
                      "type": "Name",
                      "name": "",
                      "line": 4,
                      "column": 8,
                      "endLine": 4,
                      "endColumn": 16,
                      "children": [
                        {
                          "type": "Name",
                          "name": "",
                          "line": 4,
                          "column": 8,
                          "endLine": 4,
                          "endColumn": 11
                        }
                      ]
                    }
                  ]
                }
              ]
            },
            {
              "type": "ClassOrInterfaceDeclaration",
              "name": "SubsequenceFinder",
              "line": 9,
              "column": 1,
              "endLine": 54,
              "endColumn": 1,
              "value": "class",
              "attrs": {
                "modifiers": "[public , final ]",
                "typeParams": "[]",
                "extends": "[]",
                "implements": "[]",
                "annotations": "[]"
              },
              "children": [
                {
                  "type": "Javadoc",
                  "name": "",
                  "line": 6,
                  "column": 1,
                  "endLine": 8,
                  "endColumn": 3,
                  "value": "\n * Class generates all subsequences for a given list of elements using backtracking\n "
                },
                {
                  "type": "Modifier",
                  "name": "",
                  "line": 9,
                  "column": 1,
                  "endLine": 9,
                  "endColumn": 6
                },
                {
                  "type": "Modifier",
                  "name": "",
                  "line": 9,
                  "column": 8,
                  "endLine": 9,
                  "endColumn": 12
                },
                {
                  "type": "SimpleName",
                  "name": "",
                  "line": 9,
                  "column": 20,
                  "endLine": 9,
                  "endColumn": 36
                },
                {
                  "type": "ConstructorDeclaration",
                  "name": "SubsequenceFinder",
                  "line": 10,
                  "column": 5,
                  "endLine": 11,
                  "endColumn": 5,
                  "attrs": {
                    "modifiers": "[private ]",
                    "throws": "[]",
                    "annotations": "[]",
                    "params": "[]"
                  },
                  "children": [
                    {
                      "type": "Modifier",
                      "name": "",
                      "line": 10,
                      "column": 5,
                      "endLine": 10,
                      "endColumn": 11
                    },
                    {
                      "type": "SimpleName",
                      "name": "",
                      "line": 10,
                      "column": 13,
                      "endLine": 10,
                      "endColumn": 29
                    },
                    {
                      "type": "BlockStmt",
                      "name": "",
                      "line": 10,
                      "column": 33,
                      "endLine": 11,
                      "endColumn": 5
                    }
                  ]
                },
                {
                  "type": "MethodDeclaration",
                  "name": "generateAll",
                  "line": 20,
                  "column": 5,
                  "endLine": 29,
                  "endColumn": 5,
                  "value": "List<List<T>>",
                  "attrs": {
                    "modifiers": "[public , static ]",
                    "typeParams": "[T]",
                    "throws": "[]",
                    "annotations": "[]",
                    "type": "List<List<T>>",
                    "params": "[List<T> sequence]"
                  },
                  "children": [
                    {
                      "type": "Javadoc",
                      "name": "",
                      "line": 13,
                      "column": 5,
                      "endLine": 19,
                      "endColumn": 7,
                      "value": "\n     * Find all subsequences of given list using backtracking\n     *\n     * @param sequence a list of items on the basis of which we need to generate all subsequences\n     * @param <T> the type of elements in the array\n     * @return a list of all subsequences\n     "
                    },
                    {
                      "type": "Modifier",
                      "name": "",
                      "line": 20,
                      "column": 5,
                      "endLine": 20,
                      "endColumn": 10
                    },
                    {
                      "type": "Modifier",
                      "name": "",
                      "line": 20,
                      "column": 12,
                      "endLine": 20,
                      "endColumn": 17
                    },
                    {
                      "type": "TypeParameter",
                      "name": "T",
                      "line": 20,
                      "column": 20,
                      "endLine": 20,
                      "endColumn": 20,
                      "children": [
                        {
                          "type": "SimpleName",
                          "name": "",
                          "line": 20,
                          "column": 20,
                          "endLine": 20,
                          "endColumn": 20
                        }
                      ]
                    },
                    {
                      "type": "SimpleName",
                      "name": "",
                      "line": 20,
                      "column": 37,
                      "endLine": 20,
                      "endColumn": 47
                    },
                    {
                      "type": "Parameter",
                      "name": "sequence",
                      "line": 20,
                      "column": 49,
                      "endLine": 20,
                      "endColumn": 64,
                      "attrs": {
                        "modifiers": "[]",
                        "type": "List<T>",
                        "isVarArgs": "false",
                        "annotations": "[]"
                      },
                      "children": [
                        {
                          "type": "ClassOrInterfaceType",
                          "name": "List",
                          "line": 20,
                          "column": 49,
                          "endLine": 20,
                          "endColumn": 55,
                          "attrs": {
                            "typeArgs": "[T]"
                          },
                          "children": [
                            {
                              "type": "SimpleName",
                              "name": "",
                              "line": 20,
                              "column": 49,
                              "endLine": 20,
                              "endColumn": 52
                            },
                            {
                              "type": "ClassOrInterfaceType",
                              "name": "T",
                              "line": 20,
                              "column": 54,
                              "endLine": 20,
                              "endColumn": 54,
                              "children": [
                                {
                                  "type": "SimpleName",
                                  "name": "",
                                  "line": 20,
                                  "column": 54,
                                  "endLine": 20,
                                  "endColumn": 54
                                }
                              ]
                            }
                          ]
                        },
                        {
                          "type": "SimpleName",
                          "name": "",
                          "line": 20,
                          "column": 57,
                          "endLine": 20,
                          "endColumn": 64
                        }
                      ]
                    },
                    {
                      "type": "ClassOrInterfaceType",
                      "name": "List",
                      "line": 20,
                      "column": 23,
                      "endLine": 20,
                      "endColumn": 35,
                      "attrs": {
                        "typeArgs": "[List<T>]"
                      },
                      "children": [
                        {
                          "type": "SimpleName",
                          "name": "",
                          "line": 20,
                          "column": 23,
                          "endLine": 20,
                          "endColumn": 26
                        },
                        {
                          "type": "ClassOrInterfaceType",
                          "name": "List",
                          "line": 20,
                          "column": 28,
                          "endLine": 20,
                          "endColumn": 34,
                          "attrs": {
                            "typeArgs": "[T]"
                          },
                          "children": [
                            {
                              "type": "SimpleName",
                              "name": "",
                              "line": 20,
                              "column": 28,
                              "endLine": 20,
                              "endColumn": 31
                            },
                            {
                              "type": "ClassOrInterfaceType",
                              "name": "T",
                              "line": 20,
                              "column": 33,
                              "endLine": 20,
                              "endColumn": 33,
                              "children": [
                                {
                                  "type": "SimpleName",
                                  "name": "",
                                  "line": 20,
                                  "column": 33,
                                  "endLine": 20,
                                  "endColumn": 33
                                }
                              ]
                            }
                          ]
                        }
                      ]
                    },
                    {
                      "type": "BlockStmt",
                      "name": "",
                      "line": 20,
                      "column": 67,
                      "endLine": 29,
                      "endColumn": 5,
                      "children": [
                        {
                          "type": "ExpressionStmt",
                          "name": "",
                          "line": 21,
                          "column": 9,
                          "endLine": 21,
                          "endColumn": 58,
                          "attrs": {
                            "code": "List<List<T>> allSubSequences = new ArrayList<>()"
                          },
                          "children": [
                            {
                              "type": "VariableDeclarationExpr",
                              "name": "",
                              "line": 21,
                              "column": 9,
                              "endLine": 21,
                              "endColumn": 57,
                              "attrs": {
                                "modifiers": "[]",
                                "code": "List<List<T>> allSubSequences = new ArrayList<>()"
                              },
                              "children": [
                                {
                                  "type": "VariableDeclarator",
                                  "name": "allSubSequences",
                                  "line": 21,
                                  "column": 23,
                                  "endLine": 21,
                                  "endColumn": 57,
                                  "value": "List<List<T>>",
                                  "attrs": {
                                    "initializer": "new ArrayList<>()",
                                    "type": "List<List<T>>"
                                  },
                                  "children": [
                                    {
                                      "type": "ClassOrInterfaceType",
                                      "name": "List",
                                      "line": 21,
                                      "column": 9,
                                      "endLine": 21,
                                      "endColumn": 21,
                                      "attrs": {
                                        "typeArgs": "[List<T>]"
                                      },
                                      "children": [
                                        {
                                          "type": "SimpleName",
                                          "name": "",
                                          "line": 21,
                                          "column": 9,
                                          "endLine": 21,
                                          "endColumn": 12
                                        },
                                        {
                                          "type": "ClassOrInterfaceType",
                                          "name": "List",
                                          "line": 21,
                                          "column": 14,
                                          "endLine": 21,
                                          "endColumn": 20,
                                          "attrs": {
                                            "typeArgs": "[T]"
                                          },
                                          "children": [
                                            {
                                              "type": "SimpleName",
                                              "name": "",
                                              "line": 21,
                                              "column": 14,
                                              "endLine": 21,
                                              "endColumn": 17
                                            },
                                            {
                                              "type": "ClassOrInterfaceType",
                                              "name": "T",
                                              "line": 21,
                                              "column": 19,
                                              "endLine": 21,
                                              "endColumn": 19,
                                              "children": [
                                                {
                                                  "type": "SimpleName",
                                                  "name": "",
                                                  "line": 21,
                                                  "column": 19,
                                                  "endLine": 21,
                                                  "endColumn": 19
                                                }
                                              ]
                                            }
                                          ]
                                        }
                                      ]
                                    },
                                    {
                                      "type": "SimpleName",
                                      "name": "",
                                      "line": 21,
                                      "column": 23,
                                      "endLine": 21,
                                      "endColumn": 37
                                    },
                                    {
                                      "type": "ObjectCreationExpr",
                                      "name": "new ArrayList<>",
                                      "line": 21,
                                      "column": 41,
                                      "endLine": 21,
                                      "endColumn": 57,
                                      "attrs": {
                                        "type": "ArrayList<>",
                                        "hasAnonymousClassBody": "false",
                                        "args": "[]"
                                      },
                                      "children": [
                                        {
                                          "type": "ClassOrInterfaceType",
                                          "name": "ArrayList",
                                          "line": 21,
                                          "column": 45,
                                          "endLine": 21,
                                          "endColumn": 55,
                                          "attrs": {
                                            "typeArgs": "[]"
                                          },
                                          "children": [
                                            {
                                              "type": "SimpleName",
                                              "name": "",
                                              "line": 21,
                                              "column": 45,
                                              "endLine": 21,
                                              "endColumn": 53
                                            }
                                          ]
                                        }
                                      ]
                                    }
                                  ]
                                }
                              ]
                            }
                          ]
                        },
                        {
                          "type": "IfStmt",
                          "name": "if(sequence.isEmpty())",
                          "line": 22,
                          "column": 9,
                          "endLine": 25,
                          "endColumn": 9,
                          "attrs": {
                            "condition": "sequence.isEmpty()"
                          },
                          "children": [
                            {
                              "type": "MethodCallExpr",
                              "name": "isEmpty",
                              "line": 22,
                              "column": 13,
                              "endLine": 22,
                              "endColumn": 30,
                              "attrs": {
                                "args": "[]",
                                "code": "sequence.isEmpty()"
                              },
                              "children": [
                                {
                                  "type": "NameExpr",
                                  "name": "sequence",
                                  "line": 22,
                                  "column": 13,
                                  "endLine": 22,
                                  "endColumn": 20,
                                  "children": [
                                    {
                                      "type": "SimpleName",
                                      "name": "",
                                      "line": 22,
                                      "column": 13,
                                      "endLine": 22,
                                      "endColumn": 20
                                    }
                                  ]
                                },
                                {
                                  "type": "SimpleName",
                                  "name": "",
                                  "line": 22,
                                  "column": 22,
                                  "endLine": 22,
                                  "endColumn": 28
                                }
                              ]
                            },
                            {
                              "type": "BlockStmt",
                              "name": "",
                              "line": 22,
                              "column": 33,
                              "endLine": 25,
                              "endColumn": 9,
                              "children": [
                                {
                                  "type": "ExpressionStmt",
                                  "name": "",
                                  "line": 23,
                                  "column": 13,
                                  "endLine": 23,
                                  "endColumn": 51,
                                  "attrs": {
                                    "code": "allSubSequences.add(new ArrayList<>())"
                                  },
                                  "children": [
                                    {
                                      "type": "MethodCallExpr",
                                      "name": "add",
                                      "line": 23,
                                      "column": 13,
                                      "endLine": 23,
                                      "endColumn": 50,
                                      "attrs": {
                                        "args": "[new ArrayList<>()]",
                                        "code": "allSubSequences.add(new ArrayList<>())"
                                      },
                                      "children": [
                                        {
                                          "type": "NameExpr",
                                          "name": "allSubSequences",
                                          "line": 23,
                                          "column": 13,
                                          "endLine": 23,
                                          "endColumn": 27,
                                          "children": [
                                            {
                                              "type": "SimpleName",
                                              "name": "",
                                              "line": 23,
                                              "column": 13,
                                              "endLine": 23,
                                              "endColumn": 27
                                            }
                                          ]
                                        },
                                        {
                                          "type": "SimpleName",
                                          "name": "",
                                          "line": 23,
                                          "column": 29,
                                          "endLine": 23,
                                          "endColumn": 31
                                        },
                                        {
                                          "type": "ObjectCreationExpr",
                                          "name": "new ArrayList<>",
                                          "line": 23,
                                          "column": 33,
                                          "endLine": 23,
                                          "endColumn": 49,
                                          "attrs": {
                                            "type": "ArrayList<>",
                                            "hasAnonymousClassBody": "false",
                                            "args": "[]"
                                          },
                                          "children": [
                                            {
                                              "type": "ClassOrInterfaceType",
                                              "name": "ArrayList",
                                              "line": 23,
                                              "column": 37,
                                              "endLine": 23,
                                              "endColumn": 47,
                                              "attrs": {
                                                "typeArgs": "[]"
                                              },
                                              "children": [
                                                {
                                                  "type": "SimpleName",
                                                  "name": "",
                                                  "line": 23,
                                                  "column": 37,
                                                  "endLine": 23,
                                                  "endColumn": 45
                                                }
                                              ]
                                            }
                                          ]
                                        }
                                      ]
                                    }
                                  ]
                                },
                                {
                                  "type": "ReturnStmt",
                                  "name": "return",
                                  "line": 24,
                                  "column": 13,
                                  "endLine": 24,
                                  "endColumn": 35,
                                  "attrs": {
                                    "expr": "allSubSequences"
                                  },
                                  "children": [
                                    {
                                      "type": "NameExpr",
                                      "name": "allSubSequences",
                                      "line": 24,
                                      "column": 20,
                                      "endLine": 24,
                                      "endColumn": 34,
                                      "children": [
                                        {
                                          "type": "SimpleName",
                                          "name": "",
                                          "line": 24,
                                          "column": 20,
                                          "endLine": 24,
                                          "endColumn": 34
                                        }
                                      ]
                                    }
                                  ]
                                }
                              ]
                            }
                          ]
                        },
                        {
                          "type": "ExpressionStmt",
                          "name": "",
                          "line": 26,
                          "column": 9,
                          "endLine": 26,
                          "endColumn": 55,
                          "attrs": {
                            "code": "List<T> currentSubsequence = new ArrayList<>()"
                          },
                          "children": [
                            {
                              "type": "VariableDeclarationExpr",
                              "name": "",
                              "line": 26,
                              "column": 9,
                              "endLine": 26,
                              "endColumn": 54,
                              "attrs": {
                                "modifiers": "[]",
                                "code": "List<T> currentSubsequence = new ArrayList<>()"
                              },
                              "children": [
                                {
                                  "type": "VariableDeclarator",
                                  "name": "currentSubsequence",
                                  "line": 26,
                                  "column": 17,
                                  "endLine": 26,
                                  "endColumn": 54,
                                  "value": "List<T>",
                                  "attrs": {
                                    "initializer": "new ArrayList<>()",
                                    "type": "List<T>"
                                  },
                                  "children": [
                                    {
                                      "type": "ClassOrInterfaceType",
                                      "name": "List",
                                      "line": 26,
                                      "column": 9,
                                      "endLine": 26,
                                      "endColumn": 15,
                                      "attrs": {
                                        "typeArgs": "[T]"
                                      },
                                      "children": [
                                        {
                                          "type": "SimpleName",
                                          "name": "",
                                          "line": 26,
                                          "column": 9,
                                          "endLine": 26,
                                          "endColumn": 12
                                        },
                                        {
                                          "type": "ClassOrInterfaceType",
                                          "name": "T",
                                          "line": 26,
                                          "column": 14,
                                          "endLine": 26,
                                          "endColumn": 14,
                                          "children": [
                                            {
                                              "type": "SimpleName",
                                              "name": "",
                                              "line": 26,
                                              "column": 14,
                                              "endLine": 26,
                                              "endColumn": 14
                                            }
                                          ]
                                        }
                                      ]
                                    },
                                    {
                                      "type": "SimpleName",
                                      "name": "",
                                      "line": 26,
                                      "column": 17,
                                      "endLine": 26,
                                      "endColumn": 34
                                    },
                                    {
                                      "type": "ObjectCreationExpr",
                                      "name": "new ArrayList<>",
                                      "line": 26,
                                      "column": 38,
                                      "endLine": 26,
                                      "endColumn": 54,
                                      "attrs": {
                                        "type": "ArrayList<>",
                                        "hasAnonymousClassBody": "false",
                                        "args": "[]"
                                      },
                                      "children": [
                                        {
                                          "type": "ClassOrInterfaceType",
                                          "name": "ArrayList",
                                          "line": 26,
                                          "column": 42,
                                          "endLine": 26,
                                          "endColumn": 52,
                                          "attrs": {
                                            "typeArgs": "[]"
                                          },
                                          "children": [
                                            {
                                              "type": "SimpleName",
                                              "name": "",
                                              "line": 26,
                                              "column": 42,
                                              "endLine": 26,
                                              "endColumn": 50
                                            }
                                          ]
                                        }
                                      ]
                                    }
                                  ]
                                }
                              ]
                            }
                          ]
                        },
                        {
                          "type": "ExpressionStmt",
                          "name": "",
                          "line": 27,
                          "column": 9,
                          "endLine": 27,
                          "endColumn": 68,
                          "attrs": {
                            "code": "backtrack(sequence, currentSubsequence, 0, allSubSequences)"
                          },
                          "children": [
                            {
                              "type": "MethodCallExpr",
                              "name": "backtrack",
                              "line": 27,
                              "column": 9,
                              "endLine": 27,
                              "endColumn": 67,
                              "attrs": {
                                "args": "[sequence, currentSubsequence, 0, allSubSequences]",
                                "code": "backtrack(sequence, currentSubsequence, 0, allSubSequences)"
                              },
                              "children": [
                                {
                                  "type": "SimpleName",
                                  "name": "",
                                  "line": 27,
                                  "column": 9,
                                  "endLine": 27,
                                  "endColumn": 17
                                },
                                {
                                  "type": "NameExpr",
                                  "name": "sequence",
                                  "line": 27,
                                  "column": 19,
                                  "endLine": 27,
                                  "endColumn": 26,
                                  "children": [
                                    {
                                      "type": "SimpleName",
                                      "name": "",
                                      "line": 27,
                                      "column": 19,
                                      "endLine": 27,
                                      "endColumn": 26
                                    }
                                  ]
                                },
                                {
                                  "type": "NameExpr",
                                  "name": "currentSubsequence",
                                  "line": 27,
                                  "column": 29,
                                  "endLine": 27,
                                  "endColumn": 46,
                                  "children": [
                                    {
                                      "type": "SimpleName",
                                      "name": "",
                                      "line": 27,
                                      "column": 29,
                                      "endLine": 27,
                                      "endColumn": 46
                                    }
                                  ]
                                },
                                {
                                  "type": "IntegerLiteralExpr",
                                  "name": "",
                                  "line": 27,
                                  "column": 49,
                                  "endLine": 27,
                                  "endColumn": 49
                                },
                                {
                                  "type": "NameExpr",
                                  "name": "allSubSequences",
                                  "line": 27,
                                  "column": 52,
                                  "endLine": 27,
                                  "endColumn": 66,
                                  "children": [
                                    {
                                      "type": "SimpleName",
                                      "name": "",
                                      "line": 27,
                                      "column": 52,
                                      "endLine": 27,
                                      "endColumn": 66
                                    }
                                  ]
                                }
                              ]
                            }
                          ]
                        },
                        {
                          "type": "ReturnStmt",
                          "name": "return",
                          "line": 28,
                          "column": 9,
                          "endLine": 28,
                          "endColumn": 31,
                          "attrs": {
                            "expr": "allSubSequences"
                          },
                          "children": [
                            {
                              "type": "NameExpr",
                              "name": "allSubSequences",
                              "line": 28,
                              "column": 16,
                              "endLine": 28,
                              "endColumn": 30,
                              "children": [
                                {
                                  "type": "SimpleName",
                                  "name": "",
                                  "line": 28,
                                  "column": 16,
                                  "endLine": 28,
                                  "endColumn": 30
                                }
                              ]
                            }
                          ]
                        }
                      ]
                    }
                  ]
                },
                {
                  "type": "MethodDeclaration",
                  "name": "backtrack",
                  "line": 42,
                  "column": 5,
                  "endLine": 53,
                  "endColumn": 5,
                  "value": "void",
                  "attrs": {
                    "modifiers": "[private , static ]",
                    "typeParams": "[T]",
                    "throws": "[]",
                    "annotations": "[]",
                    "type": "void",
                    "params": "[List<T> sequence, List<T> currentSubsequence, final int index, List<List<T>> allSubSequences]"
                  },
                  "children": [
                    {
                      "type": "Javadoc",
                      "name": "",
                      "line": 31,
                      "column": 5,
                      "endLine": 41,
                      "endColumn": 7,
                      "value": "\n     * Iterate through each branch of states\n     * We know that each state has exactly two branching\n     * It terminates when it reaches the end of the given sequence\n     *\n     * @param sequence all elements\n     * @param currentSubsequence current subsequence\n     * @param index current index\n     * @param allSubSequences contains all sequences\n     * @param <T> the type of elements which we generate\n     "
                    },
                    {
                      "type": "Modifier",
                      "name": "",
                      "line": 42,
                      "column": 5,
                      "endLine": 42,
                      "endColumn": 11
                    },
                    {
                      "type": "Modifier",
                      "name": "",
                      "line": 42,
                      "column": 13,
                      "endLine": 42,
                      "endColumn": 18
                    },
                    {
                      "type": "TypeParameter",
                      "name": "T",
                      "line": 42,
                      "column": 21,
                      "endLine": 42,
                      "endColumn": 21,
                      "children": [
                        {
                          "type": "SimpleName",
                          "name": "",
                          "line": 42,
                          "column": 21,
                          "endLine": 42,
                          "endColumn": 21
                        }
                      ]
                    },
                    {
                      "type": "SimpleName",
                      "name": "",
                      "line": 42,
                      "column": 29,
                      "endLine": 42,
                      "endColumn": 37
                    },
                    {
                      "type": "Parameter",
                      "name": "sequence",
                      "line": 42,
                      "column": 39,
                      "endLine": 42,
                      "endColumn": 54,
                      "attrs": {
                        "modifiers": "[]",
                        "type": "List<T>",
                        "isVarArgs": "false",
                        "annotations": "[]"
                      },
                      "children": [
                        {
                          "type": "ClassOrInterfaceType",
                          "name": "List",
                          "line": 42,
                          "column": 39,
                          "endLine": 42,
                          "endColumn": 45,
                          "attrs": {
                            "typeArgs": "[T]"
                          },
                          "children": [
                            {
                              "type": "SimpleName",
                              "name": "",
                              "line": 42,
                              "column": 39,
                              "endLine": 42,
                              "endColumn": 42
                            },
                            {
                              "type": "ClassOrInterfaceType",
                              "name": "T",
                              "line": 42,
                              "column": 44,
                              "endLine": 42,
                              "endColumn": 44,
                              "children": [
                                {
                                  "type": "SimpleName",
                                  "name": "",
                                  "line": 42,
                                  "column": 44,
                                  "endLine": 42,
                                  "endColumn": 44
                                }
                              ]
                            }
                          ]
                        },
                        {
                          "type": "SimpleName",
                          "name": "",
                          "line": 42,
                          "column": 47,
                          "endLine": 42,
                          "endColumn": 54
                        }
                      ]
                    },
                    {
                      "type": "Parameter",
                      "name": "currentSubsequence",
                      "line": 42,
                      "column": 57,
                      "endLine": 42,
                      "endColumn": 82,
                      "attrs": {
                        "modifiers": "[]",
                        "type": "List<T>",
                        "isVarArgs": "false",
                        "annotations": "[]"
                      },
                      "children": [
                        {
                          "type": "ClassOrInterfaceType",
                          "name": "List",
                          "line": 42,
                          "column": 57,
                          "endLine": 42,
                          "endColumn": 63,
                          "attrs": {
                            "typeArgs": "[T]"
                          },
                          "children": [
                            {
                              "type": "SimpleName",
                              "name": "",
                              "line": 42,
                              "column": 57,
                              "endLine": 42,
                              "endColumn": 60
                            },
                            {
                              "type": "ClassOrInterfaceType",
                              "name": "T",
                              "line": 42,
                              "column": 62,
                              "endLine": 42,
                              "endColumn": 62,
                              "children": [
                                {
                                  "type": "SimpleName",
                                  "name": "",
                                  "line": 42,
                                  "column": 62,
                                  "endLine": 42,
                                  "endColumn": 62
                                }
                              ]
                            }
                          ]
                        },
                        {
                          "type": "SimpleName",
                          "name": "",
                          "line": 42,
                          "column": 65,
                          "endLine": 42,
                          "endColumn": 82
                        }
                      ]
                    },
                    {
                      "type": "Parameter",
                      "name": "index",
                      "line": 42,
                      "column": 85,
                      "endLine": 42,
                      "endColumn": 99,
                      "attrs": {
                        "modifiers": "[final ]",
                        "type": "int",
                        "isVarArgs": "false",
                        "annotations": "[]"
                      },
                      "children": [
                        {
                          "type": "Modifier",
                          "name": "",
                          "line": 42,
                          "column": 85,
                          "endLine": 42,
                          "endColumn": 89
                        },
                        {
                          "type": "PrimitiveType",
                          "name": "",
                          "line": 42,
                          "column": 91,
                          "endLine": 42,
                          "endColumn": 93
                        },
                        {
                          "type": "SimpleName",
                          "name": "",
                          "line": 42,
                          "column": 95,
                          "endLine": 42,
                          "endColumn": 99
                        }
                      ]
                    },
                    {
                      "type": "Parameter",
                      "name": "allSubSequences",
                      "line": 42,
                      "column": 102,
                      "endLine": 42,
                      "endColumn": 130,
                      "attrs": {
                        "modifiers": "[]",
                        "type": "List<List<T>>",
                        "isVarArgs": "false",
                        "annotations": "[]"
                      },
                      "children": [
                        {
                          "type": "ClassOrInterfaceType",
                          "name": "List",
                          "line": 42,
                          "column": 102,
                          "endLine": 42,
                          "endColumn": 114,
                          "attrs": {
                            "typeArgs": "[List<T>]"
                          },
                          "children": [
                            {
                              "type": "SimpleName",
                              "name": "",
                              "line": 42,
                              "column": 102,
                              "endLine": 42,
                              "endColumn": 105
                            },
                            {
                              "type": "ClassOrInterfaceType",
                              "name": "List",
                              "line": 42,
                              "column": 107,
                              "endLine": 42,
                              "endColumn": 113,
                              "attrs": {
                                "typeArgs": "[T]"
                              },
                              "children": [
                                {
                                  "type": "SimpleName",
                                  "name": "",
                                  "line": 42,
                                  "column": 107,
                                  "endLine": 42,
                                  "endColumn": 110
                                },
                                {
                                  "type": "ClassOrInterfaceType",
                                  "name": "T",
                                  "line": 42,
                                  "column": 112,
                                  "endLine": 42,
                                  "endColumn": 112,
                                  "children": [
                                    {
                                      "type": "SimpleName",
                                      "name": "",
                                      "line": 42,
                                      "column": 112,
                                      "endLine": 42,
                                      "endColumn": 112
                                    }
                                  ]
                                }
                              ]
                            }
                          ]
                        },
                        {
                          "type": "SimpleName",
                          "name": "",
                          "line": 42,
                          "column": 116,
                          "endLine": 42,
                          "endColumn": 130
                        }
                      ]
                    },
                    {
                      "type": "VoidType",
                      "name": "",
                      "line": 42,
                      "column": 24,
                      "endLine": 42,
                      "endColumn": 27
                    },
                    {
                      "type": "BlockStmt",
                      "name": "",
                      "line": 42,
                      "column": 133,
                      "endLine": 53,
                      "endColumn": 5,
                      "children": [
                        {
                          "type": "AssertStmt",
                          "name": "",
                          "line": 43,
                          "column": 9,
                          "endLine": 43,
                          "endColumn": 40,
                          "attrs": {
                            "check": "index <= sequence.size()",
                            "message": ""
                          },
                          "children": [
                            {
                              "type": "BinaryExpr",
                              "name": "",
                              "line": 43,
                              "column": 16,
                              "endLine": 43,
                              "endColumn": 39,
                              "children": [
                                {
                                  "type": "NameExpr",
                                  "name": "index",
                                  "line": 43,
                                  "column": 16,
                                  "endLine": 43,
                                  "endColumn": 20,
                                  "children": [
                                    {
                                      "type": "SimpleName",
                                      "name": "",
                                      "line": 43,
                                      "column": 16,
                                      "endLine": 43,
                                      "endColumn": 20
                                    }
                                  ]
                                },
                                {
                                  "type": "MethodCallExpr",
                                  "name": "size",
                                  "line": 43,
                                  "column": 25,
                                  "endLine": 43,
                                  "endColumn": 39,
                                  "attrs": {
                                    "args": "[]",
                                    "code": "sequence.size()"
                                  },
                                  "children": [
                                    {
                                      "type": "NameExpr",
                                      "name": "sequence",
                                      "line": 43,
                                      "column": 25,
                                      "endLine": 43,
                                      "endColumn": 32,
                                      "children": [
                                        {
                                          "type": "SimpleName",
                                          "name": "",
                                          "line": 43,
                                          "column": 25,
                                          "endLine": 43,
                                          "endColumn": 32
                                        }
                                      ]
                                    },
                                    {
                                      "type": "SimpleName",
                                      "name": "",
                                      "line": 43,
                                      "column": 34,
                                      "endLine": 43,
                                      "endColumn": 37
                                    }
                                  ]
                                }
                              ]
                            }
                          ]
                        },
                        {
                          "type": "IfStmt",
                          "name": "if(index == sequence.size())",
                          "line": 44,
                          "column": 9,
                          "endLine": 47,
                          "endColumn": 9,
                          "attrs": {
                            "condition": "index == sequence.size()"
                          },
                          "children": [
                            {
                              "type": "BinaryExpr",
                              "name": "",
                              "line": 44,
                              "column": 13,
                              "endLine": 44,
                              "endColumn": 36,
                              "children": [
                                {
                                  "type": "NameExpr",
                                  "name": "index",
                                  "line": 44,
                                  "column": 13,
                                  "endLine": 44,
                                  "endColumn": 17,
                                  "children": [
                                    {
                                      "type": "SimpleName",
                                      "name": "",
                                      "line": 44,
                                      "column": 13,
                                      "endLine": 44,
                                      "endColumn": 17
                                    }
                                  ]
                                },
                                {
                                  "type": "MethodCallExpr",
                                  "name": "size",
                                  "line": 44,
                                  "column": 22,
                                  "endLine": 44,
                                  "endColumn": 36,
                                  "attrs": {
                                    "args": "[]",
                                    "code": "sequence.size()"
                                  },
                                  "children": [
                                    {
                                      "type": "NameExpr",
                                      "name": "sequence",
                                      "line": 44,
                                      "column": 22,
                                      "endLine": 44,
                                      "endColumn": 29,
                                      "children": [
                                        {
                                          "type": "SimpleName",
                                          "name": "",
                                          "line": 44,
                                          "column": 22,
                                          "endLine": 44,
                                          "endColumn": 29
                                        }
                                      ]
                                    },
                                    {
                                      "type": "SimpleName",
                                      "name": "",
                                      "line": 44,
                                      "column": 31,
                                      "endLine": 44,
                                      "endColumn": 34
                                    }
                                  ]
                                }
                              ]
                            },
                            {
                              "type": "BlockStmt",
                              "name": "",
                              "line": 44,
                              "column": 39,
                              "endLine": 47,
                              "endColumn": 9,
                              "children": [
                                {
                                  "type": "ExpressionStmt",
                                  "name": "",
                                  "line": 45,
                                  "column": 13,
                                  "endLine": 45,
                                  "endColumn": 69,
                                  "attrs": {
                                    "code": "allSubSequences.add(new ArrayList<>(currentSubsequence))"
                                  },
                                  "children": [
                                    {
                                      "type": "MethodCallExpr",
                                      "name": "add",
                                      "line": 45,
                                      "column": 13,
                                      "endLine": 45,
                                      "endColumn": 68,
                                      "attrs": {
                                        "args": "[new ArrayList<>(currentSubsequence)]",
                                        "code": "allSubSequences.add(new ArrayList<>(currentSubsequence))"
                                      },
                                      "children": [
                                        {
                                          "type": "NameExpr",
                                          "name": "allSubSequences",
                                          "line": 45,
                                          "column": 13,
                                          "endLine": 45,
                                          "endColumn": 27,
                                          "children": [
                                            {
                                              "type": "SimpleName",
                                              "name": "",
                                              "line": 45,
                                              "column": 13,
                                              "endLine": 45,
                                              "endColumn": 27
                                            }
                                          ]
                                        },
                                        {
                                          "type": "SimpleName",
                                          "name": "",
                                          "line": 45,
                                          "column": 29,
                                          "endLine": 45,
                                          "endColumn": 31
                                        },
                                        {
                                          "type": "ObjectCreationExpr",
                                          "name": "new ArrayList<>",
                                          "line": 45,
                                          "column": 33,
                                          "endLine": 45,
                                          "endColumn": 67,
                                          "attrs": {
                                            "type": "ArrayList<>",
                                            "hasAnonymousClassBody": "false",
                                            "args": "[currentSubsequence]"
                                          },
                                          "children": [
                                            {
                                              "type": "ClassOrInterfaceType",
                                              "name": "ArrayList",
                                              "line": 45,
                                              "column": 37,
                                              "endLine": 45,
                                              "endColumn": 47,
                                              "attrs": {
                                                "typeArgs": "[]"
                                              },
                                              "children": [
                                                {
                                                  "type": "SimpleName",
                                                  "name": "",
                                                  "line": 45,
                                                  "column": 37,
                                                  "endLine": 45,
                                                  "endColumn": 45
                                                }
                                              ]
                                            },
                                            {
                                              "type": "NameExpr",
                                              "name": "currentSubsequence",
                                              "line": 45,
                                              "column": 49,
                                              "endLine": 45,
                                              "endColumn": 66,
                                              "children": [
                                                {
                                                  "type": "SimpleName",
                                                  "name": "",
                                                  "line": 45,
                                                  "column": 49,
                                                  "endLine": 45,
                                                  "endColumn": 66
                                                }
                                              ]
                                            }
                                          ]
                                        }
                                      ]
                                    }
                                  ]
                                },
                                {
                                  "type": "ReturnStmt",
                                  "name": "return",
                                  "line": 46,
                                  "column": 13,
                                  "endLine": 46,
                                  "endColumn": 19,
                                  "attrs": {
                                    "expr": ""
                                  }
                                }
                              ]
                            }
                          ]
                        },
                        {
                          "type": "ExpressionStmt",
                          "name": "",
                          "line": 49,
                          "column": 9,
                          "endLine": 49,
                          "endColumn": 76,
                          "attrs": {
                            "code": "backtrack(sequence, currentSubsequence, index + 1, allSubSequences)"
                          },
                          "children": [
                            {
                              "type": "MethodCallExpr",
                              "name": "backtrack",
                              "line": 49,
                              "column": 9,
                              "endLine": 49,
                              "endColumn": 75,
                              "attrs": {
                                "args": "[sequence, currentSubsequence, index + 1, allSubSequences]",
                                "code": "backtrack(sequence, currentSubsequence, index + 1, allSubSequences)"
                              },
                              "children": [
                                {
                                  "type": "SimpleName",
                                  "name": "",
                                  "line": 49,
                                  "column": 9,
                                  "endLine": 49,
                                  "endColumn": 17
                                },
                                {
                                  "type": "NameExpr",
                                  "name": "sequence",
                                  "line": 49,
                                  "column": 19,
                                  "endLine": 49,
                                  "endColumn": 26,
                                  "children": [
                                    {
                                      "type": "SimpleName",
                                      "name": "",
                                      "line": 49,
                                      "column": 19,
                                      "endLine": 49,
                                      "endColumn": 26
                                    }
                                  ]
                                },
                                {
                                  "type": "NameExpr",
                                  "name": "currentSubsequence",
                                  "line": 49,
                                  "column": 29,
                                  "endLine": 49,
                                  "endColumn": 46,
                                  "children": [
                                    {
                                      "type": "SimpleName",
                                      "name": "",
                                      "line": 49,
                                      "column": 29,
                                      "endLine": 49,
                                      "endColumn": 46
                                    }
                                  ]
                                },
                                {
                                  "type": "BinaryExpr",
                                  "name": "",
                                  "line": 49,
                                  "column": 49,
                                  "endLine": 49,
                                  "endColumn": 57,
                                  "children": [
                                    {
                                      "type": "NameExpr",
                                      "name": "index",
                                      "line": 49,
                                      "column": 49,
                                      "endLine": 49,
                                      "endColumn": 53,
                                      "children": [
                                        {
                                          "type": "SimpleName",
                                          "name": "",
                                          "line": 49,
                                          "column": 49,
                                          "endLine": 49,
                                          "endColumn": 53
                                        }
                                      ]
                                    },
                                    {
                                      "type": "IntegerLiteralExpr",
                                      "name": "",
                                      "line": 49,
                                      "column": 57,
                                      "endLine": 49,
                                      "endColumn": 57
                                    }
                                  ]
                                },
                                {
                                  "type": "NameExpr",
                                  "name": "allSubSequences",
                                  "line": 49,
                                  "column": 60,
                                  "endLine": 49,
                                  "endColumn": 74,
                                  "children": [
                                    {
                                      "type": "SimpleName",
                                      "name": "",
                                      "line": 49,
                                      "column": 60,
                                      "endLine": 49,
                                      "endColumn": 74
                                    }
                                  ]
                                }
                              ]
                            }
                          ]
                        },
                        {
                          "type": "ExpressionStmt",
                          "name": "",
                          "line": 50,
                          "column": 9,
                          "endLine": 50,
                          "endColumn": 52,
                          "attrs": {
                            "code": "currentSubsequence.add(sequence.get(index))"
                          },
                          "children": [
                            {
                              "type": "MethodCallExpr",
                              "name": "add",
                              "line": 50,
                              "column": 9,
                              "endLine": 50,
                              "endColumn": 51,
                              "attrs": {
                                "args": "[sequence.get(index)]",
                                "code": "currentSubsequence.add(sequence.get(index))"
                              },
                              "children": [
                                {
                                  "type": "NameExpr",
                                  "name": "currentSubsequence",
                                  "line": 50,
                                  "column": 9,
                                  "endLine": 50,
                                  "endColumn": 26,
                                  "children": [
                                    {
                                      "type": "SimpleName",
                                      "name": "",
                                      "line": 50,
                                      "column": 9,
                                      "endLine": 50,
                                      "endColumn": 26
                                    }
                                  ]
                                },
                                {
                                  "type": "SimpleName",
                                  "name": "",
                                  "line": 50,
                                  "column": 28,
                                  "endLine": 50,
                                  "endColumn": 30
                                },
                                {
                                  "type": "MethodCallExpr",
                                  "name": "get",
                                  "line": 50,
                                  "column": 32,
                                  "endLine": 50,
                                  "endColumn": 50,
                                  "attrs": {
                                    "args": "[index]",
                                    "code": "sequence.get(index)"
                                  },
                                  "children": [
                                    {
                                      "type": "NameExpr",
                                      "name": "sequence",
                                      "line": 50,
                                      "column": 32,
                                      "endLine": 50,
                                      "endColumn": 39,
                                      "children": [
                                        {
                                          "type": "SimpleName",
                                          "name": "",
                                          "line": 50,
                                          "column": 32,
                                          "endLine": 50,
                                          "endColumn": 39
                                        }
                                      ]
                                    },
                                    {
                                      "type": "SimpleName",
                                      "name": "",
                                      "line": 50,
                                      "column": 41,
                                      "endLine": 50,
                                      "endColumn": 43
                                    },
                                    {
                                      "type": "NameExpr",
                                      "name": "index",
                                      "line": 50,
                                      "column": 45,
                                      "endLine": 50,
                                      "endColumn": 49,
                                      "children": [
                                        {
                                          "type": "SimpleName",
                                          "name": "",
                                          "line": 50,
                                          "column": 45,
                                          "endLine": 50,
                                          "endColumn": 49
                                        }
                                      ]
                                    }
                                  ]
                                }
                              ]
                            }
                          ]
                        },
                        {
                          "type": "ExpressionStmt",
                          "name": "",
                          "line": 51,
                          "column": 9,
                          "endLine": 51,
                          "endColumn": 76,
                          "attrs": {
                            "code": "backtrack(sequence, currentSubsequence, index + 1, allSubSequences)"
                          },
                          "children": [
                            {
                              "type": "MethodCallExpr",
                              "name": "backtrack",
                              "line": 51,
                              "column": 9,
                              "endLine": 51,
                              "endColumn": 75,
                              "attrs": {
                                "args": "[sequence, currentSubsequence, index + 1, allSubSequences]",
                                "code": "backtrack(sequence, currentSubsequence, index + 1, allSubSequences)"
                              },
                              "children": [
                                {
                                  "type": "SimpleName",
                                  "name": "",
                                  "line": 51,
                                  "column": 9,
                                  "endLine": 51,
                                  "endColumn": 17
                                },
                                {
                                  "type": "NameExpr",
                                  "name": "sequence",
                                  "line": 51,
                                  "column": 19,
                                  "endLine": 51,
                                  "endColumn": 26,
                                  "children": [
                                    {
                                      "type": "SimpleName",
                                      "name": "",
                                      "line": 51,
                                      "column": 19,
                                      "endLine": 51,
                                      "endColumn": 26
                                    }
                                  ]
                                },
                                {
                                  "type": "NameExpr",
                                  "name": "currentSubsequence",
                                  "line": 51,
                                  "column": 29,
                                  "endLine": 51,
                                  "endColumn": 46,
                                  "children": [
                                    {
                                      "type": "SimpleName",
                                      "name": "",
                                      "line": 51,
                                      "column": 29,
                                      "endLine": 51,
                                      "endColumn": 46
                                    }
                                  ]
                                },
                                {
                                  "type": "BinaryExpr",
                                  "name": "",
                                  "line": 51,
                                  "column": 49,
                                  "endLine": 51,
                                  "endColumn": 57,
                                  "children": [
                                    {
                                      "type": "NameExpr",
                                      "name": "index",
                                      "line": 51,
                                      "column": 49,
                                      "endLine": 51,
                                      "endColumn": 53,
                                      "children": [
                                        {
                                          "type": "SimpleName",
                                          "name": "",
                                          "line": 51,
                                          "column": 49,
                                          "endLine": 51,
                                          "endColumn": 53
                                        }
                                      ]
                                    },
                                    {
                                      "type": "IntegerLiteralExpr",
                                      "name": "",
                                      "line": 51,
                                      "column": 57,
                                      "endLine": 51,
                                      "endColumn": 57
                                    }
                                  ]
                                },
                                {
                                  "type": "NameExpr",
                                  "name": "allSubSequences",
                                  "line": 51,
                                  "column": 60,
                                  "endLine": 51,
                                  "endColumn": 74,
                                  "children": [
                                    {
                                      "type": "SimpleName",
                                      "name": "",
                                      "line": 51,
                                      "column": 60,
                                      "endLine": 51,
                                      "endColumn": 74
                                    }
                                  ]
                                }
                              ]
                            }
                          ]
                        },
                        {
                          "type": "ExpressionStmt",
                          "name": "",
                          "line": 52,
                          "column": 9,
                          "endLine": 52,
                          "endColumn": 40,
                          "attrs": {
                            "code": "currentSubsequence.removeLast()"
                          },
                          "children": [
                            {
                              "type": "MethodCallExpr",
                              "name": "removeLast",
                              "line": 52,
                              "column": 9,
                              "endLine": 52,
                              "endColumn": 39,
                              "attrs": {
                                "args": "[]",
                                "code": "currentSubsequence.removeLast()"
                              },
                              "children": [
                                {
                                  "type": "NameExpr",
                                  "name": "currentSubsequence",
                                  "line": 52,
                                  "column": 9,
                                  "endLine": 52,
                                  "endColumn": 26,
                                  "children": [
                                    {
                                      "type": "SimpleName",
                                      "name": "",
                                      "line": 52,
                                      "column": 9,
                                      "endLine": 52,
                                      "endColumn": 26
                                    }
                                  ]
                                },
                                {
                                  "type": "SimpleName",
                                  "name": "",
                                  "line": 52,
                                  "column": 28,
                                  "endLine": 52,
                                  "endColumn": 37
                                }
                              ]
                            }
                          ]
                        }
                      ]
                    }
                  ]
                }
              ]
            }
          ]
        }
      ]
    }
  ]
}