{
  "type": "Project",
  "name": "Project",
  "children": [
    {
      "type": "File",
      "name": "MatrixSearchAlgorithm.java",
      "value": "D:\\py-java-transform\\java to py\\java-to-python_user\\java-to-python-main\\java to python-result\\198\\MatrixSearchAlgorithm.java",
      "children": [
        {
          "type": "CompilationUnit",
          "name": "",
          "line": 1,
          "column": 1,
          "endLine": 16,
          "endColumn": 2,
          "children": [
            {
              "type": "PackageDeclaration",
              "name": "com.thealgorithms.devutils.searches",
              "line": 1,
              "column": 1,
              "endLine": 1,
              "endColumn": 44,
              "attrs": {
                "name": "com.thealgorithms.devutils.searches"
              },
              "children": [
                {
                  "type": "Name",
                  "name": "",
                  "line": 1,
                  "column": 9,
                  "endLine": 1,
                  "endColumn": 43,
                  "children": [
                    {
                      "type": "Name",
                      "name": "",
                      "line": 1,
                      "column": 9,
                      "endLine": 1,
                      "endColumn": 34,
                      "children": [
                        {
                          "type": "Name",
                          "name": "",
                          "line": 1,
                          "column": 9,
                          "endLine": 1,
                          "endColumn": 25,
                          "children": [
                            {
                              "type": "Name",
                              "name": "",
                              "line": 1,
                              "column": 9,
                              "endLine": 1,
                              "endColumn": 11
                            }
                          ]
                        }
                      ]
                    }
                  ]
                }
              ]
            },
            {
              "type": "ClassOrInterfaceDeclaration",
              "name": "MatrixSearchAlgorithm",
              "line": 8,
              "column": 1,
              "endLine": 16,
              "endColumn": 1,
              "value": "interface",
              "attrs": {
                "modifiers": "[public ]",
                "typeParams": "[]",
                "extends": "[]",
                "implements": "[]",
                "annotations": "[]"
              },
              "children": [
                {
                  "type": "Javadoc",
                  "name": "",
                  "line": 3,
                  "column": 1,
                  "endLine": 7,
                  "endColumn": 3,
                  "value": "\n * The common interface of most searching algorithms that search in matrixes.\n *\n * @author Aitor Fidalgo (https://github.com/aitorfi)\n "
                },
                {
                  "type": "Modifier",
                  "name": "",
                  "line": 8,
                  "column": 1,
                  "endLine": 8,
                  "endColumn": 6
                },
                {
                  "type": "SimpleName",
                  "name": "",
                  "line": 8,
                  "column": 18,
                  "endLine": 8,
                  "endColumn": 38
                },
                {
                  "type": "MethodDeclaration",
                  "name": "find",
                  "line": 15,
                  "column": 5,
                  "endLine": 15,
                  "endColumn": 62,
                  "value": "int[]",
                  "attrs": {
                    "modifiers": "[]",
                    "typeParams": "[T extends Comparable<T>]",
                    "throws": "[]",
                    "annotations": "[]",
                    "type": "int[]",
                    "params": "[T[][] matrix, T key]"
                  },
                  "children": [
                    {
                      "type": "Javadoc",
                      "name": "",
                      "line": 9,
                      "column": 5,
                      "endLine": 14,
                      "endColumn": 7,
                      "value": "\n     * @param key is an element which should be found\n     * @param matrix is a matrix where the element should be found\n     * @param <T> Comparable type\n     * @return array containing the first found coordinates of the element\n     "
                    },
                    {
                      "type": "TypeParameter",
                      "name": "T",
                      "line": 15,
                      "column": 6,
                      "endLine": 15,
                      "endColumn": 28,
                      "children": [
                        {
                          "type": "SimpleName",
                          "name": "",
                          "line": 15,
                          "column": 6,
                          "endLine": 15,
                          "endColumn": 6
                        },
                        {
                          "type": "ClassOrInterfaceType",
                          "name": "Comparable",
                          "line": 15,
                          "column": 16,
                          "endLine": 15,
                          "endColumn": 28,
                          "attrs": {
                            "typeArgs": "[T]"
                          },
                          "children": [
                            {
                              "type": "SimpleName",
                              "name": "",
                              "line": 15,
                              "column": 16,
                              "endLine": 15,
                              "endColumn": 25
                            },
                            {
                              "type": "ClassOrInterfaceType",
                              "name": "T",
                              "line": 15,
                              "column": 27,
                              "endLine": 15,
                              "endColumn": 27,
                              "children": [
                                {
                                  "type": "SimpleName",
                                  "name": "",
                                  "line": 15,
                                  "column": 27,
                                  "endLine": 15,
                                  "endColumn": 27
                                }
                              ]
                            }
                          ]
                        }
                      ]
                    },
                    {
                      "type": "SimpleName",
                      "name": "",
                      "line": 15,
                      "column": 37,
                      "endLine": 15,
                      "endColumn": 40
                    },
                    {
                      "type": "Parameter",
                      "name": "matrix",
                      "line": 15,
                      "column": 42,
                      "endLine": 15,
                      "endColumn": 53,
                      "attrs": {
                        "modifiers": "[]",
                        "type": "T[][]",
                        "isVarArgs": "false",
                        "annotations": "[]"
                      },
                      "children": [
                        {
                          "type": "ArrayType",
                          "name": "",
                          "line": 15,
                          "column": 42,
                          "endLine": 15,
                          "endColumn": 46,
                          "children": [
                            {
                              "type": "ArrayType",
                              "name": "",
                              "line": 15,
                              "column": 42,
                              "endLine": 15,
                              "endColumn": 46,
                              "children": [
                                {
                                  "type": "ClassOrInterfaceType",
                                  "name": "T",
                                  "line": 15,
                                  "column": 42,
                                  "endLine": 15,
                                  "endColumn": 42,
                                  "children": [
                                    {
                                      "type": "SimpleName",
                                      "name": "",
                                      "line": 15,
                                      "column": 42,
                                      "endLine": 15,
                                      "endColumn": 42
                                    }
                                  ]
                                }
                              ]
                            }
                          ]
                        },
                        {
                          "type": "SimpleName",
                          "name": "",
                          "line": 15,
                          "column": 48,
                          "endLine": 15,
                          "endColumn": 53
                        }
                      ]
                    },
                    {
                      "type": "Parameter",
                      "name": "key",
                      "line": 15,
                      "column": 56,
                      "endLine": 15,
                      "endColumn": 60,
                      "attrs": {
                        "modifiers": "[]",
                        "type": "T",
                        "isVarArgs": "false",
                        "annotations": "[]"
                      },
                      "children": [
                        {
                          "type": "ClassOrInterfaceType",
                          "name": "T",
                          "line": 15,
                          "column": 56,
                          "endLine": 15,
                          "endColumn": 56,
                          "children": [
                            {
                              "type": "SimpleName",
                              "name": "",
                              "line": 15,
                              "column": 56,
                              "endLine": 15,
                              "endColumn": 56
                            }
                          ]
                        },
                        {
                          "type": "SimpleName",
                          "name": "",
                          "line": 15,
                          "column": 58,
                          "endLine": 15,
                          "endColumn": 60
                        }
                      ]
                    },
                    {
                      "type": "ArrayType",
                      "name": "",
                      "line": 15,
                      "column": 31,
                      "endLine": 15,
                      "endColumn": 35,
                      "children": [
                        {
                          "type": "PrimitiveType",
                          "name": "",
                          "line": 15,
                          "column": 31,
                          "endLine": 15,
                          "endColumn": 33
                        }
                      ]
                    }
                  ]
                }
              ]
            }
          ]
        }
      ]
    }
  ]
}