{
  "type": "Project",
  "name": "Project",
  "children": [
    {
      "type": "File",
      "name": "Intersection.java",
      "value": "D:\\py-java-transform\\java to py\\java-to-python-main\\java-to-python-main\\src\\com\\example\\example\\java\\com\\thealgorithms\\datastructures\\hashmap\\hashing\\Intersection\\Intersection.java",
      "children": [
        {
          "type": "CompilationUnit",
          "name": "",
          "line": 1,
          "column": 1,
          "endLine": 73,
          "endColumn": 2,
          "children": [
            {
              "type": "PackageDeclaration",
              "name": "com.thealgorithms.datastructures.hashmap.hashing",
              "line": 1,
              "column": 1,
              "endLine": 1,
              "endColumn": 57,
              "attrs": {
                "name": "com.thealgorithms.datastructures.hashmap.hashing"
              },
              "children": [
                {
                  "type": "Name",
                  "name": "",
                  "line": 1,
                  "column": 9,
                  "endLine": 1,
                  "endColumn": 56,
                  "children": [
                    {
                      "type": "Name",
                      "name": "",
                      "line": 1,
                      "column": 9,
                      "endLine": 1,
                      "endColumn": 48,
                      "children": [
                        {
                          "type": "Name",
                          "name": "",
                          "line": 1,
                          "column": 9,
                          "endLine": 1,
                          "endColumn": 40,
                          "children": [
                            {
                              "type": "Name",
                              "name": "",
                              "line": 1,
                              "column": 9,
                              "endLine": 1,
                              "endColumn": 25,
                              "children": [
                                {
                                  "type": "Name",
                                  "name": "",
                                  "line": 1,
                                  "column": 9,
                                  "endLine": 1,
                                  "endColumn": 11
                                }
                              ]
                            }
                          ]
                        }
                      ]
                    }
                  ]
                }
              ]
            },
            {
              "type": "ImportDeclaration",
              "name": "java.util.ArrayList",
              "line": 3,
              "column": 1,
              "endLine": 3,
              "endColumn": 27,
              "attrs": {
                "name": "java.util.ArrayList",
                "isStatic": "false",
                "isAsterisk": "false"
              },
              "children": [
                {
                  "type": "Name",
                  "name": "",
                  "line": 3,
                  "column": 8,
                  "endLine": 3,
                  "endColumn": 26,
                  "children": [
                    {
                      "type": "Name",
                      "name": "",
                      "line": 3,
                      "column": 8,
                      "endLine": 3,
                      "endColumn": 16,
                      "children": [
                        {
                          "type": "Name",
                          "name": "",
                          "line": 3,
                          "column": 8,
                          "endLine": 3,
                          "endColumn": 11
                        }
                      ]
                    }
                  ]
                }
              ]
            },
            {
              "type": "ImportDeclaration",
              "name": "java.util.Collections",
              "line": 4,
              "column": 1,
              "endLine": 4,
              "endColumn": 29,
              "attrs": {
                "name": "java.util.Collections",
                "isStatic": "false",
                "isAsterisk": "false"
              },
              "children": [
                {
                  "type": "Name",
                  "name": "",
                  "line": 4,
                  "column": 8,
                  "endLine": 4,
                  "endColumn": 28,
                  "children": [
                    {
                      "type": "Name",
                      "name": "",
                      "line": 4,
                      "column": 8,
                      "endLine": 4,
                      "endColumn": 16,
                      "children": [
                        {
                          "type": "Name",
                          "name": "",
                          "line": 4,
                          "column": 8,
                          "endLine": 4,
                          "endColumn": 11
                        }
                      ]
                    }
                  ]
                }
              ]
            },
            {
              "type": "ImportDeclaration",
              "name": "java.util.HashMap",
              "line": 5,
              "column": 1,
              "endLine": 5,
              "endColumn": 25,
              "attrs": {
                "name": "java.util.HashMap",
                "isStatic": "false",
                "isAsterisk": "false"
              },
              "children": [
                {
                  "type": "Name",
                  "name": "",
                  "line": 5,
                  "column": 8,
                  "endLine": 5,
                  "endColumn": 24,
                  "children": [
                    {
                      "type": "Name",
                      "name": "",
                      "line": 5,
                      "column": 8,
                      "endLine": 5,
                      "endColumn": 16,
                      "children": [
                        {
                          "type": "Name",
                          "name": "",
                          "line": 5,
                          "column": 8,
                          "endLine": 5,
                          "endColumn": 11
                        }
                      ]
                    }
                  ]
                }
              ]
            },
            {
              "type": "ImportDeclaration",
              "name": "java.util.List",
              "line": 6,
              "column": 1,
              "endLine": 6,
              "endColumn": 22,
              "attrs": {
                "name": "java.util.List",
                "isStatic": "false",
                "isAsterisk": "false"
              },
              "children": [
                {
                  "type": "Name",
                  "name": "",
                  "line": 6,
                  "column": 8,
                  "endLine": 6,
                  "endColumn": 21,
                  "children": [
                    {
                      "type": "Name",
                      "name": "",
                      "line": 6,
                      "column": 8,
                      "endLine": 6,
                      "endColumn": 16,
                      "children": [
                        {
                          "type": "Name",
                          "name": "",
                          "line": 6,
                          "column": 8,
                          "endLine": 6,
                          "endColumn": 11
                        }
                      ]
                    }
                  ]
                }
              ]
            },
            {
              "type": "ImportDeclaration",
              "name": "java.util.Map",
              "line": 7,
              "column": 1,
              "endLine": 7,
              "endColumn": 21,
              "attrs": {
                "name": "java.util.Map",
                "isStatic": "false",
                "isAsterisk": "false"
              },
              "children": [
                {
                  "type": "Name",
                  "name": "",
                  "line": 7,
                  "column": 8,
                  "endLine": 7,
                  "endColumn": 20,
                  "children": [
                    {
                      "type": "Name",
                      "name": "",
                      "line": 7,
                      "column": 8,
                      "endLine": 7,
                      "endColumn": 16,
                      "children": [
                        {
                          "type": "Name",
                          "name": "",
                          "line": 7,
                          "column": 8,
                          "endLine": 7,
                          "endColumn": 11
                        }
                      ]
                    }
                  ]
                }
              ]
            },
            {
              "type": "ClassOrInterfaceDeclaration",
              "name": "Intersection",
              "line": 34,
              "column": 1,
              "endLine": 73,
              "endColumn": 1,
              "value": "class",
              "attrs": {
                "modifiers": "[public , final ]",
                "typeParams": "[]",
                "extends": "[]",
                "implements": "[]",
                "annotations": "[]"
              },
              "children": [
                {
                  "type": "Javadoc",
                  "name": "",
                  "line": 9,
                  "column": 1,
                  "endLine": 33,
                  "endColumn": 3,
                  "value": "\n * The {@code Intersection} class provides a method to compute the intersection of two integer arrays.\n * <p>\n * This intersection includes duplicate values — meaning elements are included in the result\n * as many times as they appear in both arrays (i.e., multiset intersection).\n * </p>\n *\n * <p>\n * The algorithm uses a {@link java.util.HashMap} to count occurrences of elements in the first array,\n * then iterates through the second array to collect common elements based on these counts.\n * </p>\n *\n * <p>\n * Example usage:\n * <pre>{@code\n * int[] array1 = {1, 2, 2, 1};\n * int[] array2 = {2, 2};\n * List<Integer> result = Intersection.intersection(array1, array2); // result: [2, 2]\n * }</pre>\n * </p>\n *\n * <p>\n * Note: The order of elements in the returned list depends on the order in the second input array.\n * </p>\n "
                },
                {
                  "type": "Modifier",
                  "name": "",
                  "line": 34,
                  "column": 1,
                  "endLine": 34,
                  "endColumn": 6
                },
                {
                  "type": "Modifier",
                  "name": "",
                  "line": 34,
                  "column": 8,
                  "endLine": 34,
                  "endColumn": 12
                },
                {
                  "type": "SimpleName",
                  "name": "",
                  "line": 34,
                  "column": 20,
                  "endLine": 34,
                  "endColumn": 31
                },
                {
                  "type": "ConstructorDeclaration",
                  "name": "Intersection",
                  "line": 36,
                  "column": 5,
                  "endLine": 38,
                  "endColumn": 5,
                  "attrs": {
                    "modifiers": "[private ]",
                    "throws": "[]",
                    "annotations": "[]",
                    "params": "[]"
                  },
                  "children": [
                    {
                      "type": "Modifier",
                      "name": "",
                      "line": 36,
                      "column": 5,
                      "endLine": 36,
                      "endColumn": 11
                    },
                    {
                      "type": "SimpleName",
                      "name": "",
                      "line": 36,
                      "column": 13,
                      "endLine": 36,
                      "endColumn": 24
                    },
                    {
                      "type": "BlockStmt",
                      "name": "",
                      "line": 36,
                      "column": 28,
                      "endLine": 38,
                      "endColumn": 5,
                      "children": [
                        {
                          "type": "LineComment",
                          "name": "",
                          "line": 37,
                          "column": 9,
                          "endLine": 37,
                          "endColumn": 47
                        }
                      ]
                    }
                  ]
                },
                {
                  "type": "MethodDeclaration",
                  "name": "intersection",
                  "line": 53,
                  "column": 5,
                  "endLine": 72,
                  "endColumn": 5,
                  "value": "List<Integer>",
                  "attrs": {
                    "modifiers": "[public , static ]",
                    "typeParams": "[]",
                    "throws": "[]",
                    "annotations": "[]",
                    "type": "List<Integer>",
                    "params": "[int[] arr1, int[] arr2]"
                  },
                  "children": [
                    {
                      "type": "Javadoc",
                      "name": "",
                      "line": 40,
                      "column": 5,
                      "endLine": 52,
                      "endColumn": 7,
                      "value": "\n     * Computes the intersection of two integer arrays, preserving element frequency.\n     * For example, given [1,2,2,3] and [2,2,4], the result will be [2,2].\n     *\n     * Steps:\n     * 1. Count the occurrences of each element in the first array using a map.\n     * 2. Iterate over the second array and collect common elements.\n     *\n     * @param arr1 the first array of integers\n     * @param arr2 the second array of integers\n     * @return a list containing the intersection of the two arrays (with duplicates),\n     *         or an empty list if either array is null or empty\n     "
                    },
                    {
                      "type": "Modifier",
                      "name": "",
                      "line": 53,
                      "column": 5,
                      "endLine": 53,
                      "endColumn": 10
                    },
                    {
                      "type": "Modifier",
                      "name": "",
                      "line": 53,
                      "column": 12,
                      "endLine": 53,
                      "endColumn": 17
                    },
                    {
                      "type": "SimpleName",
                      "name": "",
                      "line": 53,
                      "column": 33,
                      "endLine": 53,
                      "endColumn": 44
                    },
                    {
                      "type": "Parameter",
                      "name": "arr1",
                      "line": 53,
                      "column": 46,
                      "endLine": 53,
                      "endColumn": 55,
                      "attrs": {
                        "modifiers": "[]",
                        "type": "int[]",
                        "isVarArgs": "false",
                        "annotations": "[]"
                      },
                      "children": [
                        {
                          "type": "ArrayType",
                          "name": "",
                          "line": 53,
                          "column": 46,
                          "endLine": 53,
                          "endColumn": 50,
                          "children": [
                            {
                              "type": "PrimitiveType",
                              "name": "",
                              "line": 53,
                              "column": 46,
                              "endLine": 53,
                              "endColumn": 48
                            }
                          ]
                        },
                        {
                          "type": "SimpleName",
                          "name": "",
                          "line": 53,
                          "column": 52,
                          "endLine": 53,
                          "endColumn": 55
                        }
                      ]
                    },
                    {
                      "type": "Parameter",
                      "name": "arr2",
                      "line": 53,
                      "column": 58,
                      "endLine": 53,
                      "endColumn": 67,
                      "attrs": {
                        "modifiers": "[]",
                        "type": "int[]",
                        "isVarArgs": "false",
                        "annotations": "[]"
                      },
                      "children": [
                        {
                          "type": "ArrayType",
                          "name": "",
                          "line": 53,
                          "column": 58,
                          "endLine": 53,
                          "endColumn": 62,
                          "children": [
                            {
                              "type": "PrimitiveType",
                              "name": "",
                              "line": 53,
                              "column": 58,
                              "endLine": 53,
                              "endColumn": 60
                            }
                          ]
                        },
                        {
                          "type": "SimpleName",
                          "name": "",
                          "line": 53,
                          "column": 64,
                          "endLine": 53,
                          "endColumn": 67
                        }
                      ]
                    },
                    {
                      "type": "ClassOrInterfaceType",
                      "name": "List",
                      "line": 53,
                      "column": 19,
                      "endLine": 53,
                      "endColumn": 31,
                      "attrs": {
                        "typeArgs": "[Integer]"
                      },
                      "children": [
                        {
                          "type": "SimpleName",
                          "name": "",
                          "line": 53,
                          "column": 19,
                          "endLine": 53,
                          "endColumn": 22
                        },
                        {
                          "type": "ClassOrInterfaceType",
                          "name": "Integer",
                          "line": 53,
                          "column": 24,
                          "endLine": 53,
                          "endColumn": 30,
                          "children": [
                            {
                              "type": "SimpleName",
                              "name": "",
                              "line": 53,
                              "column": 24,
                              "endLine": 53,
                              "endColumn": 30
                            }
                          ]
                        }
                      ]
                    },
                    {
                      "type": "BlockStmt",
                      "name": "",
                      "line": 53,
                      "column": 70,
                      "endLine": 72,
                      "endColumn": 5,
                      "children": [
                        {
                          "type": "IfStmt",
                          "name": "if(arr1 == null || arr2 == null || arr1.length == 0 || arr2....)",
                          "line": 54,
                          "column": 9,
                          "endLine": 56,
                          "endColumn": 9,
                          "attrs": {
                            "condition": "arr1 == null || arr2 == null || arr1.length == 0 || arr2.length == 0"
                          },
                          "children": [
                            {
                              "type": "BinaryExpr",
                              "name": "",
                              "line": 54,
                              "column": 13,
                              "endLine": 54,
                              "endColumn": 80,
                              "children": [
                                {
                                  "type": "BinaryExpr",
                                  "name": "",
                                  "line": 54,
                                  "column": 13,
                                  "endLine": 54,
                                  "endColumn": 60,
                                  "children": [
                                    {
                                      "type": "BinaryExpr",
                                      "name": "",
                                      "line": 54,
                                      "column": 13,
                                      "endLine": 54,
                                      "endColumn": 40,
                                      "children": [
                                        {
                                          "type": "BinaryExpr",
                                          "name": "",
                                          "line": 54,
                                          "column": 13,
                                          "endLine": 54,
                                          "endColumn": 24,
                                          "children": [
                                            {
                                              "type": "NameExpr",
                                              "name": "arr1",
                                              "line": 54,
                                              "column": 13,
                                              "endLine": 54,
                                              "endColumn": 16,
                                              "children": [
                                                {
                                                  "type": "SimpleName",
                                                  "name": "",
                                                  "line": 54,
                                                  "column": 13,
                                                  "endLine": 54,
                                                  "endColumn": 16
                                                }
                                              ]
                                            },
                                            {
                                              "type": "NullLiteralExpr",
                                              "name": "",
                                              "line": 54,
                                              "column": 21,
                                              "endLine": 54,
                                              "endColumn": 24
                                            }
                                          ]
                                        },
                                        {
                                          "type": "BinaryExpr",
                                          "name": "",
                                          "line": 54,
                                          "column": 29,
                                          "endLine": 54,
                                          "endColumn": 40,
                                          "children": [
                                            {
                                              "type": "NameExpr",
                                              "name": "arr2",
                                              "line": 54,
                                              "column": 29,
                                              "endLine": 54,
                                              "endColumn": 32,
                                              "children": [
                                                {
                                                  "type": "SimpleName",
                                                  "name": "",
                                                  "line": 54,
                                                  "column": 29,
                                                  "endLine": 54,
                                                  "endColumn": 32
                                                }
                                              ]
                                            },
                                            {
                                              "type": "NullLiteralExpr",
                                              "name": "",
                                              "line": 54,
                                              "column": 37,
                                              "endLine": 54,
                                              "endColumn": 40
                                            }
                                          ]
                                        }
                                      ]
                                    },
                                    {
                                      "type": "BinaryExpr",
                                      "name": "",
                                      "line": 54,
                                      "column": 45,
                                      "endLine": 54,
                                      "endColumn": 60,
                                      "children": [
                                        {
                                          "type": "FieldAccessExpr",
                                          "name": "length",
                                          "line": 54,
                                          "column": 45,
                                          "endLine": 54,
                                          "endColumn": 55,
                                          "children": [
                                            {
                                              "type": "NameExpr",
                                              "name": "arr1",
                                              "line": 54,
                                              "column": 45,
                                              "endLine": 54,
                                              "endColumn": 48,
                                              "children": [
                                                {
                                                  "type": "SimpleName",
                                                  "name": "",
                                                  "line": 54,
                                                  "column": 45,
                                                  "endLine": 54,
                                                  "endColumn": 48
                                                }
                                              ]
                                            },
                                            {
                                              "type": "SimpleName",
                                              "name": "",
                                              "line": 54,
                                              "column": 50,
                                              "endLine": 54,
                                              "endColumn": 55
                                            }
                                          ]
                                        },
                                        {
                                          "type": "IntegerLiteralExpr",
                                          "name": "",
                                          "line": 54,
                                          "column": 60,
                                          "endLine": 54,
                                          "endColumn": 60
                                        }
                                      ]
                                    }
                                  ]
                                },
                                {
                                  "type": "BinaryExpr",
                                  "name": "",
                                  "line": 54,
                                  "column": 65,
                                  "endLine": 54,
                                  "endColumn": 80,
                                  "children": [
                                    {
                                      "type": "FieldAccessExpr",
                                      "name": "length",
                                      "line": 54,
                                      "column": 65,
                                      "endLine": 54,
                                      "endColumn": 75,
                                      "children": [
                                        {
                                          "type": "NameExpr",
                                          "name": "arr2",
                                          "line": 54,
                                          "column": 65,
                                          "endLine": 54,
                                          "endColumn": 68,
                                          "children": [
                                            {
                                              "type": "SimpleName",
                                              "name": "",
                                              "line": 54,
                                              "column": 65,
                                              "endLine": 54,
                                              "endColumn": 68
                                            }
                                          ]
                                        },
                                        {
                                          "type": "SimpleName",
                                          "name": "",
                                          "line": 54,
                                          "column": 70,
                                          "endLine": 54,
                                          "endColumn": 75
                                        }
                                      ]
                                    },
                                    {
                                      "type": "IntegerLiteralExpr",
                                      "name": "",
                                      "line": 54,
                                      "column": 80,
                                      "endLine": 54,
                                      "endColumn": 80
                                    }
                                  ]
                                }
                              ]
                            },
                            {
                              "type": "BlockStmt",
                              "name": "",
                              "line": 54,
                              "column": 83,
                              "endLine": 56,
                              "endColumn": 9,
                              "children": [
                                {
                                  "type": "ReturnStmt",
                                  "name": "return",
                                  "line": 55,
                                  "column": 13,
                                  "endLine": 55,
                                  "endColumn": 43,
                                  "attrs": {
                                    "expr": "Collections.emptyList()"
                                  },
                                  "children": [
                                    {
                                      "type": "MethodCallExpr",
                                      "name": "emptyList",
                                      "line": 55,
                                      "column": 20,
                                      "endLine": 55,
                                      "endColumn": 42,
                                      "attrs": {
                                        "args": "[]",
                                        "code": "Collections.emptyList()"
                                      },
                                      "children": [
                                        {
                                          "type": "NameExpr",
                                          "name": "Collections",
                                          "line": 55,
                                          "column": 20,
                                          "endLine": 55,
                                          "endColumn": 30,
                                          "children": [
                                            {
                                              "type": "SimpleName",
                                              "name": "",
                                              "line": 55,
                                              "column": 20,
                                              "endLine": 55,
                                              "endColumn": 30
                                            }
                                          ]
                                        },
                                        {
                                          "type": "SimpleName",
                                          "name": "",
                                          "line": 55,
                                          "column": 32,
                                          "endLine": 55,
                                          "endColumn": 40
                                        }
                                      ]
                                    }
                                  ]
                                }
                              ]
                            }
                          ]
                        },
                        {
                          "type": "ExpressionStmt",
                          "name": "",
                          "line": 58,
                          "column": 9,
                          "endLine": 58,
                          "endColumn": 57,
                          "attrs": {
                            "code": "Map<Integer, Integer> countMap = new HashMap<>()"
                          },
                          "children": [
                            {
                              "type": "VariableDeclarationExpr",
                              "name": "",
                              "line": 58,
                              "column": 9,
                              "endLine": 58,
                              "endColumn": 56,
                              "attrs": {
                                "modifiers": "[]",
                                "code": "Map<Integer, Integer> countMap = new HashMap<>()"
                              },
                              "children": [
                                {
                                  "type": "VariableDeclarator",
                                  "name": "countMap",
                                  "line": 58,
                                  "column": 31,
                                  "endLine": 58,
                                  "endColumn": 56,
                                  "value": "Map<Integer,Integer>",
                                  "attrs": {
                                    "initializer": "new HashMap<>()",
                                    "type": "Map<Integer, Integer>"
                                  },
                                  "children": [
                                    {
                                      "type": "ClassOrInterfaceType",
                                      "name": "Map",
                                      "line": 58,
                                      "column": 9,
                                      "endLine": 58,
                                      "endColumn": 29,
                                      "attrs": {
                                        "typeArgs": "[Integer, Integer]"
                                      },
                                      "children": [
                                        {
                                          "type": "SimpleName",
                                          "name": "",
                                          "line": 58,
                                          "column": 9,
                                          "endLine": 58,
                                          "endColumn": 11
                                        },
                                        {
                                          "type": "ClassOrInterfaceType",
                                          "name": "Integer",
                                          "line": 58,
                                          "column": 13,
                                          "endLine": 58,
                                          "endColumn": 19,
                                          "children": [
                                            {
                                              "type": "SimpleName",
                                              "name": "",
                                              "line": 58,
                                              "column": 13,
                                              "endLine": 58,
                                              "endColumn": 19
                                            }
                                          ]
                                        },
                                        {
                                          "type": "ClassOrInterfaceType",
                                          "name": "Integer",
                                          "line": 58,
                                          "column": 22,
                                          "endLine": 58,
                                          "endColumn": 28,
                                          "children": [
                                            {
                                              "type": "SimpleName",
                                              "name": "",
                                              "line": 58,
                                              "column": 22,
                                              "endLine": 58,
                                              "endColumn": 28
                                            }
                                          ]
                                        }
                                      ]
                                    },
                                    {
                                      "type": "SimpleName",
                                      "name": "",
                                      "line": 58,
                                      "column": 31,
                                      "endLine": 58,
                                      "endColumn": 38
                                    },
                                    {
                                      "type": "ObjectCreationExpr",
                                      "name": "new HashMap<>",
                                      "line": 58,
                                      "column": 42,
                                      "endLine": 58,
                                      "endColumn": 56,
                                      "attrs": {
                                        "type": "HashMap<>",
                                        "hasAnonymousClassBody": "false",
                                        "args": "[]"
                                      },
                                      "children": [
                                        {
                                          "type": "ClassOrInterfaceType",
                                          "name": "HashMap",
                                          "line": 58,
                                          "column": 46,
                                          "endLine": 58,
                                          "endColumn": 54,
                                          "attrs": {
                                            "typeArgs": "[]"
                                          },
                                          "children": [
                                            {
                                              "type": "SimpleName",
                                              "name": "",
                                              "line": 58,
                                              "column": 46,
                                              "endLine": 58,
                                              "endColumn": 52
                                            }
                                          ]
                                        }
                                      ]
                                    }
                                  ]
                                }
                              ]
                            }
                          ]
                        },
                        {
                          "type": "ForEachStmt",
                          "name": "for-each(…)",
                          "line": 59,
                          "column": 9,
                          "endLine": 61,
                          "endColumn": 9,
                          "attrs": {
                            "var": "int num",
                            "iterable": "arr1"
                          },
                          "children": [
                            {
                              "type": "VariableDeclarationExpr",
                              "name": "",
                              "line": 59,
                              "column": 14,
                              "endLine": 59,
                              "endColumn": 20,
                              "attrs": {
                                "modifiers": "[]",
                                "code": "int num"
                              },
                              "children": [
                                {
                                  "type": "VariableDeclarator",
                                  "name": "num",
                                  "line": 59,
                                  "column": 18,
                                  "endLine": 59,
                                  "endColumn": 20,
                                  "value": "int",
                                  "attrs": {
                                    "type": "int"
                                  },
                                  "children": [
                                    {
                                      "type": "PrimitiveType",
                                      "name": "",
                                      "line": 59,
                                      "column": 14,
                                      "endLine": 59,
                                      "endColumn": 16
                                    },
                                    {
                                      "type": "SimpleName",
                                      "name": "",
                                      "line": 59,
                                      "column": 18,
                                      "endLine": 59,
                                      "endColumn": 20
                                    }
                                  ]
                                }
                              ]
                            },
                            {
                              "type": "NameExpr",
                              "name": "arr1",
                              "line": 59,
                              "column": 24,
                              "endLine": 59,
                              "endColumn": 27,
                              "children": [
                                {
                                  "type": "SimpleName",
                                  "name": "",
                                  "line": 59,
                                  "column": 24,
                                  "endLine": 59,
                                  "endColumn": 27
                                }
                              ]
                            },
                            {
                              "type": "BlockStmt",
                              "name": "",
                              "line": 59,
                              "column": 30,
                              "endLine": 61,
                              "endColumn": 9,
                              "children": [
                                {
                                  "type": "ExpressionStmt",
                                  "name": "",
                                  "line": 60,
                                  "column": 13,
                                  "endLine": 60,
                                  "endColumn": 65,
                                  "attrs": {
                                    "code": "countMap.put(num, countMap.getOrDefault(num, 0) + 1)"
                                  },
                                  "children": [
                                    {
                                      "type": "MethodCallExpr",
                                      "name": "put",
                                      "line": 60,
                                      "column": 13,
                                      "endLine": 60,
                                      "endColumn": 64,
                                      "attrs": {
                                        "args": "[num, countMap.getOrDefault(num, 0) + 1]",
                                        "code": "countMap.put(num, countMap.getOrDefault(num, 0) + 1)"
                                      },
                                      "children": [
                                        {
                                          "type": "NameExpr",
                                          "name": "countMap",
                                          "line": 60,
                                          "column": 13,
                                          "endLine": 60,
                                          "endColumn": 20,
                                          "children": [
                                            {
                                              "type": "SimpleName",
                                              "name": "",
                                              "line": 60,
                                              "column": 13,
                                              "endLine": 60,
                                              "endColumn": 20
                                            }
                                          ]
                                        },
                                        {
                                          "type": "SimpleName",
                                          "name": "",
                                          "line": 60,
                                          "column": 22,
                                          "endLine": 60,
                                          "endColumn": 24
                                        },
                                        {
                                          "type": "NameExpr",
                                          "name": "num",
                                          "line": 60,
                                          "column": 26,
                                          "endLine": 60,
                                          "endColumn": 28,
                                          "children": [
                                            {
                                              "type": "SimpleName",
                                              "name": "",
                                              "line": 60,
                                              "column": 26,
                                              "endLine": 60,
                                              "endColumn": 28
                                            }
                                          ]
                                        },
                                        {
                                          "type": "BinaryExpr",
                                          "name": "",
                                          "line": 60,
                                          "column": 31,
                                          "endLine": 60,
                                          "endColumn": 63,
                                          "children": [
                                            {
                                              "type": "MethodCallExpr",
                                              "name": "getOrDefault",
                                              "line": 60,
                                              "column": 31,
                                              "endLine": 60,
                                              "endColumn": 59,
                                              "attrs": {
                                                "args": "[num, 0]",
                                                "code": "countMap.getOrDefault(num, 0)"
                                              },
                                              "children": [
                                                {
                                                  "type": "NameExpr",
                                                  "name": "countMap",
                                                  "line": 60,
                                                  "column": 31,
                                                  "endLine": 60,
                                                  "endColumn": 38,
                                                  "children": [
                                                    {
                                                      "type": "SimpleName",
                                                      "name": "",
                                                      "line": 60,
                                                      "column": 31,
                                                      "endLine": 60,
                                                      "endColumn": 38
                                                    }
                                                  ]
                                                },
                                                {
                                                  "type": "SimpleName",
                                                  "name": "",
                                                  "line": 60,
                                                  "column": 40,
                                                  "endLine": 60,
                                                  "endColumn": 51
                                                },
                                                {
                                                  "type": "NameExpr",
                                                  "name": "num",
                                                  "line": 60,
                                                  "column": 53,
                                                  "endLine": 60,
                                                  "endColumn": 55,
                                                  "children": [
                                                    {
                                                      "type": "SimpleName",
                                                      "name": "",
                                                      "line": 60,
                                                      "column": 53,
                                                      "endLine": 60,
                                                      "endColumn": 55
                                                    }
                                                  ]
                                                },
                                                {
                                                  "type": "IntegerLiteralExpr",
                                                  "name": "",
                                                  "line": 60,
                                                  "column": 58,
                                                  "endLine": 60,
                                                  "endColumn": 58
                                                }
                                              ]
                                            },
                                            {
                                              "type": "IntegerLiteralExpr",
                                              "name": "",
                                              "line": 60,
                                              "column": 63,
                                              "endLine": 60,
                                              "endColumn": 63
                                            }
                                          ]
                                        }
                                      ]
                                    }
                                  ]
                                }
                              ]
                            }
                          ]
                        },
                        {
                          "type": "ExpressionStmt",
                          "name": "",
                          "line": 63,
                          "column": 9,
                          "endLine": 63,
                          "endColumn": 49,
                          "attrs": {
                            "code": "List<Integer> result = new ArrayList<>()"
                          },
                          "children": [
                            {
                              "type": "VariableDeclarationExpr",
                              "name": "",
                              "line": 63,
                              "column": 9,
                              "endLine": 63,
                              "endColumn": 48,
                              "attrs": {
                                "modifiers": "[]",
                                "code": "List<Integer> result = new ArrayList<>()"
                              },
                              "children": [
                                {
                                  "type": "VariableDeclarator",
                                  "name": "result",
                                  "line": 63,
                                  "column": 23,
                                  "endLine": 63,
                                  "endColumn": 48,
                                  "value": "List<Integer>",
                                  "attrs": {
                                    "initializer": "new ArrayList<>()",
                                    "type": "List<Integer>"
                                  },
                                  "children": [
                                    {
                                      "type": "ClassOrInterfaceType",
                                      "name": "List",
                                      "line": 63,
                                      "column": 9,
                                      "endLine": 63,
                                      "endColumn": 21,
                                      "attrs": {
                                        "typeArgs": "[Integer]"
                                      },
                                      "children": [
                                        {
                                          "type": "SimpleName",
                                          "name": "",
                                          "line": 63,
                                          "column": 9,
                                          "endLine": 63,
                                          "endColumn": 12
                                        },
                                        {
                                          "type": "ClassOrInterfaceType",
                                          "name": "Integer",
                                          "line": 63,
                                          "column": 14,
                                          "endLine": 63,
                                          "endColumn": 20,
                                          "children": [
                                            {
                                              "type": "SimpleName",
                                              "name": "",
                                              "line": 63,
                                              "column": 14,
                                              "endLine": 63,
                                              "endColumn": 20
                                            }
                                          ]
                                        }
                                      ]
                                    },
                                    {
                                      "type": "SimpleName",
                                      "name": "",
                                      "line": 63,
                                      "column": 23,
                                      "endLine": 63,
                                      "endColumn": 28
                                    },
                                    {
                                      "type": "ObjectCreationExpr",
                                      "name": "new ArrayList<>",
                                      "line": 63,
                                      "column": 32,
                                      "endLine": 63,
                                      "endColumn": 48,
                                      "attrs": {
                                        "type": "ArrayList<>",
                                        "hasAnonymousClassBody": "false",
                                        "args": "[]"
                                      },
                                      "children": [
                                        {
                                          "type": "ClassOrInterfaceType",
                                          "name": "ArrayList",
                                          "line": 63,
                                          "column": 36,
                                          "endLine": 63,
                                          "endColumn": 46,
                                          "attrs": {
                                            "typeArgs": "[]"
                                          },
                                          "children": [
                                            {
                                              "type": "SimpleName",
                                              "name": "",
                                              "line": 63,
                                              "column": 36,
                                              "endLine": 63,
                                              "endColumn": 44
                                            }
                                          ]
                                        }
                                      ]
                                    }
                                  ]
                                }
                              ]
                            }
                          ]
                        },
                        {
                          "type": "ForEachStmt",
                          "name": "for-each(…)",
                          "line": 64,
                          "column": 9,
                          "endLine": 69,
                          "endColumn": 9,
                          "attrs": {
                            "var": "int num",
                            "iterable": "arr2"
                          },
                          "children": [
                            {
                              "type": "VariableDeclarationExpr",
                              "name": "",
                              "line": 64,
                              "column": 14,
                              "endLine": 64,
                              "endColumn": 20,
                              "attrs": {
                                "modifiers": "[]",
                                "code": "int num"
                              },
                              "children": [
                                {
                                  "type": "VariableDeclarator",
                                  "name": "num",
                                  "line": 64,
                                  "column": 18,
                                  "endLine": 64,
                                  "endColumn": 20,
                                  "value": "int",
                                  "attrs": {
                                    "type": "int"
                                  },
                                  "children": [
                                    {
                                      "type": "PrimitiveType",
                                      "name": "",
                                      "line": 64,
                                      "column": 14,
                                      "endLine": 64,
                                      "endColumn": 16
                                    },
                                    {
                                      "type": "SimpleName",
                                      "name": "",
                                      "line": 64,
                                      "column": 18,
                                      "endLine": 64,
                                      "endColumn": 20
                                    }
                                  ]
                                }
                              ]
                            },
                            {
                              "type": "NameExpr",
                              "name": "arr2",
                              "line": 64,
                              "column": 24,
                              "endLine": 64,
                              "endColumn": 27,
                              "children": [
                                {
                                  "type": "SimpleName",
                                  "name": "",
                                  "line": 64,
                                  "column": 24,
                                  "endLine": 64,
                                  "endColumn": 27
                                }
                              ]
                            },
                            {
                              "type": "BlockStmt",
                              "name": "",
                              "line": 64,
                              "column": 30,
                              "endLine": 69,
                              "endColumn": 9,
                              "children": [
                                {
                                  "type": "IfStmt",
                                  "name": "if(countMap.getOrDefault(num, 0) > 0)",
                                  "line": 65,
                                  "column": 13,
                                  "endLine": 68,
                                  "endColumn": 13,
                                  "attrs": {
                                    "condition": "countMap.getOrDefault(num, 0) > 0"
                                  },
                                  "children": [
                                    {
                                      "type": "BinaryExpr",
                                      "name": "",
                                      "line": 65,
                                      "column": 17,
                                      "endLine": 65,
                                      "endColumn": 49,
                                      "children": [
                                        {
                                          "type": "MethodCallExpr",
                                          "name": "getOrDefault",
                                          "line": 65,
                                          "column": 17,
                                          "endLine": 65,
                                          "endColumn": 45,
                                          "attrs": {
                                            "args": "[num, 0]",
                                            "code": "countMap.getOrDefault(num, 0)"
                                          },
                                          "children": [
                                            {
                                              "type": "NameExpr",
                                              "name": "countMap",
                                              "line": 65,
                                              "column": 17,
                                              "endLine": 65,
                                              "endColumn": 24,
                                              "children": [
                                                {
                                                  "type": "SimpleName",
                                                  "name": "",
                                                  "line": 65,
                                                  "column": 17,
                                                  "endLine": 65,
                                                  "endColumn": 24
                                                }
                                              ]
                                            },
                                            {
                                              "type": "SimpleName",
                                              "name": "",
                                              "line": 65,
                                              "column": 26,
                                              "endLine": 65,
                                              "endColumn": 37
                                            },
                                            {
                                              "type": "NameExpr",
                                              "name": "num",
                                              "line": 65,
                                              "column": 39,
                                              "endLine": 65,
                                              "endColumn": 41,
                                              "children": [
                                                {
                                                  "type": "SimpleName",
                                                  "name": "",
                                                  "line": 65,
                                                  "column": 39,
                                                  "endLine": 65,
                                                  "endColumn": 41
                                                }
                                              ]
                                            },
                                            {
                                              "type": "IntegerLiteralExpr",
                                              "name": "",
                                              "line": 65,
                                              "column": 44,
                                              "endLine": 65,
                                              "endColumn": 44
                                            }
                                          ]
                                        },
                                        {
                                          "type": "IntegerLiteralExpr",
                                          "name": "",
                                          "line": 65,
                                          "column": 49,
                                          "endLine": 65,
                                          "endColumn": 49
                                        }
                                      ]
                                    },
                                    {
                                      "type": "BlockStmt",
                                      "name": "",
                                      "line": 65,
                                      "column": 52,
                                      "endLine": 68,
                                      "endColumn": 13,
                                      "children": [
                                        {
                                          "type": "ExpressionStmt",
                                          "name": "",
                                          "line": 66,
                                          "column": 17,
                                          "endLine": 66,
                                          "endColumn": 32,
                                          "attrs": {
                                            "code": "result.add(num)"
                                          },
                                          "children": [
                                            {
                                              "type": "MethodCallExpr",
                                              "name": "add",
                                              "line": 66,
                                              "column": 17,
                                              "endLine": 66,
                                              "endColumn": 31,
                                              "attrs": {
                                                "args": "[num]",
                                                "code": "result.add(num)"
                                              },
                                              "children": [
                                                {
                                                  "type": "NameExpr",
                                                  "name": "result",
                                                  "line": 66,
                                                  "column": 17,
                                                  "endLine": 66,
                                                  "endColumn": 22,
                                                  "children": [
                                                    {
                                                      "type": "SimpleName",
                                                      "name": "",
                                                      "line": 66,
                                                      "column": 17,
                                                      "endLine": 66,
                                                      "endColumn": 22
                                                    }
                                                  ]
                                                },
                                                {
                                                  "type": "SimpleName",
                                                  "name": "",
                                                  "line": 66,
                                                  "column": 24,
                                                  "endLine": 66,
                                                  "endColumn": 26
                                                },
                                                {
                                                  "type": "NameExpr",
                                                  "name": "num",
                                                  "line": 66,
                                                  "column": 28,
                                                  "endLine": 66,
                                                  "endColumn": 30,
                                                  "children": [
                                                    {
                                                      "type": "SimpleName",
                                                      "name": "",
                                                      "line": 66,
                                                      "column": 28,
                                                      "endLine": 66,
                                                      "endColumn": 30
                                                    }
                                                  ]
                                                }
                                              ]
                                            }
                                          ]
                                        },
                                        {
                                          "type": "ExpressionStmt",
                                          "name": "",
                                          "line": 67,
                                          "column": 17,
                                          "endLine": 67,
                                          "endColumn": 64,
                                          "attrs": {
                                            "code": "countMap.computeIfPresent(num, (k, v) -> v - 1)"
                                          },
                                          "children": [
                                            {
                                              "type": "MethodCallExpr",
                                              "name": "computeIfPresent",
                                              "line": 67,
                                              "column": 17,
                                              "endLine": 67,
                                              "endColumn": 63,
                                              "attrs": {
                                                "args": "[num, (k, v) -> v - 1]",
                                                "code": "countMap.computeIfPresent(num, (k, v) -> v - 1)"
                                              },
                                              "children": [
                                                {
                                                  "type": "NameExpr",
                                                  "name": "countMap",
                                                  "line": 67,
                                                  "column": 17,
                                                  "endLine": 67,
                                                  "endColumn": 24,
                                                  "children": [
                                                    {
                                                      "type": "SimpleName",
                                                      "name": "",
                                                      "line": 67,
                                                      "column": 17,
                                                      "endLine": 67,
                                                      "endColumn": 24
                                                    }
                                                  ]
                                                },
                                                {
                                                  "type": "SimpleName",
                                                  "name": "",
                                                  "line": 67,
                                                  "column": 26,
                                                  "endLine": 67,
                                                  "endColumn": 41
                                                },
                                                {
                                                  "type": "NameExpr",
                                                  "name": "num",
                                                  "line": 67,
                                                  "column": 43,
                                                  "endLine": 67,
                                                  "endColumn": 45,
                                                  "children": [
                                                    {
                                                      "type": "SimpleName",
                                                      "name": "",
                                                      "line": 67,
                                                      "column": 43,
                                                      "endLine": 67,
                                                      "endColumn": 45
                                                    }
                                                  ]
                                                },
                                                {
                                                  "type": "LambdaExpr",
                                                  "name": "",
                                                  "line": 67,
                                                  "column": 48,
                                                  "endLine": 67,
                                                  "endColumn": 62,
                                                  "attrs": {
                                                    "params": "[k, v]",
                                                    "isEnclosingParameters": "true",
                                                    "isExpressionBody": "true"
                                                  },
                                                  "children": [
                                                    {
                                                      "type": "Parameter",
                                                      "name": "k",
                                                      "line": 67,
                                                      "column": 49,
                                                      "endLine": 67,
                                                      "endColumn": 49,
                                                      "attrs": {
                                                        "modifiers": "[]",
                                                        "type": "",
                                                        "isVarArgs": "false",
                                                        "annotations": "[]"
                                                      },
                                                      "children": [
                                                        {
                                                          "type": "UnknownType",
                                                          "name": ""
                                                        },
                                                        {
                                                          "type": "SimpleName",
                                                          "name": "",
                                                          "line": 67,
                                                          "column": 49,
                                                          "endLine": 67,
                                                          "endColumn": 49
                                                        }
                                                      ]
                                                    },
                                                    {
                                                      "type": "Parameter",
                                                      "name": "v",
                                                      "line": 67,
                                                      "column": 52,
                                                      "endLine": 67,
                                                      "endColumn": 52,
                                                      "attrs": {
                                                        "modifiers": "[]",
                                                        "type": "",
                                                        "isVarArgs": "false",
                                                        "annotations": "[]"
                                                      },
                                                      "children": [
                                                        {
                                                          "type": "UnknownType",
                                                          "name": ""
                                                        },
                                                        {
                                                          "type": "SimpleName",
                                                          "name": "",
                                                          "line": 67,
                                                          "column": 52,
                                                          "endLine": 67,
                                                          "endColumn": 52
                                                        }
                                                      ]
                                                    },
                                                    {
                                                      "type": "ExpressionStmt",
                                                      "name": "",
                                                      "line": 67,
                                                      "column": 58,
                                                      "endLine": 67,
                                                      "endColumn": 62,
                                                      "attrs": {
                                                        "code": "v - 1"
                                                      },
                                                      "children": [
                                                        {
                                                          "type": "BinaryExpr",
                                                          "name": "",
                                                          "line": 67,
                                                          "column": 58,
                                                          "endLine": 67,
                                                          "endColumn": 62,
                                                          "children": [
                                                            {
                                                              "type": "NameExpr",
                                                              "name": "v",
                                                              "line": 67,
                                                              "column": 58,
                                                              "endLine": 67,
                                                              "endColumn": 58,
                                                              "children": [
                                                                {
                                                                  "type": "SimpleName",
                                                                  "name": "",
                                                                  "line": 67,
                                                                  "column": 58,
                                                                  "endLine": 67,
                                                                  "endColumn": 58
                                                                }
                                                              ]
                                                            },
                                                            {
                                                              "type": "IntegerLiteralExpr",
                                                              "name": "",
                                                              "line": 67,
                                                              "column": 62,
                                                              "endLine": 67,
                                                              "endColumn": 62
                                                            }
                                                          ]
                                                        }
                                                      ]
                                                    }
                                                  ]
                                                }
                                              ]
                                            }
                                          ]
                                        }
                                      ]
                                    }
                                  ]
                                }
                              ]
                            }
                          ]
                        },
                        {
                          "type": "ReturnStmt",
                          "name": "return",
                          "line": 71,
                          "column": 9,
                          "endLine": 71,
                          "endColumn": 22,
                          "attrs": {
                            "expr": "result"
                          },
                          "children": [
                            {
                              "type": "NameExpr",
                              "name": "result",
                              "line": 71,
                              "column": 16,
                              "endLine": 71,
                              "endColumn": 21,
                              "children": [
                                {
                                  "type": "SimpleName",
                                  "name": "",
                                  "line": 71,
                                  "column": 16,
                                  "endLine": 71,
                                  "endColumn": 21
                                }
                              ]
                            }
                          ]
                        }
                      ]
                    }
                  ]
                }
              ]
            }
          ]
        }
      ]
    }
  ]
}