{
  "type": "Project",
  "name": "Project",
  "children": [
    {
      "type": "File",
      "name": "Permutation.java",
      "value": "D:\\py-java-transform\\java to py\\java-to-python_user\\java-to-python-main\\java to python-result\\151\\Permutation\\Permutation.java",
      "children": [
        {
          "type": "CompilationUnit",
          "name": "",
          "line": 1,
          "column": 1,
          "endLine": 57,
          "endColumn": 2,
          "children": [
            {
              "type": "PackageDeclaration",
              "name": "com.thealgorithms.backtracking",
              "line": 1,
              "column": 1,
              "endLine": 1,
              "endColumn": 39,
              "attrs": {
                "name": "com.thealgorithms.backtracking"
              },
              "children": [
                {
                  "type": "Name",
                  "name": "",
                  "line": 1,
                  "column": 9,
                  "endLine": 1,
                  "endColumn": 38,
                  "children": [
                    {
                      "type": "Name",
                      "name": "",
                      "line": 1,
                      "column": 9,
                      "endLine": 1,
                      "endColumn": 25,
                      "children": [
                        {
                          "type": "Name",
                          "name": "",
                          "line": 1,
                          "column": 9,
                          "endLine": 1,
                          "endColumn": 11
                        }
                      ]
                    }
                  ]
                }
              ]
            },
            {
              "type": "ImportDeclaration",
              "name": "java.util.LinkedList",
              "line": 3,
              "column": 1,
              "endLine": 3,
              "endColumn": 28,
              "attrs": {
                "name": "java.util.LinkedList",
                "isStatic": "false",
                "isAsterisk": "false"
              },
              "children": [
                {
                  "type": "Name",
                  "name": "",
                  "line": 3,
                  "column": 8,
                  "endLine": 3,
                  "endColumn": 27,
                  "children": [
                    {
                      "type": "Name",
                      "name": "",
                      "line": 3,
                      "column": 8,
                      "endLine": 3,
                      "endColumn": 16,
                      "children": [
                        {
                          "type": "Name",
                          "name": "",
                          "line": 3,
                          "column": 8,
                          "endLine": 3,
                          "endColumn": 11
                        }
                      ]
                    }
                  ]
                }
              ]
            },
            {
              "type": "ImportDeclaration",
              "name": "java.util.List",
              "line": 4,
              "column": 1,
              "endLine": 4,
              "endColumn": 22,
              "attrs": {
                "name": "java.util.List",
                "isStatic": "false",
                "isAsterisk": "false"
              },
              "children": [
                {
                  "type": "Name",
                  "name": "",
                  "line": 4,
                  "column": 8,
                  "endLine": 4,
                  "endColumn": 21,
                  "children": [
                    {
                      "type": "Name",
                      "name": "",
                      "line": 4,
                      "column": 8,
                      "endLine": 4,
                      "endColumn": 16,
                      "children": [
                        {
                          "type": "Name",
                          "name": "",
                          "line": 4,
                          "column": 8,
                          "endLine": 4,
                          "endColumn": 11
                        }
                      ]
                    }
                  ]
                }
              ]
            },
            {
              "type": "ClassOrInterfaceDeclaration",
              "name": "Permutation",
              "line": 10,
              "column": 1,
              "endLine": 57,
              "endColumn": 1,
              "value": "class",
              "attrs": {
                "modifiers": "[public , final ]",
                "typeParams": "[]",
                "extends": "[]",
                "implements": "[]",
                "annotations": "[]"
              },
              "children": [
                {
                  "type": "Javadoc",
                  "name": "",
                  "line": 6,
                  "column": 1,
                  "endLine": 9,
                  "endColumn": 3,
                  "value": "\n * Finds all permutations of given array\n * @author Alan Piao (<a href=\"https://github.com/cpiao3\">Git-Alan Piao</a>)\n "
                },
                {
                  "type": "Modifier",
                  "name": "",
                  "line": 10,
                  "column": 1,
                  "endLine": 10,
                  "endColumn": 6
                },
                {
                  "type": "Modifier",
                  "name": "",
                  "line": 10,
                  "column": 8,
                  "endLine": 10,
                  "endColumn": 12
                },
                {
                  "type": "SimpleName",
                  "name": "",
                  "line": 10,
                  "column": 20,
                  "endLine": 10,
                  "endColumn": 30
                },
                {
                  "type": "ConstructorDeclaration",
                  "name": "Permutation",
                  "line": 11,
                  "column": 5,
                  "endLine": 12,
                  "endColumn": 5,
                  "attrs": {
                    "modifiers": "[private ]",
                    "throws": "[]",
                    "annotations": "[]",
                    "params": "[]"
                  },
                  "children": [
                    {
                      "type": "Modifier",
                      "name": "",
                      "line": 11,
                      "column": 5,
                      "endLine": 11,
                      "endColumn": 11
                    },
                    {
                      "type": "SimpleName",
                      "name": "",
                      "line": 11,
                      "column": 13,
                      "endLine": 11,
                      "endColumn": 23
                    },
                    {
                      "type": "BlockStmt",
                      "name": "",
                      "line": 11,
                      "column": 27,
                      "endLine": 12,
                      "endColumn": 5
                    }
                  ]
                },
                {
                  "type": "MethodDeclaration",
                  "name": "permutation",
                  "line": 20,
                  "column": 5,
                  "endLine": 25,
                  "endColumn": 5,
                  "value": "List<T[]>",
                  "attrs": {
                    "modifiers": "[public , static ]",
                    "typeParams": "[T]",
                    "throws": "[]",
                    "annotations": "[]",
                    "type": "List<T[]>",
                    "params": "[T[] arr]"
                  },
                  "children": [
                    {
                      "type": "Javadoc",
                      "name": "",
                      "line": 14,
                      "column": 5,
                      "endLine": 19,
                      "endColumn": 7,
                      "value": "\n     * Find all permutations of given array using backtracking\n     * @param arr the array.\n     * @param <T> the type of elements in the array.\n     * @return a list of all permutations.\n     "
                    },
                    {
                      "type": "Modifier",
                      "name": "",
                      "line": 20,
                      "column": 5,
                      "endLine": 20,
                      "endColumn": 10
                    },
                    {
                      "type": "Modifier",
                      "name": "",
                      "line": 20,
                      "column": 12,
                      "endLine": 20,
                      "endColumn": 17
                    },
                    {
                      "type": "TypeParameter",
                      "name": "T",
                      "line": 20,
                      "column": 20,
                      "endLine": 20,
                      "endColumn": 20,
                      "children": [
                        {
                          "type": "SimpleName",
                          "name": "",
                          "line": 20,
                          "column": 20,
                          "endLine": 20,
                          "endColumn": 20
                        }
                      ]
                    },
                    {
                      "type": "SimpleName",
                      "name": "",
                      "line": 20,
                      "column": 33,
                      "endLine": 20,
                      "endColumn": 43
                    },
                    {
                      "type": "Parameter",
                      "name": "arr",
                      "line": 20,
                      "column": 45,
                      "endLine": 20,
                      "endColumn": 51,
                      "attrs": {
                        "modifiers": "[]",
                        "type": "T[]",
                        "isVarArgs": "false",
                        "annotations": "[]"
                      },
                      "children": [
                        {
                          "type": "ArrayType",
                          "name": "",
                          "line": 20,
                          "column": 45,
                          "endLine": 20,
                          "endColumn": 47,
                          "children": [
                            {
                              "type": "ClassOrInterfaceType",
                              "name": "T",
                              "line": 20,
                              "column": 45,
                              "endLine": 20,
                              "endColumn": 45,
                              "children": [
                                {
                                  "type": "SimpleName",
                                  "name": "",
                                  "line": 20,
                                  "column": 45,
                                  "endLine": 20,
                                  "endColumn": 45
                                }
                              ]
                            }
                          ]
                        },
                        {
                          "type": "SimpleName",
                          "name": "",
                          "line": 20,
                          "column": 49,
                          "endLine": 20,
                          "endColumn": 51
                        }
                      ]
                    },
                    {
                      "type": "ClassOrInterfaceType",
                      "name": "List",
                      "line": 20,
                      "column": 23,
                      "endLine": 20,
                      "endColumn": 31,
                      "attrs": {
                        "typeArgs": "[T[]]"
                      },
                      "children": [
                        {
                          "type": "SimpleName",
                          "name": "",
                          "line": 20,
                          "column": 23,
                          "endLine": 20,
                          "endColumn": 26
                        },
                        {
                          "type": "ArrayType",
                          "name": "",
                          "line": 20,
                          "column": 28,
                          "endLine": 20,
                          "endColumn": 30,
                          "children": [
                            {
                              "type": "ClassOrInterfaceType",
                              "name": "T",
                              "line": 20,
                              "column": 28,
                              "endLine": 20,
                              "endColumn": 28,
                              "children": [
                                {
                                  "type": "SimpleName",
                                  "name": "",
                                  "line": 20,
                                  "column": 28,
                                  "endLine": 20,
                                  "endColumn": 28
                                }
                              ]
                            }
                          ]
                        }
                      ]
                    },
                    {
                      "type": "BlockStmt",
                      "name": "",
                      "line": 20,
                      "column": 54,
                      "endLine": 25,
                      "endColumn": 5,
                      "children": [
                        {
                          "type": "ExpressionStmt",
                          "name": "",
                          "line": 21,
                          "column": 9,
                          "endLine": 21,
                          "endColumn": 32,
                          "attrs": {
                            "code": "T[] array = arr.clone()"
                          },
                          "children": [
                            {
                              "type": "VariableDeclarationExpr",
                              "name": "",
                              "line": 21,
                              "column": 9,
                              "endLine": 21,
                              "endColumn": 31,
                              "attrs": {
                                "modifiers": "[]",
                                "code": "T[] array = arr.clone()"
                              },
                              "children": [
                                {
                                  "type": "VariableDeclarator",
                                  "name": "array",
                                  "line": 21,
                                  "column": 13,
                                  "endLine": 21,
                                  "endColumn": 31,
                                  "value": "T[]",
                                  "attrs": {
                                    "initializer": "arr.clone()",
                                    "type": "T[]"
                                  },
                                  "children": [
                                    {
                                      "type": "ArrayType",
                                      "name": "",
                                      "line": 21,
                                      "column": 9,
                                      "endLine": 21,
                                      "endColumn": 11,
                                      "children": [
                                        {
                                          "type": "ClassOrInterfaceType",
                                          "name": "T",
                                          "line": 21,
                                          "column": 9,
                                          "endLine": 21,
                                          "endColumn": 9,
                                          "children": [
                                            {
                                              "type": "SimpleName",
                                              "name": "",
                                              "line": 21,
                                              "column": 9,
                                              "endLine": 21,
                                              "endColumn": 9
                                            }
                                          ]
                                        }
                                      ]
                                    },
                                    {
                                      "type": "SimpleName",
                                      "name": "",
                                      "line": 21,
                                      "column": 13,
                                      "endLine": 21,
                                      "endColumn": 17
                                    },
                                    {
                                      "type": "MethodCallExpr",
                                      "name": "clone",
                                      "line": 21,
                                      "column": 21,
                                      "endLine": 21,
                                      "endColumn": 31,
                                      "attrs": {
                                        "args": "[]",
                                        "code": "arr.clone()"
                                      },
                                      "children": [
                                        {
                                          "type": "NameExpr",
                                          "name": "arr",
                                          "line": 21,
                                          "column": 21,
                                          "endLine": 21,
                                          "endColumn": 23,
                                          "children": [
                                            {
                                              "type": "SimpleName",
                                              "name": "",
                                              "line": 21,
                                              "column": 21,
                                              "endLine": 21,
                                              "endColumn": 23
                                            }
                                          ]
                                        },
                                        {
                                          "type": "SimpleName",
                                          "name": "",
                                          "line": 21,
                                          "column": 25,
                                          "endLine": 21,
                                          "endColumn": 29
                                        }
                                      ]
                                    }
                                  ]
                                }
                              ]
                            }
                          ]
                        },
                        {
                          "type": "ExpressionStmt",
                          "name": "",
                          "line": 22,
                          "column": 9,
                          "endLine": 22,
                          "endColumn": 46,
                          "attrs": {
                            "code": "List<T[]> result = new LinkedList<>()"
                          },
                          "children": [
                            {
                              "type": "VariableDeclarationExpr",
                              "name": "",
                              "line": 22,
                              "column": 9,
                              "endLine": 22,
                              "endColumn": 45,
                              "attrs": {
                                "modifiers": "[]",
                                "code": "List<T[]> result = new LinkedList<>()"
                              },
                              "children": [
                                {
                                  "type": "VariableDeclarator",
                                  "name": "result",
                                  "line": 22,
                                  "column": 19,
                                  "endLine": 22,
                                  "endColumn": 45,
                                  "value": "List<T[]>",
                                  "attrs": {
                                    "initializer": "new LinkedList<>()",
                                    "type": "List<T[]>"
                                  },
                                  "children": [
                                    {
                                      "type": "ClassOrInterfaceType",
                                      "name": "List",
                                      "line": 22,
                                      "column": 9,
                                      "endLine": 22,
                                      "endColumn": 17,
                                      "attrs": {
                                        "typeArgs": "[T[]]"
                                      },
                                      "children": [
                                        {
                                          "type": "SimpleName",
                                          "name": "",
                                          "line": 22,
                                          "column": 9,
                                          "endLine": 22,
                                          "endColumn": 12
                                        },
                                        {
                                          "type": "ArrayType",
                                          "name": "",
                                          "line": 22,
                                          "column": 14,
                                          "endLine": 22,
                                          "endColumn": 16,
                                          "children": [
                                            {
                                              "type": "ClassOrInterfaceType",
                                              "name": "T",
                                              "line": 22,
                                              "column": 14,
                                              "endLine": 22,
                                              "endColumn": 14,
                                              "children": [
                                                {
                                                  "type": "SimpleName",
                                                  "name": "",
                                                  "line": 22,
                                                  "column": 14,
                                                  "endLine": 22,
                                                  "endColumn": 14
                                                }
                                              ]
                                            }
                                          ]
                                        }
                                      ]
                                    },
                                    {
                                      "type": "SimpleName",
                                      "name": "",
                                      "line": 22,
                                      "column": 19,
                                      "endLine": 22,
                                      "endColumn": 24
                                    },
                                    {
                                      "type": "ObjectCreationExpr",
                                      "name": "new LinkedList<>",
                                      "line": 22,
                                      "column": 28,
                                      "endLine": 22,
                                      "endColumn": 45,
                                      "attrs": {
                                        "type": "LinkedList<>",
                                        "hasAnonymousClassBody": "false",
                                        "args": "[]"
                                      },
                                      "children": [
                                        {
                                          "type": "ClassOrInterfaceType",
                                          "name": "LinkedList",
                                          "line": 22,
                                          "column": 32,
                                          "endLine": 22,
                                          "endColumn": 43,
                                          "attrs": {
                                            "typeArgs": "[]"
                                          },
                                          "children": [
                                            {
                                              "type": "SimpleName",
                                              "name": "",
                                              "line": 22,
                                              "column": 32,
                                              "endLine": 22,
                                              "endColumn": 41
                                            }
                                          ]
                                        }
                                      ]
                                    }
                                  ]
                                }
                              ]
                            }
                          ]
                        },
                        {
                          "type": "ExpressionStmt",
                          "name": "",
                          "line": 23,
                          "column": 9,
                          "endLine": 23,
                          "endColumn": 39,
                          "attrs": {
                            "code": "backtracking(array, 0, result)"
                          },
                          "children": [
                            {
                              "type": "MethodCallExpr",
                              "name": "backtracking",
                              "line": 23,
                              "column": 9,
                              "endLine": 23,
                              "endColumn": 38,
                              "attrs": {
                                "args": "[array, 0, result]",
                                "code": "backtracking(array, 0, result)"
                              },
                              "children": [
                                {
                                  "type": "SimpleName",
                                  "name": "",
                                  "line": 23,
                                  "column": 9,
                                  "endLine": 23,
                                  "endColumn": 20
                                },
                                {
                                  "type": "NameExpr",
                                  "name": "array",
                                  "line": 23,
                                  "column": 22,
                                  "endLine": 23,
                                  "endColumn": 26,
                                  "children": [
                                    {
                                      "type": "SimpleName",
                                      "name": "",
                                      "line": 23,
                                      "column": 22,
                                      "endLine": 23,
                                      "endColumn": 26
                                    }
                                  ]
                                },
                                {
                                  "type": "IntegerLiteralExpr",
                                  "name": "",
                                  "line": 23,
                                  "column": 29,
                                  "endLine": 23,
                                  "endColumn": 29
                                },
                                {
                                  "type": "NameExpr",
                                  "name": "result",
                                  "line": 23,
                                  "column": 32,
                                  "endLine": 23,
                                  "endColumn": 37,
                                  "children": [
                                    {
                                      "type": "SimpleName",
                                      "name": "",
                                      "line": 23,
                                      "column": 32,
                                      "endLine": 23,
                                      "endColumn": 37
                                    }
                                  ]
                                }
                              ]
                            }
                          ]
                        },
                        {
                          "type": "ReturnStmt",
                          "name": "return",
                          "line": 24,
                          "column": 9,
                          "endLine": 24,
                          "endColumn": 22,
                          "attrs": {
                            "expr": "result"
                          },
                          "children": [
                            {
                              "type": "NameExpr",
                              "name": "result",
                              "line": 24,
                              "column": 16,
                              "endLine": 24,
                              "endColumn": 21,
                              "children": [
                                {
                                  "type": "SimpleName",
                                  "name": "",
                                  "line": 24,
                                  "column": 16,
                                  "endLine": 24,
                                  "endColumn": 21
                                }
                              ]
                            }
                          ]
                        }
                      ]
                    }
                  ]
                },
                {
                  "type": "MethodDeclaration",
                  "name": "backtracking",
                  "line": 34,
                  "column": 5,
                  "endLine": 43,
                  "endColumn": 5,
                  "value": "void",
                  "attrs": {
                    "modifiers": "[private , static ]",
                    "typeParams": "[T]",
                    "throws": "[]",
                    "annotations": "[]",
                    "type": "void",
                    "params": "[T[] arr, int index, List<T[]> result]"
                  },
                  "children": [
                    {
                      "type": "Javadoc",
                      "name": "",
                      "line": 27,
                      "column": 5,
                      "endLine": 33,
                      "endColumn": 7,
                      "value": "\n     * Backtrack all possible orders of a given array\n     * @param arr the array.\n     * @param index the starting index.\n     * @param result the list contains all permutations.\n     * @param <T> the type of elements in the array.\n     "
                    },
                    {
                      "type": "Modifier",
                      "name": "",
                      "line": 34,
                      "column": 5,
                      "endLine": 34,
                      "endColumn": 11
                    },
                    {
                      "type": "Modifier",
                      "name": "",
                      "line": 34,
                      "column": 13,
                      "endLine": 34,
                      "endColumn": 18
                    },
                    {
                      "type": "TypeParameter",
                      "name": "T",
                      "line": 34,
                      "column": 21,
                      "endLine": 34,
                      "endColumn": 21,
                      "children": [
                        {
                          "type": "SimpleName",
                          "name": "",
                          "line": 34,
                          "column": 21,
                          "endLine": 34,
                          "endColumn": 21
                        }
                      ]
                    },
                    {
                      "type": "SimpleName",
                      "name": "",
                      "line": 34,
                      "column": 29,
                      "endLine": 34,
                      "endColumn": 40
                    },
                    {
                      "type": "Parameter",
                      "name": "arr",
                      "line": 34,
                      "column": 42,
                      "endLine": 34,
                      "endColumn": 48,
                      "attrs": {
                        "modifiers": "[]",
                        "type": "T[]",
                        "isVarArgs": "false",
                        "annotations": "[]"
                      },
                      "children": [
                        {
                          "type": "ArrayType",
                          "name": "",
                          "line": 34,
                          "column": 42,
                          "endLine": 34,
                          "endColumn": 44,
                          "children": [
                            {
                              "type": "ClassOrInterfaceType",
                              "name": "T",
                              "line": 34,
                              "column": 42,
                              "endLine": 34,
                              "endColumn": 42,
                              "children": [
                                {
                                  "type": "SimpleName",
                                  "name": "",
                                  "line": 34,
                                  "column": 42,
                                  "endLine": 34,
                                  "endColumn": 42
                                }
                              ]
                            }
                          ]
                        },
                        {
                          "type": "SimpleName",
                          "name": "",
                          "line": 34,
                          "column": 46,
                          "endLine": 34,
                          "endColumn": 48
                        }
                      ]
                    },
                    {
                      "type": "Parameter",
                      "name": "index",
                      "line": 34,
                      "column": 51,
                      "endLine": 34,
                      "endColumn": 59,
                      "attrs": {
                        "modifiers": "[]",
                        "type": "int",
                        "isVarArgs": "false",
                        "annotations": "[]"
                      },
                      "children": [
                        {
                          "type": "PrimitiveType",
                          "name": "",
                          "line": 34,
                          "column": 51,
                          "endLine": 34,
                          "endColumn": 53
                        },
                        {
                          "type": "SimpleName",
                          "name": "",
                          "line": 34,
                          "column": 55,
                          "endLine": 34,
                          "endColumn": 59
                        }
                      ]
                    },
                    {
                      "type": "Parameter",
                      "name": "result",
                      "line": 34,
                      "column": 62,
                      "endLine": 34,
                      "endColumn": 77,
                      "attrs": {
                        "modifiers": "[]",
                        "type": "List<T[]>",
                        "isVarArgs": "false",
                        "annotations": "[]"
                      },
                      "children": [
                        {
                          "type": "ClassOrInterfaceType",
                          "name": "List",
                          "line": 34,
                          "column": 62,
                          "endLine": 34,
                          "endColumn": 70,
                          "attrs": {
                            "typeArgs": "[T[]]"
                          },
                          "children": [
                            {
                              "type": "SimpleName",
                              "name": "",
                              "line": 34,
                              "column": 62,
                              "endLine": 34,
                              "endColumn": 65
                            },
                            {
                              "type": "ArrayType",
                              "name": "",
                              "line": 34,
                              "column": 67,
                              "endLine": 34,
                              "endColumn": 69,
                              "children": [
                                {
                                  "type": "ClassOrInterfaceType",
                                  "name": "T",
                                  "line": 34,
                                  "column": 67,
                                  "endLine": 34,
                                  "endColumn": 67,
                                  "children": [
                                    {
                                      "type": "SimpleName",
                                      "name": "",
                                      "line": 34,
                                      "column": 67,
                                      "endLine": 34,
                                      "endColumn": 67
                                    }
                                  ]
                                }
                              ]
                            }
                          ]
                        },
                        {
                          "type": "SimpleName",
                          "name": "",
                          "line": 34,
                          "column": 72,
                          "endLine": 34,
                          "endColumn": 77
                        }
                      ]
                    },
                    {
                      "type": "VoidType",
                      "name": "",
                      "line": 34,
                      "column": 24,
                      "endLine": 34,
                      "endColumn": 27
                    },
                    {
                      "type": "BlockStmt",
                      "name": "",
                      "line": 34,
                      "column": 80,
                      "endLine": 43,
                      "endColumn": 5,
                      "children": [
                        {
                          "type": "IfStmt",
                          "name": "if(index == arr.length)",
                          "line": 35,
                          "column": 9,
                          "endLine": 37,
                          "endColumn": 9,
                          "attrs": {
                            "condition": "index == arr.length"
                          },
                          "children": [
                            {
                              "type": "BinaryExpr",
                              "name": "",
                              "line": 35,
                              "column": 13,
                              "endLine": 35,
                              "endColumn": 31,
                              "children": [
                                {
                                  "type": "NameExpr",
                                  "name": "index",
                                  "line": 35,
                                  "column": 13,
                                  "endLine": 35,
                                  "endColumn": 17,
                                  "children": [
                                    {
                                      "type": "SimpleName",
                                      "name": "",
                                      "line": 35,
                                      "column": 13,
                                      "endLine": 35,
                                      "endColumn": 17
                                    }
                                  ]
                                },
                                {
                                  "type": "FieldAccessExpr",
                                  "name": "length",
                                  "line": 35,
                                  "column": 22,
                                  "endLine": 35,
                                  "endColumn": 31,
                                  "children": [
                                    {
                                      "type": "NameExpr",
                                      "name": "arr",
                                      "line": 35,
                                      "column": 22,
                                      "endLine": 35,
                                      "endColumn": 24,
                                      "children": [
                                        {
                                          "type": "SimpleName",
                                          "name": "",
                                          "line": 35,
                                          "column": 22,
                                          "endLine": 35,
                                          "endColumn": 24
                                        }
                                      ]
                                    },
                                    {
                                      "type": "SimpleName",
                                      "name": "",
                                      "line": 35,
                                      "column": 26,
                                      "endLine": 35,
                                      "endColumn": 31
                                    }
                                  ]
                                }
                              ]
                            },
                            {
                              "type": "BlockStmt",
                              "name": "",
                              "line": 35,
                              "column": 34,
                              "endLine": 37,
                              "endColumn": 9,
                              "children": [
                                {
                                  "type": "ExpressionStmt",
                                  "name": "",
                                  "line": 36,
                                  "column": 13,
                                  "endLine": 36,
                                  "endColumn": 36,
                                  "attrs": {
                                    "code": "result.add(arr.clone())"
                                  },
                                  "children": [
                                    {
                                      "type": "MethodCallExpr",
                                      "name": "add",
                                      "line": 36,
                                      "column": 13,
                                      "endLine": 36,
                                      "endColumn": 35,
                                      "attrs": {
                                        "args": "[arr.clone()]",
                                        "code": "result.add(arr.clone())"
                                      },
                                      "children": [
                                        {
                                          "type": "NameExpr",
                                          "name": "result",
                                          "line": 36,
                                          "column": 13,
                                          "endLine": 36,
                                          "endColumn": 18,
                                          "children": [
                                            {
                                              "type": "SimpleName",
                                              "name": "",
                                              "line": 36,
                                              "column": 13,
                                              "endLine": 36,
                                              "endColumn": 18
                                            }
                                          ]
                                        },
                                        {
                                          "type": "SimpleName",
                                          "name": "",
                                          "line": 36,
                                          "column": 20,
                                          "endLine": 36,
                                          "endColumn": 22
                                        },
                                        {
                                          "type": "MethodCallExpr",
                                          "name": "clone",
                                          "line": 36,
                                          "column": 24,
                                          "endLine": 36,
                                          "endColumn": 34,
                                          "attrs": {
                                            "args": "[]",
                                            "code": "arr.clone()"
                                          },
                                          "children": [
                                            {
                                              "type": "NameExpr",
                                              "name": "arr",
                                              "line": 36,
                                              "column": 24,
                                              "endLine": 36,
                                              "endColumn": 26,
                                              "children": [
                                                {
                                                  "type": "SimpleName",
                                                  "name": "",
                                                  "line": 36,
                                                  "column": 24,
                                                  "endLine": 36,
                                                  "endColumn": 26
                                                }
                                              ]
                                            },
                                            {
                                              "type": "SimpleName",
                                              "name": "",
                                              "line": 36,
                                              "column": 28,
                                              "endLine": 36,
                                              "endColumn": 32
                                            }
                                          ]
                                        }
                                      ]
                                    }
                                  ]
                                }
                              ]
                            }
                          ]
                        },
                        {
                          "type": "ForStmt",
                          "name": "for(…)",
                          "line": 38,
                          "column": 9,
                          "endLine": 42,
                          "endColumn": 9,
                          "attrs": {
                            "init": "[int i = index]",
                            "compare": "i < arr.length",
                            "update": "[i++]"
                          },
                          "children": [
                            {
                              "type": "VariableDeclarationExpr",
                              "name": "",
                              "line": 38,
                              "column": 14,
                              "endLine": 38,
                              "endColumn": 26,
                              "attrs": {
                                "modifiers": "[]",
                                "code": "int i = index"
                              },
                              "children": [
                                {
                                  "type": "VariableDeclarator",
                                  "name": "i",
                                  "line": 38,
                                  "column": 18,
                                  "endLine": 38,
                                  "endColumn": 26,
                                  "value": "int",
                                  "attrs": {
                                    "initializer": "index",
                                    "type": "int"
                                  },
                                  "children": [
                                    {
                                      "type": "PrimitiveType",
                                      "name": "",
                                      "line": 38,
                                      "column": 14,
                                      "endLine": 38,
                                      "endColumn": 16
                                    },
                                    {
                                      "type": "SimpleName",
                                      "name": "",
                                      "line": 38,
                                      "column": 18,
                                      "endLine": 38,
                                      "endColumn": 18
                                    },
                                    {
                                      "type": "NameExpr",
                                      "name": "index",
                                      "line": 38,
                                      "column": 22,
                                      "endLine": 38,
                                      "endColumn": 26,
                                      "children": [
                                        {
                                          "type": "SimpleName",
                                          "name": "",
                                          "line": 38,
                                          "column": 22,
                                          "endLine": 38,
                                          "endColumn": 26
                                        }
                                      ]
                                    }
                                  ]
                                }
                              ]
                            },
                            {
                              "type": "BinaryExpr",
                              "name": "",
                              "line": 38,
                              "column": 29,
                              "endLine": 38,
                              "endColumn": 42,
                              "children": [
                                {
                                  "type": "NameExpr",
                                  "name": "i",
                                  "line": 38,
                                  "column": 29,
                                  "endLine": 38,
                                  "endColumn": 29,
                                  "children": [
                                    {
                                      "type": "SimpleName",
                                      "name": "",
                                      "line": 38,
                                      "column": 29,
                                      "endLine": 38,
                                      "endColumn": 29
                                    }
                                  ]
                                },
                                {
                                  "type": "FieldAccessExpr",
                                  "name": "length",
                                  "line": 38,
                                  "column": 33,
                                  "endLine": 38,
                                  "endColumn": 42,
                                  "children": [
                                    {
                                      "type": "NameExpr",
                                      "name": "arr",
                                      "line": 38,
                                      "column": 33,
                                      "endLine": 38,
                                      "endColumn": 35,
                                      "children": [
                                        {
                                          "type": "SimpleName",
                                          "name": "",
                                          "line": 38,
                                          "column": 33,
                                          "endLine": 38,
                                          "endColumn": 35
                                        }
                                      ]
                                    },
                                    {
                                      "type": "SimpleName",
                                      "name": "",
                                      "line": 38,
                                      "column": 37,
                                      "endLine": 38,
                                      "endColumn": 42
                                    }
                                  ]
                                }
                              ]
                            },
                            {
                              "type": "UnaryExpr",
                              "name": "",
                              "line": 38,
                              "column": 45,
                              "endLine": 38,
                              "endColumn": 47,
                              "children": [
                                {
                                  "type": "NameExpr",
                                  "name": "i",
                                  "line": 38,
                                  "column": 45,
                                  "endLine": 38,
                                  "endColumn": 45,
                                  "children": [
                                    {
                                      "type": "SimpleName",
                                      "name": "",
                                      "line": 38,
                                      "column": 45,
                                      "endLine": 38,
                                      "endColumn": 45
                                    }
                                  ]
                                }
                              ]
                            },
                            {
                              "type": "BlockStmt",
                              "name": "",
                              "line": 38,
                              "column": 50,
                              "endLine": 42,
                              "endColumn": 9,
                              "children": [
                                {
                                  "type": "ExpressionStmt",
                                  "name": "",
                                  "line": 39,
                                  "column": 13,
                                  "endLine": 39,
                                  "endColumn": 32,
                                  "attrs": {
                                    "code": "swap(index, i, arr)"
                                  },
                                  "children": [
                                    {
                                      "type": "MethodCallExpr",
                                      "name": "swap",
                                      "line": 39,
                                      "column": 13,
                                      "endLine": 39,
                                      "endColumn": 31,
                                      "attrs": {
                                        "args": "[index, i, arr]",
                                        "code": "swap(index, i, arr)"
                                      },
                                      "children": [
                                        {
                                          "type": "SimpleName",
                                          "name": "",
                                          "line": 39,
                                          "column": 13,
                                          "endLine": 39,
                                          "endColumn": 16
                                        },
                                        {
                                          "type": "NameExpr",
                                          "name": "index",
                                          "line": 39,
                                          "column": 18,
                                          "endLine": 39,
                                          "endColumn": 22,
                                          "children": [
                                            {
                                              "type": "SimpleName",
                                              "name": "",
                                              "line": 39,
                                              "column": 18,
                                              "endLine": 39,
                                              "endColumn": 22
                                            }
                                          ]
                                        },
                                        {
                                          "type": "NameExpr",
                                          "name": "i",
                                          "line": 39,
                                          "column": 25,
                                          "endLine": 39,
                                          "endColumn": 25,
                                          "children": [
                                            {
                                              "type": "SimpleName",
                                              "name": "",
                                              "line": 39,
                                              "column": 25,
                                              "endLine": 39,
                                              "endColumn": 25
                                            }
                                          ]
                                        },
                                        {
                                          "type": "NameExpr",
                                          "name": "arr",
                                          "line": 39,
                                          "column": 28,
                                          "endLine": 39,
                                          "endColumn": 30,
                                          "children": [
                                            {
                                              "type": "SimpleName",
                                              "name": "",
                                              "line": 39,
                                              "column": 28,
                                              "endLine": 39,
                                              "endColumn": 30
                                            }
                                          ]
                                        }
                                      ]
                                    }
                                  ]
                                },
                                {
                                  "type": "ExpressionStmt",
                                  "name": "",
                                  "line": 40,
                                  "column": 13,
                                  "endLine": 40,
                                  "endColumn": 49,
                                  "attrs": {
                                    "code": "backtracking(arr, index + 1, result)"
                                  },
                                  "children": [
                                    {
                                      "type": "MethodCallExpr",
                                      "name": "backtracking",
                                      "line": 40,
                                      "column": 13,
                                      "endLine": 40,
                                      "endColumn": 48,
                                      "attrs": {
                                        "args": "[arr, index + 1, result]",
                                        "code": "backtracking(arr, index + 1, result)"
                                      },
                                      "children": [
                                        {
                                          "type": "SimpleName",
                                          "name": "",
                                          "line": 40,
                                          "column": 13,
                                          "endLine": 40,
                                          "endColumn": 24
                                        },
                                        {
                                          "type": "NameExpr",
                                          "name": "arr",
                                          "line": 40,
                                          "column": 26,
                                          "endLine": 40,
                                          "endColumn": 28,
                                          "children": [
                                            {
                                              "type": "SimpleName",
                                              "name": "",
                                              "line": 40,
                                              "column": 26,
                                              "endLine": 40,
                                              "endColumn": 28
                                            }
                                          ]
                                        },
                                        {
                                          "type": "BinaryExpr",
                                          "name": "",
                                          "line": 40,
                                          "column": 31,
                                          "endLine": 40,
                                          "endColumn": 39,
                                          "children": [
                                            {
                                              "type": "NameExpr",
                                              "name": "index",
                                              "line": 40,
                                              "column": 31,
                                              "endLine": 40,
                                              "endColumn": 35,
                                              "children": [
                                                {
                                                  "type": "SimpleName",
                                                  "name": "",
                                                  "line": 40,
                                                  "column": 31,
                                                  "endLine": 40,
                                                  "endColumn": 35
                                                }
                                              ]
                                            },
                                            {
                                              "type": "IntegerLiteralExpr",
                                              "name": "",
                                              "line": 40,
                                              "column": 39,
                                              "endLine": 40,
                                              "endColumn": 39
                                            }
                                          ]
                                        },
                                        {
                                          "type": "NameExpr",
                                          "name": "result",
                                          "line": 40,
                                          "column": 42,
                                          "endLine": 40,
                                          "endColumn": 47,
                                          "children": [
                                            {
                                              "type": "SimpleName",
                                              "name": "",
                                              "line": 40,
                                              "column": 42,
                                              "endLine": 40,
                                              "endColumn": 47
                                            }
                                          ]
                                        }
                                      ]
                                    }
                                  ]
                                },
                                {
                                  "type": "ExpressionStmt",
                                  "name": "",
                                  "line": 41,
                                  "column": 13,
                                  "endLine": 41,
                                  "endColumn": 32,
                                  "attrs": {
                                    "code": "swap(index, i, arr)"
                                  },
                                  "children": [
                                    {
                                      "type": "MethodCallExpr",
                                      "name": "swap",
                                      "line": 41,
                                      "column": 13,
                                      "endLine": 41,
                                      "endColumn": 31,
                                      "attrs": {
                                        "args": "[index, i, arr]",
                                        "code": "swap(index, i, arr)"
                                      },
                                      "children": [
                                        {
                                          "type": "SimpleName",
                                          "name": "",
                                          "line": 41,
                                          "column": 13,
                                          "endLine": 41,
                                          "endColumn": 16
                                        },
                                        {
                                          "type": "NameExpr",
                                          "name": "index",
                                          "line": 41,
                                          "column": 18,
                                          "endLine": 41,
                                          "endColumn": 22,
                                          "children": [
                                            {
                                              "type": "SimpleName",
                                              "name": "",
                                              "line": 41,
                                              "column": 18,
                                              "endLine": 41,
                                              "endColumn": 22
                                            }
                                          ]
                                        },
                                        {
                                          "type": "NameExpr",
                                          "name": "i",
                                          "line": 41,
                                          "column": 25,
                                          "endLine": 41,
                                          "endColumn": 25,
                                          "children": [
                                            {
                                              "type": "SimpleName",
                                              "name": "",
                                              "line": 41,
                                              "column": 25,
                                              "endLine": 41,
                                              "endColumn": 25
                                            }
                                          ]
                                        },
                                        {
                                          "type": "NameExpr",
                                          "name": "arr",
                                          "line": 41,
                                          "column": 28,
                                          "endLine": 41,
                                          "endColumn": 30,
                                          "children": [
                                            {
                                              "type": "SimpleName",
                                              "name": "",
                                              "line": 41,
                                              "column": 28,
                                              "endLine": 41,
                                              "endColumn": 30
                                            }
                                          ]
                                        }
                                      ]
                                    }
                                  ]
                                }
                              ]
                            }
                          ]
                        }
                      ]
                    }
                  ]
                },
                {
                  "type": "MethodDeclaration",
                  "name": "swap",
                  "line": 52,
                  "column": 5,
                  "endLine": 56,
                  "endColumn": 5,
                  "value": "void",
                  "attrs": {
                    "modifiers": "[private , static ]",
                    "typeParams": "[T]",
                    "throws": "[]",
                    "annotations": "[]",
                    "type": "void",
                    "params": "[int a, int b, T[] arr]"
                  },
                  "children": [
                    {
                      "type": "Javadoc",
                      "name": "",
                      "line": 45,
                      "column": 5,
                      "endLine": 51,
                      "endColumn": 7,
                      "value": "\n     * Swap two element for a given array\n     * @param a first index\n     * @param b second index\n     * @param arr the array.\n     * @param <T> the type of elements in the array.\n     "
                    },
                    {
                      "type": "Modifier",
                      "name": "",
                      "line": 52,
                      "column": 5,
                      "endLine": 52,
                      "endColumn": 11
                    },
                    {
                      "type": "Modifier",
                      "name": "",
                      "line": 52,
                      "column": 13,
                      "endLine": 52,
                      "endColumn": 18
                    },
                    {
                      "type": "TypeParameter",
                      "name": "T",
                      "line": 52,
                      "column": 21,
                      "endLine": 52,
                      "endColumn": 21,
                      "children": [
                        {
                          "type": "SimpleName",
                          "name": "",
                          "line": 52,
                          "column": 21,
                          "endLine": 52,
                          "endColumn": 21
                        }
                      ]
                    },
                    {
                      "type": "SimpleName",
                      "name": "",
                      "line": 52,
                      "column": 29,
                      "endLine": 52,
                      "endColumn": 32
                    },
                    {
                      "type": "Parameter",
                      "name": "a",
                      "line": 52,
                      "column": 34,
                      "endLine": 52,
                      "endColumn": 38,
                      "attrs": {
                        "modifiers": "[]",
                        "type": "int",
                        "isVarArgs": "false",
                        "annotations": "[]"
                      },
                      "children": [
                        {
                          "type": "PrimitiveType",
                          "name": "",
                          "line": 52,
                          "column": 34,
                          "endLine": 52,
                          "endColumn": 36
                        },
                        {
                          "type": "SimpleName",
                          "name": "",
                          "line": 52,
                          "column": 38,
                          "endLine": 52,
                          "endColumn": 38
                        }
                      ]
                    },
                    {
                      "type": "Parameter",
                      "name": "b",
                      "line": 52,
                      "column": 41,
                      "endLine": 52,
                      "endColumn": 45,
                      "attrs": {
                        "modifiers": "[]",
                        "type": "int",
                        "isVarArgs": "false",
                        "annotations": "[]"
                      },
                      "children": [
                        {
                          "type": "PrimitiveType",
                          "name": "",
                          "line": 52,
                          "column": 41,
                          "endLine": 52,
                          "endColumn": 43
                        },
                        {
                          "type": "SimpleName",
                          "name": "",
                          "line": 52,
                          "column": 45,
                          "endLine": 52,
                          "endColumn": 45
                        }
                      ]
                    },
                    {
                      "type": "Parameter",
                      "name": "arr",
                      "line": 52,
                      "column": 48,
                      "endLine": 52,
                      "endColumn": 54,
                      "attrs": {
                        "modifiers": "[]",
                        "type": "T[]",
                        "isVarArgs": "false",
                        "annotations": "[]"
                      },
                      "children": [
                        {
                          "type": "ArrayType",
                          "name": "",
                          "line": 52,
                          "column": 48,
                          "endLine": 52,
                          "endColumn": 50,
                          "children": [
                            {
                              "type": "ClassOrInterfaceType",
                              "name": "T",
                              "line": 52,
                              "column": 48,
                              "endLine": 52,
                              "endColumn": 48,
                              "children": [
                                {
                                  "type": "SimpleName",
                                  "name": "",
                                  "line": 52,
                                  "column": 48,
                                  "endLine": 52,
                                  "endColumn": 48
                                }
                              ]
                            }
                          ]
                        },
                        {
                          "type": "SimpleName",
                          "name": "",
                          "line": 52,
                          "column": 52,
                          "endLine": 52,
                          "endColumn": 54
                        }
                      ]
                    },
                    {
                      "type": "VoidType",
                      "name": "",
                      "line": 52,
                      "column": 24,
                      "endLine": 52,
                      "endColumn": 27
                    },
                    {
                      "type": "BlockStmt",
                      "name": "",
                      "line": 52,
                      "column": 57,
                      "endLine": 56,
                      "endColumn": 5,
                      "children": [
                        {
                          "type": "ExpressionStmt",
                          "name": "",
                          "line": 53,
                          "column": 9,
                          "endLine": 53,
                          "endColumn": 24,
                          "attrs": {
                            "code": "T temp = arr[a]"
                          },
                          "children": [
                            {
                              "type": "VariableDeclarationExpr",
                              "name": "",
                              "line": 53,
                              "column": 9,
                              "endLine": 53,
                              "endColumn": 23,
                              "attrs": {
                                "modifiers": "[]",
                                "code": "T temp = arr[a]"
                              },
                              "children": [
                                {
                                  "type": "VariableDeclarator",
                                  "name": "temp",
                                  "line": 53,
                                  "column": 11,
                                  "endLine": 53,
                                  "endColumn": 23,
                                  "value": "T",
                                  "attrs": {
                                    "initializer": "arr[a]",
                                    "type": "T"
                                  },
                                  "children": [
                                    {
                                      "type": "ClassOrInterfaceType",
                                      "name": "T",
                                      "line": 53,
                                      "column": 9,
                                      "endLine": 53,
                                      "endColumn": 9,
                                      "children": [
                                        {
                                          "type": "SimpleName",
                                          "name": "",
                                          "line": 53,
                                          "column": 9,
                                          "endLine": 53,
                                          "endColumn": 9
                                        }
                                      ]
                                    },
                                    {
                                      "type": "SimpleName",
                                      "name": "",
                                      "line": 53,
                                      "column": 11,
                                      "endLine": 53,
                                      "endColumn": 14
                                    },
                                    {
                                      "type": "ArrayAccessExpr",
                                      "name": "",
                                      "line": 53,
                                      "column": 18,
                                      "endLine": 53,
                                      "endColumn": 23,
                                      "children": [
                                        {
                                          "type": "NameExpr",
                                          "name": "arr",
                                          "line": 53,
                                          "column": 18,
                                          "endLine": 53,
                                          "endColumn": 20,
                                          "children": [
                                            {
                                              "type": "SimpleName",
                                              "name": "",
                                              "line": 53,
                                              "column": 18,
                                              "endLine": 53,
                                              "endColumn": 20
                                            }
                                          ]
                                        },
                                        {
                                          "type": "NameExpr",
                                          "name": "a",
                                          "line": 53,
                                          "column": 22,
                                          "endLine": 53,
                                          "endColumn": 22,
                                          "children": [
                                            {
                                              "type": "SimpleName",
                                              "name": "",
                                              "line": 53,
                                              "column": 22,
                                              "endLine": 53,
                                              "endColumn": 22
                                            }
                                          ]
                                        }
                                      ]
                                    }
                                  ]
                                }
                              ]
                            }
                          ]
                        },
                        {
                          "type": "ExpressionStmt",
                          "name": "",
                          "line": 54,
                          "column": 9,
                          "endLine": 54,
                          "endColumn": 24,
                          "attrs": {
                            "code": "arr[a] = arr[b]"
                          },
                          "children": [
                            {
                              "type": "AssignExpr",
                              "name": "",
                              "line": 54,
                              "column": 9,
                              "endLine": 54,
                              "endColumn": 23,
                              "attrs": {
                                "code": "arr[a] = arr[b]"
                              },
                              "children": [
                                {
                                  "type": "ArrayAccessExpr",
                                  "name": "",
                                  "line": 54,
                                  "column": 9,
                                  "endLine": 54,
                                  "endColumn": 14,
                                  "children": [
                                    {
                                      "type": "NameExpr",
                                      "name": "arr",
                                      "line": 54,
                                      "column": 9,
                                      "endLine": 54,
                                      "endColumn": 11,
                                      "children": [
                                        {
                                          "type": "SimpleName",
                                          "name": "",
                                          "line": 54,
                                          "column": 9,
                                          "endLine": 54,
                                          "endColumn": 11
                                        }
                                      ]
                                    },
                                    {
                                      "type": "NameExpr",
                                      "name": "a",
                                      "line": 54,
                                      "column": 13,
                                      "endLine": 54,
                                      "endColumn": 13,
                                      "children": [
                                        {
                                          "type": "SimpleName",
                                          "name": "",
                                          "line": 54,
                                          "column": 13,
                                          "endLine": 54,
                                          "endColumn": 13
                                        }
                                      ]
                                    }
                                  ]
                                },
                                {
                                  "type": "ArrayAccessExpr",
                                  "name": "",
                                  "line": 54,
                                  "column": 18,
                                  "endLine": 54,
                                  "endColumn": 23,
                                  "children": [
                                    {
                                      "type": "NameExpr",
                                      "name": "arr",
                                      "line": 54,
                                      "column": 18,
                                      "endLine": 54,
                                      "endColumn": 20,
                                      "children": [
                                        {
                                          "type": "SimpleName",
                                          "name": "",
                                          "line": 54,
                                          "column": 18,
                                          "endLine": 54,
                                          "endColumn": 20
                                        }
                                      ]
                                    },
                                    {
                                      "type": "NameExpr",
                                      "name": "b",
                                      "line": 54,
                                      "column": 22,
                                      "endLine": 54,
                                      "endColumn": 22,
                                      "children": [
                                        {
                                          "type": "SimpleName",
                                          "name": "",
                                          "line": 54,
                                          "column": 22,
                                          "endLine": 54,
                                          "endColumn": 22
                                        }
                                      ]
                                    }
                                  ]
                                }
                              ]
                            }
                          ]
                        },
                        {
                          "type": "ExpressionStmt",
                          "name": "",
                          "line": 55,
                          "column": 9,
                          "endLine": 55,
                          "endColumn": 22,
                          "attrs": {
                            "code": "arr[b] = temp"
                          },
                          "children": [
                            {
                              "type": "AssignExpr",
                              "name": "",
                              "line": 55,
                              "column": 9,
                              "endLine": 55,
                              "endColumn": 21,
                              "attrs": {
                                "code": "arr[b] = temp"
                              },
                              "children": [
                                {
                                  "type": "ArrayAccessExpr",
                                  "name": "",
                                  "line": 55,
                                  "column": 9,
                                  "endLine": 55,
                                  "endColumn": 14,
                                  "children": [
                                    {
                                      "type": "NameExpr",
                                      "name": "arr",
                                      "line": 55,
                                      "column": 9,
                                      "endLine": 55,
                                      "endColumn": 11,
                                      "children": [
                                        {
                                          "type": "SimpleName",
                                          "name": "",
                                          "line": 55,
                                          "column": 9,
                                          "endLine": 55,
                                          "endColumn": 11
                                        }
                                      ]
                                    },
                                    {
                                      "type": "NameExpr",
                                      "name": "b",
                                      "line": 55,
                                      "column": 13,
                                      "endLine": 55,
                                      "endColumn": 13,
                                      "children": [
                                        {
                                          "type": "SimpleName",
                                          "name": "",
                                          "line": 55,
                                          "column": 13,
                                          "endLine": 55,
                                          "endColumn": 13
                                        }
                                      ]
                                    }
                                  ]
                                },
                                {
                                  "type": "NameExpr",
                                  "name": "temp",
                                  "line": 55,
                                  "column": 18,
                                  "endLine": 55,
                                  "endColumn": 21,
                                  "children": [
                                    {
                                      "type": "SimpleName",
                                      "name": "",
                                      "line": 55,
                                      "column": 18,
                                      "endLine": 55,
                                      "endColumn": 21
                                    }
                                  ]
                                }
                              ]
                            }
                          ]
                        }
                      ]
                    }
                  ]
                }
              ]
            }
          ]
        }
      ]
    }
  ]
}