{
  "type": "Project",
  "name": "Project",
  "children": [
    {
      "type": "File",
      "name": "GenerateSubsets.java",
      "value": "D:\\py-java-transform\\java to py\\java-to-python_user\\java-to-python-main\\java to python-result\\170\\GenerateSubsets.java",
      "children": [
        {
          "type": "CompilationUnit",
          "name": "",
          "line": 1,
          "column": 1,
          "endLine": 44,
          "endColumn": 2,
          "children": [
            {
              "type": "PackageDeclaration",
              "name": "com.thealgorithms.bitmanipulation",
              "line": 1,
              "column": 1,
              "endLine": 1,
              "endColumn": 42,
              "attrs": {
                "name": "com.thealgorithms.bitmanipulation"
              },
              "children": [
                {
                  "type": "Name",
                  "name": "",
                  "line": 1,
                  "column": 9,
                  "endLine": 1,
                  "endColumn": 41,
                  "children": [
                    {
                      "type": "Name",
                      "name": "",
                      "line": 1,
                      "column": 9,
                      "endLine": 1,
                      "endColumn": 25,
                      "children": [
                        {
                          "type": "Name",
                          "name": "",
                          "line": 1,
                          "column": 9,
                          "endLine": 1,
                          "endColumn": 11
                        }
                      ]
                    }
                  ]
                }
              ]
            },
            {
              "type": "ImportDeclaration",
              "name": "java.util.ArrayList",
              "line": 3,
              "column": 1,
              "endLine": 3,
              "endColumn": 27,
              "attrs": {
                "name": "java.util.ArrayList",
                "isStatic": "false",
                "isAsterisk": "false"
              },
              "children": [
                {
                  "type": "Name",
                  "name": "",
                  "line": 3,
                  "column": 8,
                  "endLine": 3,
                  "endColumn": 26,
                  "children": [
                    {
                      "type": "Name",
                      "name": "",
                      "line": 3,
                      "column": 8,
                      "endLine": 3,
                      "endColumn": 16,
                      "children": [
                        {
                          "type": "Name",
                          "name": "",
                          "line": 3,
                          "column": 8,
                          "endLine": 3,
                          "endColumn": 11
                        }
                      ]
                    }
                  ]
                }
              ]
            },
            {
              "type": "ImportDeclaration",
              "name": "java.util.List",
              "line": 4,
              "column": 1,
              "endLine": 4,
              "endColumn": 22,
              "attrs": {
                "name": "java.util.List",
                "isStatic": "false",
                "isAsterisk": "false"
              },
              "children": [
                {
                  "type": "Name",
                  "name": "",
                  "line": 4,
                  "column": 8,
                  "endLine": 4,
                  "endColumn": 21,
                  "children": [
                    {
                      "type": "Name",
                      "name": "",
                      "line": 4,
                      "column": 8,
                      "endLine": 4,
                      "endColumn": 16,
                      "children": [
                        {
                          "type": "Name",
                          "name": "",
                          "line": 4,
                          "column": 8,
                          "endLine": 4,
                          "endColumn": 11
                        }
                      ]
                    }
                  ]
                }
              ]
            },
            {
              "type": "ClassOrInterfaceDeclaration",
              "name": "GenerateSubsets",
              "line": 12,
              "column": 1,
              "endLine": 44,
              "endColumn": 1,
              "value": "class",
              "attrs": {
                "modifiers": "[public , final ]",
                "typeParams": "[]",
                "extends": "[]",
                "implements": "[]",
                "annotations": "[]"
              },
              "children": [
                {
                  "type": "Javadoc",
                  "name": "",
                  "line": 6,
                  "column": 1,
                  "endLine": 11,
                  "endColumn": 3,
                  "value": "\n * This class provides a method to generate all subsets (power set)\n * of a given set using bit manipulation.\n *\n * @author Hardvan\n "
                },
                {
                  "type": "Modifier",
                  "name": "",
                  "line": 12,
                  "column": 1,
                  "endLine": 12,
                  "endColumn": 6
                },
                {
                  "type": "Modifier",
                  "name": "",
                  "line": 12,
                  "column": 8,
                  "endLine": 12,
                  "endColumn": 12
                },
                {
                  "type": "SimpleName",
                  "name": "",
                  "line": 12,
                  "column": 20,
                  "endLine": 12,
                  "endColumn": 34
                },
                {
                  "type": "ConstructorDeclaration",
                  "name": "GenerateSubsets",
                  "line": 13,
                  "column": 5,
                  "endLine": 14,
                  "endColumn": 5,
                  "attrs": {
                    "modifiers": "[private ]",
                    "throws": "[]",
                    "annotations": "[]",
                    "params": "[]"
                  },
                  "children": [
                    {
                      "type": "Modifier",
                      "name": "",
                      "line": 13,
                      "column": 5,
                      "endLine": 13,
                      "endColumn": 11
                    },
                    {
                      "type": "SimpleName",
                      "name": "",
                      "line": 13,
                      "column": 13,
                      "endLine": 13,
                      "endColumn": 27
                    },
                    {
                      "type": "BlockStmt",
                      "name": "",
                      "line": 13,
                      "column": 31,
                      "endLine": 14,
                      "endColumn": 5
                    }
                  ]
                },
                {
                  "type": "MethodDeclaration",
                  "name": "generateSubsets",
                  "line": 28,
                  "column": 5,
                  "endLine": 43,
                  "endColumn": 5,
                  "value": "List<List<Integer>>",
                  "attrs": {
                    "modifiers": "[public , static ]",
                    "typeParams": "[]",
                    "throws": "[]",
                    "annotations": "[]",
                    "type": "List<List<Integer>>",
                    "params": "[int[] set]"
                  },
                  "children": [
                    {
                      "type": "Javadoc",
                      "name": "",
                      "line": 16,
                      "column": 5,
                      "endLine": 27,
                      "endColumn": 7,
                      "value": "\n     * Generates all subsets of a given set using bit manipulation.\n     * Steps:\n     * 1. Iterate over all numbers from 0 to 2^n - 1.\n     * 2. For each number, iterate over all bits from 0 to n - 1.\n     * 3. If the i-th bit of the number is set, add the i-th element of the set to the current subset.\n     * 4. Add the current subset to the list of subsets.\n     * 5. Return the list of subsets.\n     *\n     * @param set the input set of integers\n     * @return a list of all subsets represented as lists of integers\n     "
                    },
                    {
                      "type": "Modifier",
                      "name": "",
                      "line": 28,
                      "column": 5,
                      "endLine": 28,
                      "endColumn": 10
                    },
                    {
                      "type": "Modifier",
                      "name": "",
                      "line": 28,
                      "column": 12,
                      "endLine": 28,
                      "endColumn": 17
                    },
                    {
                      "type": "SimpleName",
                      "name": "",
                      "line": 28,
                      "column": 39,
                      "endLine": 28,
                      "endColumn": 53
                    },
                    {
                      "type": "Parameter",
                      "name": "set",
                      "line": 28,
                      "column": 55,
                      "endLine": 28,
                      "endColumn": 63,
                      "attrs": {
                        "modifiers": "[]",
                        "type": "int[]",
                        "isVarArgs": "false",
                        "annotations": "[]"
                      },
                      "children": [
                        {
                          "type": "ArrayType",
                          "name": "",
                          "line": 28,
                          "column": 55,
                          "endLine": 28,
                          "endColumn": 59,
                          "children": [
                            {
                              "type": "PrimitiveType",
                              "name": "",
                              "line": 28,
                              "column": 55,
                              "endLine": 28,
                              "endColumn": 57
                            }
                          ]
                        },
                        {
                          "type": "SimpleName",
                          "name": "",
                          "line": 28,
                          "column": 61,
                          "endLine": 28,
                          "endColumn": 63
                        }
                      ]
                    },
                    {
                      "type": "ClassOrInterfaceType",
                      "name": "List",
                      "line": 28,
                      "column": 19,
                      "endLine": 28,
                      "endColumn": 37,
                      "attrs": {
                        "typeArgs": "[List<Integer>]"
                      },
                      "children": [
                        {
                          "type": "SimpleName",
                          "name": "",
                          "line": 28,
                          "column": 19,
                          "endLine": 28,
                          "endColumn": 22
                        },
                        {
                          "type": "ClassOrInterfaceType",
                          "name": "List",
                          "line": 28,
                          "column": 24,
                          "endLine": 28,
                          "endColumn": 36,
                          "attrs": {
                            "typeArgs": "[Integer]"
                          },
                          "children": [
                            {
                              "type": "SimpleName",
                              "name": "",
                              "line": 28,
                              "column": 24,
                              "endLine": 28,
                              "endColumn": 27
                            },
                            {
                              "type": "ClassOrInterfaceType",
                              "name": "Integer",
                              "line": 28,
                              "column": 29,
                              "endLine": 28,
                              "endColumn": 35,
                              "children": [
                                {
                                  "type": "SimpleName",
                                  "name": "",
                                  "line": 28,
                                  "column": 29,
                                  "endLine": 28,
                                  "endColumn": 35
                                }
                              ]
                            }
                          ]
                        }
                      ]
                    },
                    {
                      "type": "BlockStmt",
                      "name": "",
                      "line": 28,
                      "column": 66,
                      "endLine": 43,
                      "endColumn": 5,
                      "children": [
                        {
                          "type": "ExpressionStmt",
                          "name": "",
                          "line": 29,
                          "column": 9,
                          "endLine": 29,
                          "endColumn": 27,
                          "attrs": {
                            "code": "int n = set.length"
                          },
                          "children": [
                            {
                              "type": "VariableDeclarationExpr",
                              "name": "",
                              "line": 29,
                              "column": 9,
                              "endLine": 29,
                              "endColumn": 26,
                              "attrs": {
                                "modifiers": "[]",
                                "code": "int n = set.length"
                              },
                              "children": [
                                {
                                  "type": "VariableDeclarator",
                                  "name": "n",
                                  "line": 29,
                                  "column": 13,
                                  "endLine": 29,
                                  "endColumn": 26,
                                  "value": "int",
                                  "attrs": {
                                    "initializer": "set.length",
                                    "type": "int"
                                  },
                                  "children": [
                                    {
                                      "type": "PrimitiveType",
                                      "name": "",
                                      "line": 29,
                                      "column": 9,
                                      "endLine": 29,
                                      "endColumn": 11
                                    },
                                    {
                                      "type": "SimpleName",
                                      "name": "",
                                      "line": 29,
                                      "column": 13,
                                      "endLine": 29,
                                      "endColumn": 13
                                    },
                                    {
                                      "type": "FieldAccessExpr",
                                      "name": "length",
                                      "line": 29,
                                      "column": 17,
                                      "endLine": 29,
                                      "endColumn": 26,
                                      "children": [
                                        {
                                          "type": "NameExpr",
                                          "name": "set",
                                          "line": 29,
                                          "column": 17,
                                          "endLine": 29,
                                          "endColumn": 19,
                                          "children": [
                                            {
                                              "type": "SimpleName",
                                              "name": "",
                                              "line": 29,
                                              "column": 17,
                                              "endLine": 29,
                                              "endColumn": 19
                                            }
                                          ]
                                        },
                                        {
                                          "type": "SimpleName",
                                          "name": "",
                                          "line": 29,
                                          "column": 21,
                                          "endLine": 29,
                                          "endColumn": 26
                                        }
                                      ]
                                    }
                                  ]
                                }
                              ]
                            }
                          ]
                        },
                        {
                          "type": "ExpressionStmt",
                          "name": "",
                          "line": 30,
                          "column": 9,
                          "endLine": 30,
                          "endColumn": 56,
                          "attrs": {
                            "code": "List<List<Integer>> subsets = new ArrayList<>()"
                          },
                          "children": [
                            {
                              "type": "VariableDeclarationExpr",
                              "name": "",
                              "line": 30,
                              "column": 9,
                              "endLine": 30,
                              "endColumn": 55,
                              "attrs": {
                                "modifiers": "[]",
                                "code": "List<List<Integer>> subsets = new ArrayList<>()"
                              },
                              "children": [
                                {
                                  "type": "VariableDeclarator",
                                  "name": "subsets",
                                  "line": 30,
                                  "column": 29,
                                  "endLine": 30,
                                  "endColumn": 55,
                                  "value": "List<List<Integer>>",
                                  "attrs": {
                                    "initializer": "new ArrayList<>()",
                                    "type": "List<List<Integer>>"
                                  },
                                  "children": [
                                    {
                                      "type": "ClassOrInterfaceType",
                                      "name": "List",
                                      "line": 30,
                                      "column": 9,
                                      "endLine": 30,
                                      "endColumn": 27,
                                      "attrs": {
                                        "typeArgs": "[List<Integer>]"
                                      },
                                      "children": [
                                        {
                                          "type": "SimpleName",
                                          "name": "",
                                          "line": 30,
                                          "column": 9,
                                          "endLine": 30,
                                          "endColumn": 12
                                        },
                                        {
                                          "type": "ClassOrInterfaceType",
                                          "name": "List",
                                          "line": 30,
                                          "column": 14,
                                          "endLine": 30,
                                          "endColumn": 26,
                                          "attrs": {
                                            "typeArgs": "[Integer]"
                                          },
                                          "children": [
                                            {
                                              "type": "SimpleName",
                                              "name": "",
                                              "line": 30,
                                              "column": 14,
                                              "endLine": 30,
                                              "endColumn": 17
                                            },
                                            {
                                              "type": "ClassOrInterfaceType",
                                              "name": "Integer",
                                              "line": 30,
                                              "column": 19,
                                              "endLine": 30,
                                              "endColumn": 25,
                                              "children": [
                                                {
                                                  "type": "SimpleName",
                                                  "name": "",
                                                  "line": 30,
                                                  "column": 19,
                                                  "endLine": 30,
                                                  "endColumn": 25
                                                }
                                              ]
                                            }
                                          ]
                                        }
                                      ]
                                    },
                                    {
                                      "type": "SimpleName",
                                      "name": "",
                                      "line": 30,
                                      "column": 29,
                                      "endLine": 30,
                                      "endColumn": 35
                                    },
                                    {
                                      "type": "ObjectCreationExpr",
                                      "name": "new ArrayList<>",
                                      "line": 30,
                                      "column": 39,
                                      "endLine": 30,
                                      "endColumn": 55,
                                      "attrs": {
                                        "type": "ArrayList<>",
                                        "hasAnonymousClassBody": "false",
                                        "args": "[]"
                                      },
                                      "children": [
                                        {
                                          "type": "ClassOrInterfaceType",
                                          "name": "ArrayList",
                                          "line": 30,
                                          "column": 43,
                                          "endLine": 30,
                                          "endColumn": 53,
                                          "attrs": {
                                            "typeArgs": "[]"
                                          },
                                          "children": [
                                            {
                                              "type": "SimpleName",
                                              "name": "",
                                              "line": 30,
                                              "column": 43,
                                              "endLine": 30,
                                              "endColumn": 51
                                            }
                                          ]
                                        }
                                      ]
                                    }
                                  ]
                                }
                              ]
                            }
                          ]
                        },
                        {
                          "type": "ForStmt",
                          "name": "for(…)",
                          "line": 32,
                          "column": 9,
                          "endLine": 40,
                          "endColumn": 9,
                          "attrs": {
                            "init": "[int mask = 0]",
                            "compare": "mask < (1 << n)",
                            "update": "[mask++]"
                          },
                          "children": [
                            {
                              "type": "VariableDeclarationExpr",
                              "name": "",
                              "line": 32,
                              "column": 14,
                              "endLine": 32,
                              "endColumn": 25,
                              "attrs": {
                                "modifiers": "[]",
                                "code": "int mask = 0"
                              },
                              "children": [
                                {
                                  "type": "VariableDeclarator",
                                  "name": "mask",
                                  "line": 32,
                                  "column": 18,
                                  "endLine": 32,
                                  "endColumn": 25,
                                  "value": "int",
                                  "attrs": {
                                    "initializer": "0",
                                    "type": "int"
                                  },
                                  "children": [
                                    {
                                      "type": "PrimitiveType",
                                      "name": "",
                                      "line": 32,
                                      "column": 14,
                                      "endLine": 32,
                                      "endColumn": 16
                                    },
                                    {
                                      "type": "SimpleName",
                                      "name": "",
                                      "line": 32,
                                      "column": 18,
                                      "endLine": 32,
                                      "endColumn": 21
                                    },
                                    {
                                      "type": "IntegerLiteralExpr",
                                      "name": "",
                                      "line": 32,
                                      "column": 25,
                                      "endLine": 32,
                                      "endColumn": 25
                                    }
                                  ]
                                }
                              ]
                            },
                            {
                              "type": "BinaryExpr",
                              "name": "",
                              "line": 32,
                              "column": 28,
                              "endLine": 32,
                              "endColumn": 42,
                              "children": [
                                {
                                  "type": "NameExpr",
                                  "name": "mask",
                                  "line": 32,
                                  "column": 28,
                                  "endLine": 32,
                                  "endColumn": 31,
                                  "children": [
                                    {
                                      "type": "SimpleName",
                                      "name": "",
                                      "line": 32,
                                      "column": 28,
                                      "endLine": 32,
                                      "endColumn": 31
                                    }
                                  ]
                                },
                                {
                                  "type": "EnclosedExpr",
                                  "name": "",
                                  "line": 32,
                                  "column": 35,
                                  "endLine": 32,
                                  "endColumn": 42,
                                  "children": [
                                    {
                                      "type": "BinaryExpr",
                                      "name": "",
                                      "line": 32,
                                      "column": 36,
                                      "endLine": 32,
                                      "endColumn": 41,
                                      "children": [
                                        {
                                          "type": "IntegerLiteralExpr",
                                          "name": "",
                                          "line": 32,
                                          "column": 36,
                                          "endLine": 32,
                                          "endColumn": 36
                                        },
                                        {
                                          "type": "NameExpr",
                                          "name": "n",
                                          "line": 32,
                                          "column": 41,
                                          "endLine": 32,
                                          "endColumn": 41,
                                          "children": [
                                            {
                                              "type": "SimpleName",
                                              "name": "",
                                              "line": 32,
                                              "column": 41,
                                              "endLine": 32,
                                              "endColumn": 41
                                            }
                                          ]
                                        }
                                      ]
                                    }
                                  ]
                                }
                              ]
                            },
                            {
                              "type": "UnaryExpr",
                              "name": "",
                              "line": 32,
                              "column": 45,
                              "endLine": 32,
                              "endColumn": 50,
                              "children": [
                                {
                                  "type": "NameExpr",
                                  "name": "mask",
                                  "line": 32,
                                  "column": 45,
                                  "endLine": 32,
                                  "endColumn": 48,
                                  "children": [
                                    {
                                      "type": "SimpleName",
                                      "name": "",
                                      "line": 32,
                                      "column": 45,
                                      "endLine": 32,
                                      "endColumn": 48
                                    }
                                  ]
                                }
                              ]
                            },
                            {
                              "type": "BlockStmt",
                              "name": "",
                              "line": 32,
                              "column": 53,
                              "endLine": 40,
                              "endColumn": 9,
                              "children": [
                                {
                                  "type": "ExpressionStmt",
                                  "name": "",
                                  "line": 33,
                                  "column": 13,
                                  "endLine": 33,
                                  "endColumn": 53,
                                  "attrs": {
                                    "code": "List<Integer> subset = new ArrayList<>()"
                                  },
                                  "children": [
                                    {
                                      "type": "VariableDeclarationExpr",
                                      "name": "",
                                      "line": 33,
                                      "column": 13,
                                      "endLine": 33,
                                      "endColumn": 52,
                                      "attrs": {
                                        "modifiers": "[]",
                                        "code": "List<Integer> subset = new ArrayList<>()"
                                      },
                                      "children": [
                                        {
                                          "type": "VariableDeclarator",
                                          "name": "subset",
                                          "line": 33,
                                          "column": 27,
                                          "endLine": 33,
                                          "endColumn": 52,
                                          "value": "List<Integer>",
                                          "attrs": {
                                            "initializer": "new ArrayList<>()",
                                            "type": "List<Integer>"
                                          },
                                          "children": [
                                            {
                                              "type": "ClassOrInterfaceType",
                                              "name": "List",
                                              "line": 33,
                                              "column": 13,
                                              "endLine": 33,
                                              "endColumn": 25,
                                              "attrs": {
                                                "typeArgs": "[Integer]"
                                              },
                                              "children": [
                                                {
                                                  "type": "SimpleName",
                                                  "name": "",
                                                  "line": 33,
                                                  "column": 13,
                                                  "endLine": 33,
                                                  "endColumn": 16
                                                },
                                                {
                                                  "type": "ClassOrInterfaceType",
                                                  "name": "Integer",
                                                  "line": 33,
                                                  "column": 18,
                                                  "endLine": 33,
                                                  "endColumn": 24,
                                                  "children": [
                                                    {
                                                      "type": "SimpleName",
                                                      "name": "",
                                                      "line": 33,
                                                      "column": 18,
                                                      "endLine": 33,
                                                      "endColumn": 24
                                                    }
                                                  ]
                                                }
                                              ]
                                            },
                                            {
                                              "type": "SimpleName",
                                              "name": "",
                                              "line": 33,
                                              "column": 27,
                                              "endLine": 33,
                                              "endColumn": 32
                                            },
                                            {
                                              "type": "ObjectCreationExpr",
                                              "name": "new ArrayList<>",
                                              "line": 33,
                                              "column": 36,
                                              "endLine": 33,
                                              "endColumn": 52,
                                              "attrs": {
                                                "type": "ArrayList<>",
                                                "hasAnonymousClassBody": "false",
                                                "args": "[]"
                                              },
                                              "children": [
                                                {
                                                  "type": "ClassOrInterfaceType",
                                                  "name": "ArrayList",
                                                  "line": 33,
                                                  "column": 40,
                                                  "endLine": 33,
                                                  "endColumn": 50,
                                                  "attrs": {
                                                    "typeArgs": "[]"
                                                  },
                                                  "children": [
                                                    {
                                                      "type": "SimpleName",
                                                      "name": "",
                                                      "line": 33,
                                                      "column": 40,
                                                      "endLine": 33,
                                                      "endColumn": 48
                                                    }
                                                  ]
                                                }
                                              ]
                                            }
                                          ]
                                        }
                                      ]
                                    }
                                  ]
                                },
                                {
                                  "type": "ForStmt",
                                  "name": "for(…)",
                                  "line": 34,
                                  "column": 13,
                                  "endLine": 38,
                                  "endColumn": 13,
                                  "attrs": {
                                    "init": "[int i = 0]",
                                    "compare": "i < n",
                                    "update": "[i++]"
                                  },
                                  "children": [
                                    {
                                      "type": "VariableDeclarationExpr",
                                      "name": "",
                                      "line": 34,
                                      "column": 18,
                                      "endLine": 34,
                                      "endColumn": 26,
                                      "attrs": {
                                        "modifiers": "[]",
                                        "code": "int i = 0"
                                      },
                                      "children": [
                                        {
                                          "type": "VariableDeclarator",
                                          "name": "i",
                                          "line": 34,
                                          "column": 22,
                                          "endLine": 34,
                                          "endColumn": 26,
                                          "value": "int",
                                          "attrs": {
                                            "initializer": "0",
                                            "type": "int"
                                          },
                                          "children": [
                                            {
                                              "type": "PrimitiveType",
                                              "name": "",
                                              "line": 34,
                                              "column": 18,
                                              "endLine": 34,
                                              "endColumn": 20
                                            },
                                            {
                                              "type": "SimpleName",
                                              "name": "",
                                              "line": 34,
                                              "column": 22,
                                              "endLine": 34,
                                              "endColumn": 22
                                            },
                                            {
                                              "type": "IntegerLiteralExpr",
                                              "name": "",
                                              "line": 34,
                                              "column": 26,
                                              "endLine": 34,
                                              "endColumn": 26
                                            }
                                          ]
                                        }
                                      ]
                                    },
                                    {
                                      "type": "BinaryExpr",
                                      "name": "",
                                      "line": 34,
                                      "column": 29,
                                      "endLine": 34,
                                      "endColumn": 33,
                                      "children": [
                                        {
                                          "type": "NameExpr",
                                          "name": "i",
                                          "line": 34,
                                          "column": 29,
                                          "endLine": 34,
                                          "endColumn": 29,
                                          "children": [
                                            {
                                              "type": "SimpleName",
                                              "name": "",
                                              "line": 34,
                                              "column": 29,
                                              "endLine": 34,
                                              "endColumn": 29
                                            }
                                          ]
                                        },
                                        {
                                          "type": "NameExpr",
                                          "name": "n",
                                          "line": 34,
                                          "column": 33,
                                          "endLine": 34,
                                          "endColumn": 33,
                                          "children": [
                                            {
                                              "type": "SimpleName",
                                              "name": "",
                                              "line": 34,
                                              "column": 33,
                                              "endLine": 34,
                                              "endColumn": 33
                                            }
                                          ]
                                        }
                                      ]
                                    },
                                    {
                                      "type": "UnaryExpr",
                                      "name": "",
                                      "line": 34,
                                      "column": 36,
                                      "endLine": 34,
                                      "endColumn": 38,
                                      "children": [
                                        {
                                          "type": "NameExpr",
                                          "name": "i",
                                          "line": 34,
                                          "column": 36,
                                          "endLine": 34,
                                          "endColumn": 36,
                                          "children": [
                                            {
                                              "type": "SimpleName",
                                              "name": "",
                                              "line": 34,
                                              "column": 36,
                                              "endLine": 34,
                                              "endColumn": 36
                                            }
                                          ]
                                        }
                                      ]
                                    },
                                    {
                                      "type": "BlockStmt",
                                      "name": "",
                                      "line": 34,
                                      "column": 41,
                                      "endLine": 38,
                                      "endColumn": 13,
                                      "children": [
                                        {
                                          "type": "IfStmt",
                                          "name": "if((mask & (1 << i)) != 0)",
                                          "line": 35,
                                          "column": 17,
                                          "endLine": 37,
                                          "endColumn": 17,
                                          "attrs": {
                                            "condition": "(mask & (1 << i)) != 0"
                                          },
                                          "children": [
                                            {
                                              "type": "BinaryExpr",
                                              "name": "",
                                              "line": 35,
                                              "column": 21,
                                              "endLine": 35,
                                              "endColumn": 42,
                                              "children": [
                                                {
                                                  "type": "EnclosedExpr",
                                                  "name": "",
                                                  "line": 35,
                                                  "column": 21,
                                                  "endLine": 35,
                                                  "endColumn": 37,
                                                  "children": [
                                                    {
                                                      "type": "BinaryExpr",
                                                      "name": "",
                                                      "line": 35,
                                                      "column": 22,
                                                      "endLine": 35,
                                                      "endColumn": 36,
                                                      "children": [
                                                        {
                                                          "type": "NameExpr",
                                                          "name": "mask",
                                                          "line": 35,
                                                          "column": 22,
                                                          "endLine": 35,
                                                          "endColumn": 25,
                                                          "children": [
                                                            {
                                                              "type": "SimpleName",
                                                              "name": "",
                                                              "line": 35,
                                                              "column": 22,
                                                              "endLine": 35,
                                                              "endColumn": 25
                                                            }
                                                          ]
                                                        },
                                                        {
                                                          "type": "EnclosedExpr",
                                                          "name": "",
                                                          "line": 35,
                                                          "column": 29,
                                                          "endLine": 35,
                                                          "endColumn": 36,
                                                          "children": [
                                                            {
                                                              "type": "BinaryExpr",
                                                              "name": "",
                                                              "line": 35,
                                                              "column": 30,
                                                              "endLine": 35,
                                                              "endColumn": 35,
                                                              "children": [
                                                                {
                                                                  "type": "IntegerLiteralExpr",
                                                                  "name": "",
                                                                  "line": 35,
                                                                  "column": 30,
                                                                  "endLine": 35,
                                                                  "endColumn": 30
                                                                },
                                                                {
                                                                  "type": "NameExpr",
                                                                  "name": "i",
                                                                  "line": 35,
                                                                  "column": 35,
                                                                  "endLine": 35,
                                                                  "endColumn": 35,
                                                                  "children": [
                                                                    {
                                                                      "type": "SimpleName",
                                                                      "name": "",
                                                                      "line": 35,
                                                                      "column": 35,
                                                                      "endLine": 35,
                                                                      "endColumn": 35
                                                                    }
                                                                  ]
                                                                }
                                                              ]
                                                            }
                                                          ]
                                                        }
                                                      ]
                                                    }
                                                  ]
                                                },
                                                {
                                                  "type": "IntegerLiteralExpr",
                                                  "name": "",
                                                  "line": 35,
                                                  "column": 42,
                                                  "endLine": 35,
                                                  "endColumn": 42
                                                }
                                              ]
                                            },
                                            {
                                              "type": "BlockStmt",
                                              "name": "",
                                              "line": 35,
                                              "column": 45,
                                              "endLine": 37,
                                              "endColumn": 17,
                                              "children": [
                                                {
                                                  "type": "ExpressionStmt",
                                                  "name": "",
                                                  "line": 36,
                                                  "column": 21,
                                                  "endLine": 36,
                                                  "endColumn": 39,
                                                  "attrs": {
                                                    "code": "subset.add(set[i])"
                                                  },
                                                  "children": [
                                                    {
                                                      "type": "MethodCallExpr",
                                                      "name": "add",
                                                      "line": 36,
                                                      "column": 21,
                                                      "endLine": 36,
                                                      "endColumn": 38,
                                                      "attrs": {
                                                        "args": "[set[i]]",
                                                        "code": "subset.add(set[i])"
                                                      },
                                                      "children": [
                                                        {
                                                          "type": "NameExpr",
                                                          "name": "subset",
                                                          "line": 36,
                                                          "column": 21,
                                                          "endLine": 36,
                                                          "endColumn": 26,
                                                          "children": [
                                                            {
                                                              "type": "SimpleName",
                                                              "name": "",
                                                              "line": 36,
                                                              "column": 21,
                                                              "endLine": 36,
                                                              "endColumn": 26
                                                            }
                                                          ]
                                                        },
                                                        {
                                                          "type": "SimpleName",
                                                          "name": "",
                                                          "line": 36,
                                                          "column": 28,
                                                          "endLine": 36,
                                                          "endColumn": 30
                                                        },
                                                        {
                                                          "type": "ArrayAccessExpr",
                                                          "name": "",
                                                          "line": 36,
                                                          "column": 32,
                                                          "endLine": 36,
                                                          "endColumn": 37,
                                                          "children": [
                                                            {
                                                              "type": "NameExpr",
                                                              "name": "set",
                                                              "line": 36,
                                                              "column": 32,
                                                              "endLine": 36,
                                                              "endColumn": 34,
                                                              "children": [
                                                                {
                                                                  "type": "SimpleName",
                                                                  "name": "",
                                                                  "line": 36,
                                                                  "column": 32,
                                                                  "endLine": 36,
                                                                  "endColumn": 34
                                                                }
                                                              ]
                                                            },
                                                            {
                                                              "type": "NameExpr",
                                                              "name": "i",
                                                              "line": 36,
                                                              "column": 36,
                                                              "endLine": 36,
                                                              "endColumn": 36,
                                                              "children": [
                                                                {
                                                                  "type": "SimpleName",
                                                                  "name": "",
                                                                  "line": 36,
                                                                  "column": 36,
                                                                  "endLine": 36,
                                                                  "endColumn": 36
                                                                }
                                                              ]
                                                            }
                                                          ]
                                                        }
                                                      ]
                                                    }
                                                  ]
                                                }
                                              ]
                                            }
                                          ]
                                        }
                                      ]
                                    }
                                  ]
                                },
                                {
                                  "type": "ExpressionStmt",
                                  "name": "",
                                  "line": 39,
                                  "column": 13,
                                  "endLine": 39,
                                  "endColumn": 32,
                                  "attrs": {
                                    "code": "subsets.add(subset)"
                                  },
                                  "children": [
                                    {
                                      "type": "MethodCallExpr",
                                      "name": "add",
                                      "line": 39,
                                      "column": 13,
                                      "endLine": 39,
                                      "endColumn": 31,
                                      "attrs": {
                                        "args": "[subset]",
                                        "code": "subsets.add(subset)"
                                      },
                                      "children": [
                                        {
                                          "type": "NameExpr",
                                          "name": "subsets",
                                          "line": 39,
                                          "column": 13,
                                          "endLine": 39,
                                          "endColumn": 19,
                                          "children": [
                                            {
                                              "type": "SimpleName",
                                              "name": "",
                                              "line": 39,
                                              "column": 13,
                                              "endLine": 39,
                                              "endColumn": 19
                                            }
                                          ]
                                        },
                                        {
                                          "type": "SimpleName",
                                          "name": "",
                                          "line": 39,
                                          "column": 21,
                                          "endLine": 39,
                                          "endColumn": 23
                                        },
                                        {
                                          "type": "NameExpr",
                                          "name": "subset",
                                          "line": 39,
                                          "column": 25,
                                          "endLine": 39,
                                          "endColumn": 30,
                                          "children": [
                                            {
                                              "type": "SimpleName",
                                              "name": "",
                                              "line": 39,
                                              "column": 25,
                                              "endLine": 39,
                                              "endColumn": 30
                                            }
                                          ]
                                        }
                                      ]
                                    }
                                  ]
                                }
                              ]
                            }
                          ]
                        },
                        {
                          "type": "ReturnStmt",
                          "name": "return",
                          "line": 42,
                          "column": 9,
                          "endLine": 42,
                          "endColumn": 23,
                          "attrs": {
                            "expr": "subsets"
                          },
                          "children": [
                            {
                              "type": "NameExpr",
                              "name": "subsets",
                              "line": 42,
                              "column": 16,
                              "endLine": 42,
                              "endColumn": 22,
                              "children": [
                                {
                                  "type": "SimpleName",
                                  "name": "",
                                  "line": 42,
                                  "column": 16,
                                  "endLine": 42,
                                  "endColumn": 22
                                }
                              ]
                            }
                          ]
                        }
                      ]
                    }
                  ]
                }
              ]
            }
          ]
        }
      ]
    }
  ]
}