{
  "type": "Project",
  "name": "Project",
  "children": [
    {
      "type": "File",
      "name": "Map.java",
      "value": "D:\\py-java-transform\\java to py\\java-to-python-main\\java-to-python-main\\src\\com\\example\\example\\java\\com\\thealgorithms\\datastructures\\hashmap\\hashing\\Map\\Map.java",
      "children": [
        {
          "type": "CompilationUnit",
          "name": "",
          "line": 1,
          "column": 1,
          "endLine": 22,
          "endColumn": 2,
          "children": [
            {
              "type": "PackageDeclaration",
              "name": "com.thealgorithms.datastructures.hashmap.hashing",
              "line": 1,
              "column": 1,
              "endLine": 1,
              "endColumn": 57,
              "attrs": {
                "name": "com.thealgorithms.datastructures.hashmap.hashing"
              },
              "children": [
                {
                  "type": "Name",
                  "name": "",
                  "line": 1,
                  "column": 9,
                  "endLine": 1,
                  "endColumn": 56,
                  "children": [
                    {
                      "type": "Name",
                      "name": "",
                      "line": 1,
                      "column": 9,
                      "endLine": 1,
                      "endColumn": 48,
                      "children": [
                        {
                          "type": "Name",
                          "name": "",
                          "line": 1,
                          "column": 9,
                          "endLine": 1,
                          "endColumn": 40,
                          "children": [
                            {
                              "type": "Name",
                              "name": "",
                              "line": 1,
                              "column": 9,
                              "endLine": 1,
                              "endColumn": 25,
                              "children": [
                                {
                                  "type": "Name",
                                  "name": "",
                                  "line": 1,
                                  "column": 9,
                                  "endLine": 1,
                                  "endColumn": 11
                                }
                              ]
                            }
                          ]
                        }
                      ]
                    }
                  ]
                }
              ]
            },
            {
              "type": "ClassOrInterfaceDeclaration",
              "name": "Map",
              "line": 3,
              "column": 1,
              "endLine": 22,
              "endColumn": 1,
              "value": "class",
              "attrs": {
                "modifiers": "[public , abstract ]",
                "typeParams": "[Key, Value]",
                "extends": "[]",
                "implements": "[]",
                "annotations": "[]"
              },
              "children": [
                {
                  "type": "Modifier",
                  "name": "",
                  "line": 3,
                  "column": 1,
                  "endLine": 3,
                  "endColumn": 6
                },
                {
                  "type": "Modifier",
                  "name": "",
                  "line": 3,
                  "column": 8,
                  "endLine": 3,
                  "endColumn": 15
                },
                {
                  "type": "SimpleName",
                  "name": "",
                  "line": 3,
                  "column": 23,
                  "endLine": 3,
                  "endColumn": 25
                },
                {
                  "type": "MethodDeclaration",
                  "name": "put",
                  "line": 5,
                  "column": 5,
                  "endLine": 5,
                  "endColumn": 47,
                  "value": "boolean",
                  "attrs": {
                    "modifiers": "[abstract ]",
                    "typeParams": "[]",
                    "throws": "[]",
                    "annotations": "[]",
                    "type": "boolean",
                    "params": "[Key key, Value value]"
                  },
                  "children": [
                    {
                      "type": "Modifier",
                      "name": "",
                      "line": 5,
                      "column": 5,
                      "endLine": 5,
                      "endColumn": 12
                    },
                    {
                      "type": "SimpleName",
                      "name": "",
                      "line": 5,
                      "column": 22,
                      "endLine": 5,
                      "endColumn": 24
                    },
                    {
                      "type": "Parameter",
                      "name": "key",
                      "line": 5,
                      "column": 26,
                      "endLine": 5,
                      "endColumn": 32,
                      "attrs": {
                        "modifiers": "[]",
                        "type": "Key",
                        "isVarArgs": "false",
                        "annotations": "[]"
                      },
                      "children": [
                        {
                          "type": "ClassOrInterfaceType",
                          "name": "Key",
                          "line": 5,
                          "column": 26,
                          "endLine": 5,
                          "endColumn": 28,
                          "children": [
                            {
                              "type": "SimpleName",
                              "name": "",
                              "line": 5,
                              "column": 26,
                              "endLine": 5,
                              "endColumn": 28
                            }
                          ]
                        },
                        {
                          "type": "SimpleName",
                          "name": "",
                          "line": 5,
                          "column": 30,
                          "endLine": 5,
                          "endColumn": 32
                        }
                      ]
                    },
                    {
                      "type": "Parameter",
                      "name": "value",
                      "line": 5,
                      "column": 35,
                      "endLine": 5,
                      "endColumn": 45,
                      "attrs": {
                        "modifiers": "[]",
                        "type": "Value",
                        "isVarArgs": "false",
                        "annotations": "[]"
                      },
                      "children": [
                        {
                          "type": "ClassOrInterfaceType",
                          "name": "Value",
                          "line": 5,
                          "column": 35,
                          "endLine": 5,
                          "endColumn": 39,
                          "children": [
                            {
                              "type": "SimpleName",
                              "name": "",
                              "line": 5,
                              "column": 35,
                              "endLine": 5,
                              "endColumn": 39
                            }
                          ]
                        },
                        {
                          "type": "SimpleName",
                          "name": "",
                          "line": 5,
                          "column": 41,
                          "endLine": 5,
                          "endColumn": 45
                        }
                      ]
                    },
                    {
                      "type": "PrimitiveType",
                      "name": "",
                      "line": 5,
                      "column": 14,
                      "endLine": 5,
                      "endColumn": 20
                    }
                  ]
                },
                {
                  "type": "MethodDeclaration",
                  "name": "get",
                  "line": 7,
                  "column": 5,
                  "endLine": 7,
                  "endColumn": 32,
                  "value": "Value",
                  "attrs": {
                    "modifiers": "[abstract ]",
                    "typeParams": "[]",
                    "throws": "[]",
                    "annotations": "[]",
                    "type": "Value",
                    "params": "[Key key]"
                  },
                  "children": [
                    {
                      "type": "Modifier",
                      "name": "",
                      "line": 7,
                      "column": 5,
                      "endLine": 7,
                      "endColumn": 12
                    },
                    {
                      "type": "SimpleName",
                      "name": "",
                      "line": 7,
                      "column": 20,
                      "endLine": 7,
                      "endColumn": 22
                    },
                    {
                      "type": "Parameter",
                      "name": "key",
                      "line": 7,
                      "column": 24,
                      "endLine": 7,
                      "endColumn": 30,
                      "attrs": {
                        "modifiers": "[]",
                        "type": "Key",
                        "isVarArgs": "false",
                        "annotations": "[]"
                      },
                      "children": [
                        {
                          "type": "ClassOrInterfaceType",
                          "name": "Key",
                          "line": 7,
                          "column": 24,
                          "endLine": 7,
                          "endColumn": 26,
                          "children": [
                            {
                              "type": "SimpleName",
                              "name": "",
                              "line": 7,
                              "column": 24,
                              "endLine": 7,
                              "endColumn": 26
                            }
                          ]
                        },
                        {
                          "type": "SimpleName",
                          "name": "",
                          "line": 7,
                          "column": 28,
                          "endLine": 7,
                          "endColumn": 30
                        }
                      ]
                    },
                    {
                      "type": "ClassOrInterfaceType",
                      "name": "Value",
                      "line": 7,
                      "column": 14,
                      "endLine": 7,
                      "endColumn": 18,
                      "children": [
                        {
                          "type": "SimpleName",
                          "name": "",
                          "line": 7,
                          "column": 14,
                          "endLine": 7,
                          "endColumn": 18
                        }
                      ]
                    }
                  ]
                },
                {
                  "type": "MethodDeclaration",
                  "name": "delete",
                  "line": 9,
                  "column": 5,
                  "endLine": 9,
                  "endColumn": 37,
                  "value": "boolean",
                  "attrs": {
                    "modifiers": "[abstract ]",
                    "typeParams": "[]",
                    "throws": "[]",
                    "annotations": "[]",
                    "type": "boolean",
                    "params": "[Key key]"
                  },
                  "children": [
                    {
                      "type": "Modifier",
                      "name": "",
                      "line": 9,
                      "column": 5,
                      "endLine": 9,
                      "endColumn": 12
                    },
                    {
                      "type": "SimpleName",
                      "name": "",
                      "line": 9,
                      "column": 22,
                      "endLine": 9,
                      "endColumn": 27
                    },
                    {
                      "type": "Parameter",
                      "name": "key",
                      "line": 9,
                      "column": 29,
                      "endLine": 9,
                      "endColumn": 35,
                      "attrs": {
                        "modifiers": "[]",
                        "type": "Key",
                        "isVarArgs": "false",
                        "annotations": "[]"
                      },
                      "children": [
                        {
                          "type": "ClassOrInterfaceType",
                          "name": "Key",
                          "line": 9,
                          "column": 29,
                          "endLine": 9,
                          "endColumn": 31,
                          "children": [
                            {
                              "type": "SimpleName",
                              "name": "",
                              "line": 9,
                              "column": 29,
                              "endLine": 9,
                              "endColumn": 31
                            }
                          ]
                        },
                        {
                          "type": "SimpleName",
                          "name": "",
                          "line": 9,
                          "column": 33,
                          "endLine": 9,
                          "endColumn": 35
                        }
                      ]
                    },
                    {
                      "type": "PrimitiveType",
                      "name": "",
                      "line": 9,
                      "column": 14,
                      "endLine": 9,
                      "endColumn": 20
                    }
                  ]
                },
                {
                  "type": "MethodDeclaration",
                  "name": "keys",
                  "line": 11,
                  "column": 5,
                  "endLine": 11,
                  "endColumn": 34,
                  "value": "Iterable<Key>",
                  "attrs": {
                    "modifiers": "[abstract ]",
                    "typeParams": "[]",
                    "throws": "[]",
                    "annotations": "[]",
                    "type": "Iterable<Key>",
                    "params": "[]"
                  },
                  "children": [
                    {
                      "type": "Modifier",
                      "name": "",
                      "line": 11,
                      "column": 5,
                      "endLine": 11,
                      "endColumn": 12
                    },
                    {
                      "type": "SimpleName",
                      "name": "",
                      "line": 11,
                      "column": 28,
                      "endLine": 11,
                      "endColumn": 31
                    },
                    {
                      "type": "ClassOrInterfaceType",
                      "name": "Iterable",
                      "line": 11,
                      "column": 14,
                      "endLine": 11,
                      "endColumn": 26,
                      "attrs": {
                        "typeArgs": "[Key]"
                      },
                      "children": [
                        {
                          "type": "SimpleName",
                          "name": "",
                          "line": 11,
                          "column": 14,
                          "endLine": 11,
                          "endColumn": 21
                        },
                        {
                          "type": "ClassOrInterfaceType",
                          "name": "Key",
                          "line": 11,
                          "column": 23,
                          "endLine": 11,
                          "endColumn": 25,
                          "children": [
                            {
                              "type": "SimpleName",
                              "name": "",
                              "line": 11,
                              "column": 23,
                              "endLine": 11,
                              "endColumn": 25
                            }
                          ]
                        }
                      ]
                    }
                  ]
                },
                {
                  "type": "MethodDeclaration",
                  "name": "size",
                  "line": 13,
                  "column": 5,
                  "endLine": 13,
                  "endColumn": 24,
                  "value": "int",
                  "attrs": {
                    "modifiers": "[abstract ]",
                    "typeParams": "[]",
                    "throws": "[]",
                    "annotations": "[]",
                    "type": "int",
                    "params": "[]"
                  },
                  "children": [
                    {
                      "type": "Modifier",
                      "name": "",
                      "line": 13,
                      "column": 5,
                      "endLine": 13,
                      "endColumn": 12
                    },
                    {
                      "type": "SimpleName",
                      "name": "",
                      "line": 13,
                      "column": 18,
                      "endLine": 13,
                      "endColumn": 21
                    },
                    {
                      "type": "PrimitiveType",
                      "name": "",
                      "line": 13,
                      "column": 14,
                      "endLine": 13,
                      "endColumn": 16
                    }
                  ]
                },
                {
                  "type": "MethodDeclaration",
                  "name": "contains",
                  "line": 15,
                  "column": 5,
                  "endLine": 17,
                  "endColumn": 5,
                  "value": "boolean",
                  "attrs": {
                    "modifiers": "[public ]",
                    "typeParams": "[]",
                    "throws": "[]",
                    "annotations": "[]",
                    "type": "boolean",
                    "params": "[Key key]"
                  },
                  "children": [
                    {
                      "type": "Modifier",
                      "name": "",
                      "line": 15,
                      "column": 5,
                      "endLine": 15,
                      "endColumn": 10
                    },
                    {
                      "type": "SimpleName",
                      "name": "",
                      "line": 15,
                      "column": 20,
                      "endLine": 15,
                      "endColumn": 27
                    },
                    {
                      "type": "Parameter",
                      "name": "key",
                      "line": 15,
                      "column": 29,
                      "endLine": 15,
                      "endColumn": 35,
                      "attrs": {
                        "modifiers": "[]",
                        "type": "Key",
                        "isVarArgs": "false",
                        "annotations": "[]"
                      },
                      "children": [
                        {
                          "type": "ClassOrInterfaceType",
                          "name": "Key",
                          "line": 15,
                          "column": 29,
                          "endLine": 15,
                          "endColumn": 31,
                          "children": [
                            {
                              "type": "SimpleName",
                              "name": "",
                              "line": 15,
                              "column": 29,
                              "endLine": 15,
                              "endColumn": 31
                            }
                          ]
                        },
                        {
                          "type": "SimpleName",
                          "name": "",
                          "line": 15,
                          "column": 33,
                          "endLine": 15,
                          "endColumn": 35
                        }
                      ]
                    },
                    {
                      "type": "PrimitiveType",
                      "name": "",
                      "line": 15,
                      "column": 12,
                      "endLine": 15,
                      "endColumn": 18
                    },
                    {
                      "type": "BlockStmt",
                      "name": "",
                      "line": 15,
                      "column": 38,
                      "endLine": 17,
                      "endColumn": 5,
                      "children": [
                        {
                          "type": "ReturnStmt",
                          "name": "return",
                          "line": 16,
                          "column": 9,
                          "endLine": 16,
                          "endColumn": 32,
                          "attrs": {
                            "expr": "get(key) != null"
                          },
                          "children": [
                            {
                              "type": "BinaryExpr",
                              "name": "",
                              "line": 16,
                              "column": 16,
                              "endLine": 16,
                              "endColumn": 31,
                              "children": [
                                {
                                  "type": "MethodCallExpr",
                                  "name": "get",
                                  "line": 16,
                                  "column": 16,
                                  "endLine": 16,
                                  "endColumn": 23,
                                  "attrs": {
                                    "args": "[key]",
                                    "code": "get(key)"
                                  },
                                  "children": [
                                    {
                                      "type": "SimpleName",
                                      "name": "",
                                      "line": 16,
                                      "column": 16,
                                      "endLine": 16,
                                      "endColumn": 18
                                    },
                                    {
                                      "type": "NameExpr",
                                      "name": "key",
                                      "line": 16,
                                      "column": 20,
                                      "endLine": 16,
                                      "endColumn": 22,
                                      "children": [
                                        {
                                          "type": "SimpleName",
                                          "name": "",
                                          "line": 16,
                                          "column": 20,
                                          "endLine": 16,
                                          "endColumn": 22
                                        }
                                      ]
                                    }
                                  ]
                                },
                                {
                                  "type": "NullLiteralExpr",
                                  "name": "",
                                  "line": 16,
                                  "column": 28,
                                  "endLine": 16,
                                  "endColumn": 31
                                }
                              ]
                            }
                          ]
                        }
                      ]
                    }
                  ]
                },
                {
                  "type": "MethodDeclaration",
                  "name": "hash",
                  "line": 19,
                  "column": 5,
                  "endLine": 21,
                  "endColumn": 5,
                  "value": "int",
                  "attrs": {
                    "modifiers": "[protected ]",
                    "typeParams": "[]",
                    "throws": "[]",
                    "annotations": "[]",
                    "type": "int",
                    "params": "[Key key, int size]"
                  },
                  "children": [
                    {
                      "type": "Modifier",
                      "name": "",
                      "line": 19,
                      "column": 5,
                      "endLine": 19,
                      "endColumn": 13
                    },
                    {
                      "type": "SimpleName",
                      "name": "",
                      "line": 19,
                      "column": 19,
                      "endLine": 19,
                      "endColumn": 22
                    },
                    {
                      "type": "Parameter",
                      "name": "key",
                      "line": 19,
                      "column": 24,
                      "endLine": 19,
                      "endColumn": 30,
                      "attrs": {
                        "modifiers": "[]",
                        "type": "Key",
                        "isVarArgs": "false",
                        "annotations": "[]"
                      },
                      "children": [
                        {
                          "type": "ClassOrInterfaceType",
                          "name": "Key",
                          "line": 19,
                          "column": 24,
                          "endLine": 19,
                          "endColumn": 26,
                          "children": [
                            {
                              "type": "SimpleName",
                              "name": "",
                              "line": 19,
                              "column": 24,
                              "endLine": 19,
                              "endColumn": 26
                            }
                          ]
                        },
                        {
                          "type": "SimpleName",
                          "name": "",
                          "line": 19,
                          "column": 28,
                          "endLine": 19,
                          "endColumn": 30
                        }
                      ]
                    },
                    {
                      "type": "Parameter",
                      "name": "size",
                      "line": 19,
                      "column": 33,
                      "endLine": 19,
                      "endColumn": 40,
                      "attrs": {
                        "modifiers": "[]",
                        "type": "int",
                        "isVarArgs": "false",
                        "annotations": "[]"
                      },
                      "children": [
                        {
                          "type": "PrimitiveType",
                          "name": "",
                          "line": 19,
                          "column": 33,
                          "endLine": 19,
                          "endColumn": 35
                        },
                        {
                          "type": "SimpleName",
                          "name": "",
                          "line": 19,
                          "column": 37,
                          "endLine": 19,
                          "endColumn": 40
                        }
                      ]
                    },
                    {
                      "type": "PrimitiveType",
                      "name": "",
                      "line": 19,
                      "column": 15,
                      "endLine": 19,
                      "endColumn": 17
                    },
                    {
                      "type": "BlockStmt",
                      "name": "",
                      "line": 19,
                      "column": 43,
                      "endLine": 21,
                      "endColumn": 5,
                      "children": [
                        {
                          "type": "ReturnStmt",
                          "name": "return",
                          "line": 20,
                          "column": 9,
                          "endLine": 20,
                          "endColumn": 59,
                          "attrs": {
                            "expr": "(key.hashCode() & Integer.MAX_VALUE) % size"
                          },
                          "children": [
                            {
                              "type": "BinaryExpr",
                              "name": "",
                              "line": 20,
                              "column": 16,
                              "endLine": 20,
                              "endColumn": 58,
                              "children": [
                                {
                                  "type": "EnclosedExpr",
                                  "name": "",
                                  "line": 20,
                                  "column": 16,
                                  "endLine": 20,
                                  "endColumn": 51,
                                  "children": [
                                    {
                                      "type": "BinaryExpr",
                                      "name": "",
                                      "line": 20,
                                      "column": 17,
                                      "endLine": 20,
                                      "endColumn": 50,
                                      "children": [
                                        {
                                          "type": "MethodCallExpr",
                                          "name": "hashCode",
                                          "line": 20,
                                          "column": 17,
                                          "endLine": 20,
                                          "endColumn": 30,
                                          "attrs": {
                                            "args": "[]",
                                            "code": "key.hashCode()"
                                          },
                                          "children": [
                                            {
                                              "type": "NameExpr",
                                              "name": "key",
                                              "line": 20,
                                              "column": 17,
                                              "endLine": 20,
                                              "endColumn": 19,
                                              "children": [
                                                {
                                                  "type": "SimpleName",
                                                  "name": "",
                                                  "line": 20,
                                                  "column": 17,
                                                  "endLine": 20,
                                                  "endColumn": 19
                                                }
                                              ]
                                            },
                                            {
                                              "type": "SimpleName",
                                              "name": "",
                                              "line": 20,
                                              "column": 21,
                                              "endLine": 20,
                                              "endColumn": 28
                                            }
                                          ]
                                        },
                                        {
                                          "type": "FieldAccessExpr",
                                          "name": "MAX_VALUE",
                                          "line": 20,
                                          "column": 34,
                                          "endLine": 20,
                                          "endColumn": 50,
                                          "children": [
                                            {
                                              "type": "NameExpr",
                                              "name": "Integer",
                                              "line": 20,
                                              "column": 34,
                                              "endLine": 20,
                                              "endColumn": 40,
                                              "children": [
                                                {
                                                  "type": "SimpleName",
                                                  "name": "",
                                                  "line": 20,
                                                  "column": 34,
                                                  "endLine": 20,
                                                  "endColumn": 40
                                                }
                                              ]
                                            },
                                            {
                                              "type": "SimpleName",
                                              "name": "",
                                              "line": 20,
                                              "column": 42,
                                              "endLine": 20,
                                              "endColumn": 50
                                            }
                                          ]
                                        }
                                      ]
                                    }
                                  ]
                                },
                                {
                                  "type": "NameExpr",
                                  "name": "size",
                                  "line": 20,
                                  "column": 55,
                                  "endLine": 20,
                                  "endColumn": 58,
                                  "children": [
                                    {
                                      "type": "SimpleName",
                                      "name": "",
                                      "line": 20,
                                      "column": 55,
                                      "endLine": 20,
                                      "endColumn": 58
                                    }
                                  ]
                                }
                              ]
                            }
                          ]
                        }
                      ]
                    }
                  ]
                },
                {
                  "type": "TypeParameter",
                  "name": "Key",
                  "line": 3,
                  "column": 27,
                  "endLine": 3,
                  "endColumn": 29,
                  "children": [
                    {
                      "type": "SimpleName",
                      "name": "",
                      "line": 3,
                      "column": 27,
                      "endLine": 3,
                      "endColumn": 29
                    }
                  ]
                },
                {
                  "type": "TypeParameter",
                  "name": "Value",
                  "line": 3,
                  "column": 32,
                  "endLine": 3,
                  "endColumn": 36,
                  "children": [
                    {
                      "type": "SimpleName",
                      "name": "",
                      "line": 3,
                      "column": 32,
                      "endLine": 3,
                      "endColumn": 36
                    }
                  ]
                }
              ]
            }
          ]
        }
      ]
    }
  ]
}