{
  "type": "Project",
  "name": "Project",
  "children": [
    {
      "type": "File",
      "name": "BitSwap.java",
      "value": "D:\\py-java-transform\\java to py\\java-to-python_user\\java-to-python-main\\java to python-result\\161\\BitSwap.java",
      "children": [
        {
          "type": "CompilationUnit",
          "name": "",
          "line": 1,
          "column": 1,
          "endLine": 33,
          "endColumn": 2,
          "children": [
            {
              "type": "PackageDeclaration",
              "name": "com.thealgorithms.bitmanipulation",
              "line": 1,
              "column": 1,
              "endLine": 1,
              "endColumn": 42,
              "attrs": {
                "name": "com.thealgorithms.bitmanipulation"
              },
              "children": [
                {
                  "type": "Name",
                  "name": "",
                  "line": 1,
                  "column": 9,
                  "endLine": 1,
                  "endColumn": 41,
                  "children": [
                    {
                      "type": "Name",
                      "name": "",
                      "line": 1,
                      "column": 9,
                      "endLine": 1,
                      "endColumn": 25,
                      "children": [
                        {
                          "type": "Name",
                          "name": "",
                          "line": 1,
                          "column": 9,
                          "endLine": 1,
                          "endColumn": 11
                        }
                      ]
                    }
                  ]
                }
              ]
            },
            {
              "type": "ClassOrInterfaceDeclaration",
              "name": "BitSwap",
              "line": 7,
              "column": 1,
              "endLine": 33,
              "endColumn": 1,
              "value": "class",
              "attrs": {
                "modifiers": "[public , final ]",
                "typeParams": "[]",
                "extends": "[]",
                "implements": "[]",
                "annotations": "[]"
              },
              "children": [
                {
                  "type": "Javadoc",
                  "name": "",
                  "line": 3,
                  "column": 1,
                  "endLine": 6,
                  "endColumn": 3,
                  "value": "\n * Utility class for performing bit-swapping operations on integers.\n * This class cannot be instantiated.\n "
                },
                {
                  "type": "Modifier",
                  "name": "",
                  "line": 7,
                  "column": 1,
                  "endLine": 7,
                  "endColumn": 6
                },
                {
                  "type": "Modifier",
                  "name": "",
                  "line": 7,
                  "column": 8,
                  "endLine": 7,
                  "endColumn": 12
                },
                {
                  "type": "SimpleName",
                  "name": "",
                  "line": 7,
                  "column": 20,
                  "endLine": 7,
                  "endColumn": 26
                },
                {
                  "type": "ConstructorDeclaration",
                  "name": "BitSwap",
                  "line": 8,
                  "column": 5,
                  "endLine": 9,
                  "endColumn": 5,
                  "attrs": {
                    "modifiers": "[private ]",
                    "throws": "[]",
                    "annotations": "[]",
                    "params": "[]"
                  },
                  "children": [
                    {
                      "type": "Modifier",
                      "name": "",
                      "line": 8,
                      "column": 5,
                      "endLine": 8,
                      "endColumn": 11
                    },
                    {
                      "type": "SimpleName",
                      "name": "",
                      "line": 8,
                      "column": 13,
                      "endLine": 8,
                      "endColumn": 19
                    },
                    {
                      "type": "BlockStmt",
                      "name": "",
                      "line": 8,
                      "column": 23,
                      "endLine": 9,
                      "endColumn": 5
                    }
                  ]
                },
                {
                  "type": "MethodDeclaration",
                  "name": "bitSwap",
                  "line": 21,
                  "column": 5,
                  "endLine": 32,
                  "endColumn": 5,
                  "value": "int",
                  "attrs": {
                    "modifiers": "[public , static ]",
                    "typeParams": "[]",
                    "throws": "[]",
                    "annotations": "[]",
                    "type": "int",
                    "params": "[int data, final int posA, final int posB]"
                  },
                  "children": [
                    {
                      "type": "Modifier",
                      "name": "",
                      "line": 21,
                      "column": 5,
                      "endLine": 21,
                      "endColumn": 10
                    },
                    {
                      "type": "Modifier",
                      "name": "",
                      "line": 21,
                      "column": 12,
                      "endLine": 21,
                      "endColumn": 17
                    },
                    {
                      "type": "SimpleName",
                      "name": "",
                      "line": 21,
                      "column": 23,
                      "endLine": 21,
                      "endColumn": 29
                    },
                    {
                      "type": "Parameter",
                      "name": "data",
                      "line": 21,
                      "column": 31,
                      "endLine": 21,
                      "endColumn": 38,
                      "attrs": {
                        "modifiers": "[]",
                        "type": "int",
                        "isVarArgs": "false",
                        "annotations": "[]"
                      },
                      "children": [
                        {
                          "type": "PrimitiveType",
                          "name": "",
                          "line": 21,
                          "column": 31,
                          "endLine": 21,
                          "endColumn": 33
                        },
                        {
                          "type": "SimpleName",
                          "name": "",
                          "line": 21,
                          "column": 35,
                          "endLine": 21,
                          "endColumn": 38
                        }
                      ]
                    },
                    {
                      "type": "Parameter",
                      "name": "posA",
                      "line": 21,
                      "column": 41,
                      "endLine": 21,
                      "endColumn": 54,
                      "attrs": {
                        "modifiers": "[final ]",
                        "type": "int",
                        "isVarArgs": "false",
                        "annotations": "[]"
                      },
                      "children": [
                        {
                          "type": "Modifier",
                          "name": "",
                          "line": 21,
                          "column": 41,
                          "endLine": 21,
                          "endColumn": 45
                        },
                        {
                          "type": "PrimitiveType",
                          "name": "",
                          "line": 21,
                          "column": 47,
                          "endLine": 21,
                          "endColumn": 49
                        },
                        {
                          "type": "SimpleName",
                          "name": "",
                          "line": 21,
                          "column": 51,
                          "endLine": 21,
                          "endColumn": 54
                        }
                      ]
                    },
                    {
                      "type": "Parameter",
                      "name": "posB",
                      "line": 21,
                      "column": 57,
                      "endLine": 21,
                      "endColumn": 70,
                      "attrs": {
                        "modifiers": "[final ]",
                        "type": "int",
                        "isVarArgs": "false",
                        "annotations": "[]"
                      },
                      "children": [
                        {
                          "type": "Modifier",
                          "name": "",
                          "line": 21,
                          "column": 57,
                          "endLine": 21,
                          "endColumn": 61
                        },
                        {
                          "type": "PrimitiveType",
                          "name": "",
                          "line": 21,
                          "column": 63,
                          "endLine": 21,
                          "endColumn": 65
                        },
                        {
                          "type": "SimpleName",
                          "name": "",
                          "line": 21,
                          "column": 67,
                          "endLine": 21,
                          "endColumn": 70
                        }
                      ]
                    },
                    {
                      "type": "PrimitiveType",
                      "name": "",
                      "line": 21,
                      "column": 19,
                      "endLine": 21,
                      "endColumn": 21
                    },
                    {
                      "type": "BlockStmt",
                      "name": "",
                      "line": 21,
                      "column": 73,
                      "endLine": 32,
                      "endColumn": 5,
                      "children": [
                        {
                          "type": "IfStmt",
                          "name": "if(posA < 0 || posA >= Integer.SIZE || posB < 0 || posB >= I...)",
                          "line": 22,
                          "column": 9,
                          "endLine": 24,
                          "endColumn": 9,
                          "attrs": {
                            "condition": "posA < 0 || posA >= Integer.SIZE || posB < 0 || posB >= Integer.SIZE"
                          },
                          "children": [
                            {
                              "type": "BinaryExpr",
                              "name": "",
                              "line": 22,
                              "column": 13,
                              "endLine": 22,
                              "endColumn": 80,
                              "children": [
                                {
                                  "type": "BinaryExpr",
                                  "name": "",
                                  "line": 22,
                                  "column": 13,
                                  "endLine": 22,
                                  "endColumn": 56,
                                  "children": [
                                    {
                                      "type": "BinaryExpr",
                                      "name": "",
                                      "line": 22,
                                      "column": 13,
                                      "endLine": 22,
                                      "endColumn": 44,
                                      "children": [
                                        {
                                          "type": "BinaryExpr",
                                          "name": "",
                                          "line": 22,
                                          "column": 13,
                                          "endLine": 22,
                                          "endColumn": 20,
                                          "children": [
                                            {
                                              "type": "NameExpr",
                                              "name": "posA",
                                              "line": 22,
                                              "column": 13,
                                              "endLine": 22,
                                              "endColumn": 16,
                                              "children": [
                                                {
                                                  "type": "SimpleName",
                                                  "name": "",
                                                  "line": 22,
                                                  "column": 13,
                                                  "endLine": 22,
                                                  "endColumn": 16
                                                }
                                              ]
                                            },
                                            {
                                              "type": "IntegerLiteralExpr",
                                              "name": "",
                                              "line": 22,
                                              "column": 20,
                                              "endLine": 22,
                                              "endColumn": 20
                                            }
                                          ]
                                        },
                                        {
                                          "type": "BinaryExpr",
                                          "name": "",
                                          "line": 22,
                                          "column": 25,
                                          "endLine": 22,
                                          "endColumn": 44,
                                          "children": [
                                            {
                                              "type": "NameExpr",
                                              "name": "posA",
                                              "line": 22,
                                              "column": 25,
                                              "endLine": 22,
                                              "endColumn": 28,
                                              "children": [
                                                {
                                                  "type": "SimpleName",
                                                  "name": "",
                                                  "line": 22,
                                                  "column": 25,
                                                  "endLine": 22,
                                                  "endColumn": 28
                                                }
                                              ]
                                            },
                                            {
                                              "type": "FieldAccessExpr",
                                              "name": "SIZE",
                                              "line": 22,
                                              "column": 33,
                                              "endLine": 22,
                                              "endColumn": 44,
                                              "children": [
                                                {
                                                  "type": "NameExpr",
                                                  "name": "Integer",
                                                  "line": 22,
                                                  "column": 33,
                                                  "endLine": 22,
                                                  "endColumn": 39,
                                                  "children": [
                                                    {
                                                      "type": "SimpleName",
                                                      "name": "",
                                                      "line": 22,
                                                      "column": 33,
                                                      "endLine": 22,
                                                      "endColumn": 39
                                                    }
                                                  ]
                                                },
                                                {
                                                  "type": "SimpleName",
                                                  "name": "",
                                                  "line": 22,
                                                  "column": 41,
                                                  "endLine": 22,
                                                  "endColumn": 44
                                                }
                                              ]
                                            }
                                          ]
                                        }
                                      ]
                                    },
                                    {
                                      "type": "BinaryExpr",
                                      "name": "",
                                      "line": 22,
                                      "column": 49,
                                      "endLine": 22,
                                      "endColumn": 56,
                                      "children": [
                                        {
                                          "type": "NameExpr",
                                          "name": "posB",
                                          "line": 22,
                                          "column": 49,
                                          "endLine": 22,
                                          "endColumn": 52,
                                          "children": [
                                            {
                                              "type": "SimpleName",
                                              "name": "",
                                              "line": 22,
                                              "column": 49,
                                              "endLine": 22,
                                              "endColumn": 52
                                            }
                                          ]
                                        },
                                        {
                                          "type": "IntegerLiteralExpr",
                                          "name": "",
                                          "line": 22,
                                          "column": 56,
                                          "endLine": 22,
                                          "endColumn": 56
                                        }
                                      ]
                                    }
                                  ]
                                },
                                {
                                  "type": "BinaryExpr",
                                  "name": "",
                                  "line": 22,
                                  "column": 61,
                                  "endLine": 22,
                                  "endColumn": 80,
                                  "children": [
                                    {
                                      "type": "NameExpr",
                                      "name": "posB",
                                      "line": 22,
                                      "column": 61,
                                      "endLine": 22,
                                      "endColumn": 64,
                                      "children": [
                                        {
                                          "type": "SimpleName",
                                          "name": "",
                                          "line": 22,
                                          "column": 61,
                                          "endLine": 22,
                                          "endColumn": 64
                                        }
                                      ]
                                    },
                                    {
                                      "type": "FieldAccessExpr",
                                      "name": "SIZE",
                                      "line": 22,
                                      "column": 69,
                                      "endLine": 22,
                                      "endColumn": 80,
                                      "children": [
                                        {
                                          "type": "NameExpr",
                                          "name": "Integer",
                                          "line": 22,
                                          "column": 69,
                                          "endLine": 22,
                                          "endColumn": 75,
                                          "children": [
                                            {
                                              "type": "SimpleName",
                                              "name": "",
                                              "line": 22,
                                              "column": 69,
                                              "endLine": 22,
                                              "endColumn": 75
                                            }
                                          ]
                                        },
                                        {
                                          "type": "SimpleName",
                                          "name": "",
                                          "line": 22,
                                          "column": 77,
                                          "endLine": 22,
                                          "endColumn": 80
                                        }
                                      ]
                                    }
                                  ]
                                }
                              ]
                            },
                            {
                              "type": "BlockStmt",
                              "name": "",
                              "line": 22,
                              "column": 83,
                              "endLine": 24,
                              "endColumn": 9,
                              "children": [
                                {
                                  "type": "ThrowStmt",
                                  "name": "throw",
                                  "line": 23,
                                  "column": 13,
                                  "endLine": 23,
                                  "endColumn": 89,
                                  "attrs": {
                                    "expr": "new IllegalArgumentException(\"Bit positions must be between 0 and 31\")"
                                  },
                                  "children": [
                                    {
                                      "type": "ObjectCreationExpr",
                                      "name": "new IllegalArgumentException",
                                      "line": 23,
                                      "column": 19,
                                      "endLine": 23,
                                      "endColumn": 88,
                                      "attrs": {
                                        "type": "IllegalArgumentException",
                                        "hasAnonymousClassBody": "false",
                                        "args": "[\"Bit positions must be between 0 and 31\"]"
                                      },
                                      "children": [
                                        {
                                          "type": "ClassOrInterfaceType",
                                          "name": "IllegalArgumentException",
                                          "line": 23,
                                          "column": 23,
                                          "endLine": 23,
                                          "endColumn": 46,
                                          "children": [
                                            {
                                              "type": "SimpleName",
                                              "name": "",
                                              "line": 23,
                                              "column": 23,
                                              "endLine": 23,
                                              "endColumn": 46
                                            }
                                          ]
                                        },
                                        {
                                          "type": "StringLiteralExpr",
                                          "name": "",
                                          "line": 23,
                                          "column": 48,
                                          "endLine": 23,
                                          "endColumn": 87
                                        }
                                      ]
                                    }
                                  ]
                                }
                              ]
                            }
                          ]
                        },
                        {
                          "type": "ExpressionStmt",
                          "name": "",
                          "line": 26,
                          "column": 9,
                          "endLine": 26,
                          "endColumn": 49,
                          "attrs": {
                            "code": "boolean bitA = ((data >> posA) & 1) != 0"
                          },
                          "children": [
                            {
                              "type": "VariableDeclarationExpr",
                              "name": "",
                              "line": 26,
                              "column": 9,
                              "endLine": 26,
                              "endColumn": 48,
                              "attrs": {
                                "modifiers": "[]",
                                "code": "boolean bitA = ((data >> posA) & 1) != 0"
                              },
                              "children": [
                                {
                                  "type": "VariableDeclarator",
                                  "name": "bitA",
                                  "line": 26,
                                  "column": 17,
                                  "endLine": 26,
                                  "endColumn": 48,
                                  "value": "boolean",
                                  "attrs": {
                                    "initializer": "((data >> posA) & 1) != 0",
                                    "type": "boolean"
                                  },
                                  "children": [
                                    {
                                      "type": "PrimitiveType",
                                      "name": "",
                                      "line": 26,
                                      "column": 9,
                                      "endLine": 26,
                                      "endColumn": 15
                                    },
                                    {
                                      "type": "SimpleName",
                                      "name": "",
                                      "line": 26,
                                      "column": 17,
                                      "endLine": 26,
                                      "endColumn": 20
                                    },
                                    {
                                      "type": "BinaryExpr",
                                      "name": "",
                                      "line": 26,
                                      "column": 24,
                                      "endLine": 26,
                                      "endColumn": 48,
                                      "children": [
                                        {
                                          "type": "EnclosedExpr",
                                          "name": "",
                                          "line": 26,
                                          "column": 24,
                                          "endLine": 26,
                                          "endColumn": 43,
                                          "children": [
                                            {
                                              "type": "BinaryExpr",
                                              "name": "",
                                              "line": 26,
                                              "column": 25,
                                              "endLine": 26,
                                              "endColumn": 42,
                                              "children": [
                                                {
                                                  "type": "EnclosedExpr",
                                                  "name": "",
                                                  "line": 26,
                                                  "column": 25,
                                                  "endLine": 26,
                                                  "endColumn": 38,
                                                  "children": [
                                                    {
                                                      "type": "BinaryExpr",
                                                      "name": "",
                                                      "line": 26,
                                                      "column": 26,
                                                      "endLine": 26,
                                                      "endColumn": 37,
                                                      "children": [
                                                        {
                                                          "type": "NameExpr",
                                                          "name": "data",
                                                          "line": 26,
                                                          "column": 26,
                                                          "endLine": 26,
                                                          "endColumn": 29,
                                                          "children": [
                                                            {
                                                              "type": "SimpleName",
                                                              "name": "",
                                                              "line": 26,
                                                              "column": 26,
                                                              "endLine": 26,
                                                              "endColumn": 29
                                                            }
                                                          ]
                                                        },
                                                        {
                                                          "type": "NameExpr",
                                                          "name": "posA",
                                                          "line": 26,
                                                          "column": 34,
                                                          "endLine": 26,
                                                          "endColumn": 37,
                                                          "children": [
                                                            {
                                                              "type": "SimpleName",
                                                              "name": "",
                                                              "line": 26,
                                                              "column": 34,
                                                              "endLine": 26,
                                                              "endColumn": 37
                                                            }
                                                          ]
                                                        }
                                                      ]
                                                    }
                                                  ]
                                                },
                                                {
                                                  "type": "IntegerLiteralExpr",
                                                  "name": "",
                                                  "line": 26,
                                                  "column": 42,
                                                  "endLine": 26,
                                                  "endColumn": 42
                                                }
                                              ]
                                            }
                                          ]
                                        },
                                        {
                                          "type": "IntegerLiteralExpr",
                                          "name": "",
                                          "line": 26,
                                          "column": 48,
                                          "endLine": 26,
                                          "endColumn": 48
                                        }
                                      ]
                                    }
                                  ]
                                }
                              ]
                            }
                          ]
                        },
                        {
                          "type": "ExpressionStmt",
                          "name": "",
                          "line": 27,
                          "column": 9,
                          "endLine": 27,
                          "endColumn": 49,
                          "attrs": {
                            "code": "boolean bitB = ((data >> posB) & 1) != 0"
                          },
                          "children": [
                            {
                              "type": "VariableDeclarationExpr",
                              "name": "",
                              "line": 27,
                              "column": 9,
                              "endLine": 27,
                              "endColumn": 48,
                              "attrs": {
                                "modifiers": "[]",
                                "code": "boolean bitB = ((data >> posB) & 1) != 0"
                              },
                              "children": [
                                {
                                  "type": "VariableDeclarator",
                                  "name": "bitB",
                                  "line": 27,
                                  "column": 17,
                                  "endLine": 27,
                                  "endColumn": 48,
                                  "value": "boolean",
                                  "attrs": {
                                    "initializer": "((data >> posB) & 1) != 0",
                                    "type": "boolean"
                                  },
                                  "children": [
                                    {
                                      "type": "PrimitiveType",
                                      "name": "",
                                      "line": 27,
                                      "column": 9,
                                      "endLine": 27,
                                      "endColumn": 15
                                    },
                                    {
                                      "type": "SimpleName",
                                      "name": "",
                                      "line": 27,
                                      "column": 17,
                                      "endLine": 27,
                                      "endColumn": 20
                                    },
                                    {
                                      "type": "BinaryExpr",
                                      "name": "",
                                      "line": 27,
                                      "column": 24,
                                      "endLine": 27,
                                      "endColumn": 48,
                                      "children": [
                                        {
                                          "type": "EnclosedExpr",
                                          "name": "",
                                          "line": 27,
                                          "column": 24,
                                          "endLine": 27,
                                          "endColumn": 43,
                                          "children": [
                                            {
                                              "type": "BinaryExpr",
                                              "name": "",
                                              "line": 27,
                                              "column": 25,
                                              "endLine": 27,
                                              "endColumn": 42,
                                              "children": [
                                                {
                                                  "type": "EnclosedExpr",
                                                  "name": "",
                                                  "line": 27,
                                                  "column": 25,
                                                  "endLine": 27,
                                                  "endColumn": 38,
                                                  "children": [
                                                    {
                                                      "type": "BinaryExpr",
                                                      "name": "",
                                                      "line": 27,
                                                      "column": 26,
                                                      "endLine": 27,
                                                      "endColumn": 37,
                                                      "children": [
                                                        {
                                                          "type": "NameExpr",
                                                          "name": "data",
                                                          "line": 27,
                                                          "column": 26,
                                                          "endLine": 27,
                                                          "endColumn": 29,
                                                          "children": [
                                                            {
                                                              "type": "SimpleName",
                                                              "name": "",
                                                              "line": 27,
                                                              "column": 26,
                                                              "endLine": 27,
                                                              "endColumn": 29
                                                            }
                                                          ]
                                                        },
                                                        {
                                                          "type": "NameExpr",
                                                          "name": "posB",
                                                          "line": 27,
                                                          "column": 34,
                                                          "endLine": 27,
                                                          "endColumn": 37,
                                                          "children": [
                                                            {
                                                              "type": "SimpleName",
                                                              "name": "",
                                                              "line": 27,
                                                              "column": 34,
                                                              "endLine": 27,
                                                              "endColumn": 37
                                                            }
                                                          ]
                                                        }
                                                      ]
                                                    }
                                                  ]
                                                },
                                                {
                                                  "type": "IntegerLiteralExpr",
                                                  "name": "",
                                                  "line": 27,
                                                  "column": 42,
                                                  "endLine": 27,
                                                  "endColumn": 42
                                                }
                                              ]
                                            }
                                          ]
                                        },
                                        {
                                          "type": "IntegerLiteralExpr",
                                          "name": "",
                                          "line": 27,
                                          "column": 48,
                                          "endLine": 27,
                                          "endColumn": 48
                                        }
                                      ]
                                    }
                                  ]
                                }
                              ]
                            }
                          ]
                        },
                        {
                          "type": "IfStmt",
                          "name": "if(bitA != bitB)",
                          "line": 28,
                          "column": 9,
                          "endLine": 30,
                          "endColumn": 9,
                          "attrs": {
                            "condition": "bitA != bitB"
                          },
                          "children": [
                            {
                              "type": "BinaryExpr",
                              "name": "",
                              "line": 28,
                              "column": 13,
                              "endLine": 28,
                              "endColumn": 24,
                              "children": [
                                {
                                  "type": "NameExpr",
                                  "name": "bitA",
                                  "line": 28,
                                  "column": 13,
                                  "endLine": 28,
                                  "endColumn": 16,
                                  "children": [
                                    {
                                      "type": "SimpleName",
                                      "name": "",
                                      "line": 28,
                                      "column": 13,
                                      "endLine": 28,
                                      "endColumn": 16
                                    }
                                  ]
                                },
                                {
                                  "type": "NameExpr",
                                  "name": "bitB",
                                  "line": 28,
                                  "column": 21,
                                  "endLine": 28,
                                  "endColumn": 24,
                                  "children": [
                                    {
                                      "type": "SimpleName",
                                      "name": "",
                                      "line": 28,
                                      "column": 21,
                                      "endLine": 28,
                                      "endColumn": 24
                                    }
                                  ]
                                }
                              ]
                            },
                            {
                              "type": "BlockStmt",
                              "name": "",
                              "line": 28,
                              "column": 27,
                              "endLine": 30,
                              "endColumn": 9,
                              "children": [
                                {
                                  "type": "ExpressionStmt",
                                  "name": "",
                                  "line": 29,
                                  "column": 13,
                                  "endLine": 29,
                                  "endColumn": 46,
                                  "attrs": {
                                    "code": "data ^= (1 << posA) ^ (1 << posB)"
                                  },
                                  "children": [
                                    {
                                      "type": "AssignExpr",
                                      "name": "",
                                      "line": 29,
                                      "column": 13,
                                      "endLine": 29,
                                      "endColumn": 45,
                                      "attrs": {
                                        "code": "data ^= (1 << posA) ^ (1 << posB)"
                                      },
                                      "children": [
                                        {
                                          "type": "NameExpr",
                                          "name": "data",
                                          "line": 29,
                                          "column": 13,
                                          "endLine": 29,
                                          "endColumn": 16,
                                          "children": [
                                            {
                                              "type": "SimpleName",
                                              "name": "",
                                              "line": 29,
                                              "column": 13,
                                              "endLine": 29,
                                              "endColumn": 16
                                            }
                                          ]
                                        },
                                        {
                                          "type": "BinaryExpr",
                                          "name": "",
                                          "line": 29,
                                          "column": 21,
                                          "endLine": 29,
                                          "endColumn": 45,
                                          "children": [
                                            {
                                              "type": "EnclosedExpr",
                                              "name": "",
                                              "line": 29,
                                              "column": 21,
                                              "endLine": 29,
                                              "endColumn": 31,
                                              "children": [
                                                {
                                                  "type": "BinaryExpr",
                                                  "name": "",
                                                  "line": 29,
                                                  "column": 22,
                                                  "endLine": 29,
                                                  "endColumn": 30,
                                                  "children": [
                                                    {
                                                      "type": "IntegerLiteralExpr",
                                                      "name": "",
                                                      "line": 29,
                                                      "column": 22,
                                                      "endLine": 29,
                                                      "endColumn": 22
                                                    },
                                                    {
                                                      "type": "NameExpr",
                                                      "name": "posA",
                                                      "line": 29,
                                                      "column": 27,
                                                      "endLine": 29,
                                                      "endColumn": 30,
                                                      "children": [
                                                        {
                                                          "type": "SimpleName",
                                                          "name": "",
                                                          "line": 29,
                                                          "column": 27,
                                                          "endLine": 29,
                                                          "endColumn": 30
                                                        }
                                                      ]
                                                    }
                                                  ]
                                                }
                                              ]
                                            },
                                            {
                                              "type": "EnclosedExpr",
                                              "name": "",
                                              "line": 29,
                                              "column": 35,
                                              "endLine": 29,
                                              "endColumn": 45,
                                              "children": [
                                                {
                                                  "type": "BinaryExpr",
                                                  "name": "",
                                                  "line": 29,
                                                  "column": 36,
                                                  "endLine": 29,
                                                  "endColumn": 44,
                                                  "children": [
                                                    {
                                                      "type": "IntegerLiteralExpr",
                                                      "name": "",
                                                      "line": 29,
                                                      "column": 36,
                                                      "endLine": 29,
                                                      "endColumn": 36
                                                    },
                                                    {
                                                      "type": "NameExpr",
                                                      "name": "posB",
                                                      "line": 29,
                                                      "column": 41,
                                                      "endLine": 29,
                                                      "endColumn": 44,
                                                      "children": [
                                                        {
                                                          "type": "SimpleName",
                                                          "name": "",
                                                          "line": 29,
                                                          "column": 41,
                                                          "endLine": 29,
                                                          "endColumn": 44
                                                        }
                                                      ]
                                                    }
                                                  ]
                                                }
                                              ]
                                            }
                                          ]
                                        }
                                      ]
                                    }
                                  ]
                                }
                              ]
                            }
                          ]
                        },
                        {
                          "type": "ReturnStmt",
                          "name": "return",
                          "line": 31,
                          "column": 9,
                          "endLine": 31,
                          "endColumn": 20,
                          "attrs": {
                            "expr": "data"
                          },
                          "children": [
                            {
                              "type": "NameExpr",
                              "name": "data",
                              "line": 31,
                              "column": 16,
                              "endLine": 31,
                              "endColumn": 19,
                              "children": [
                                {
                                  "type": "SimpleName",
                                  "name": "",
                                  "line": 31,
                                  "column": 16,
                                  "endLine": 31,
                                  "endColumn": 19
                                }
                              ]
                            }
                          ]
                        }
                      ]
                    }
                  ]
                },
                {
                  "type": "JavadocComment",
                  "name": "",
                  "line": 11,
                  "column": 5,
                  "endLine": 19,
                  "endColumn": 7
                }
              ]
            }
          ]
        }
      ]
    }
  ]
}