{
  "type": "Project",
  "name": "Project",
  "children": [
    {
      "type": "File",
      "name": "BSTFromSortedArray.java",
      "value": "D:\\py-java-transform\\java to py\\java-to-python_user\\java-to-python-main\\java to python-result\\105\\BSTFromSortedArray\\BSTFromSortedArray.java",
      "children": [
        {
          "type": "CompilationUnit",
          "name": "",
          "line": 1,
          "column": 1,
          "endLine": 35,
          "endColumn": 2,
          "children": [
            {
              "type": "PackageDeclaration",
              "name": "com.thealgorithms.datastructures.trees",
              "line": 1,
              "column": 1,
              "endLine": 1,
              "endColumn": 47,
              "attrs": {
                "name": "com.thealgorithms.datastructures.trees"
              },
              "children": [
                {
                  "type": "Name",
                  "name": "",
                  "line": 1,
                  "column": 9,
                  "endLine": 1,
                  "endColumn": 46,
                  "children": [
                    {
                      "type": "Name",
                      "name": "",
                      "line": 1,
                      "column": 9,
                      "endLine": 1,
                      "endColumn": 40,
                      "children": [
                        {
                          "type": "Name",
                          "name": "",
                          "line": 1,
                          "column": 9,
                          "endLine": 1,
                          "endColumn": 25,
                          "children": [
                            {
                              "type": "Name",
                              "name": "",
                              "line": 1,
                              "column": 9,
                              "endLine": 1,
                              "endColumn": 11
                            }
                          ]
                        }
                      ]
                    }
                  ]
                }
              ]
            },
            {
              "type": "ImportDeclaration",
              "name": "com.thealgorithms.datastructures.trees.BinaryTree.Node",
              "line": 3,
              "column": 1,
              "endLine": 3,
              "endColumn": 62,
              "attrs": {
                "name": "com.thealgorithms.datastructures.trees.BinaryTree.Node",
                "isStatic": "false",
                "isAsterisk": "false"
              },
              "children": [
                {
                  "type": "Name",
                  "name": "",
                  "line": 3,
                  "column": 8,
                  "endLine": 3,
                  "endColumn": 61,
                  "children": [
                    {
                      "type": "Name",
                      "name": "",
                      "line": 3,
                      "column": 8,
                      "endLine": 3,
                      "endColumn": 56,
                      "children": [
                        {
                          "type": "Name",
                          "name": "",
                          "line": 3,
                          "column": 8,
                          "endLine": 3,
                          "endColumn": 45,
                          "children": [
                            {
                              "type": "Name",
                              "name": "",
                              "line": 3,
                              "column": 8,
                              "endLine": 3,
                              "endColumn": 39,
                              "children": [
                                {
                                  "type": "Name",
                                  "name": "",
                                  "line": 3,
                                  "column": 8,
                                  "endLine": 3,
                                  "endColumn": 24,
                                  "children": [
                                    {
                                      "type": "Name",
                                      "name": "",
                                      "line": 3,
                                      "column": 8,
                                      "endLine": 3,
                                      "endColumn": 10
                                    }
                                  ]
                                }
                              ]
                            }
                          ]
                        }
                      ]
                    }
                  ]
                }
              ]
            },
            {
              "type": "ClassOrInterfaceDeclaration",
              "name": "BSTFromSortedArray",
              "line": 12,
              "column": 1,
              "endLine": 35,
              "endColumn": 1,
              "value": "class",
              "attrs": {
                "modifiers": "[public , final ]",
                "typeParams": "[]",
                "extends": "[]",
                "implements": "[]",
                "annotations": "[]"
              },
              "children": [
                {
                  "type": "Javadoc",
                  "name": "",
                  "line": 5,
                  "column": 1,
                  "endLine": 11,
                  "endColumn": 3,
                  "value": "\n * Given a sorted array. Create a balanced binary search tree from it.\n *\n * Steps: 1. Find the middle element of array. This will act as root 2. Use the\n * left half recursively to create left subtree 3. Use the right half\n * recursively to create right subtree\n "
                },
                {
                  "type": "Modifier",
                  "name": "",
                  "line": 12,
                  "column": 1,
                  "endLine": 12,
                  "endColumn": 6
                },
                {
                  "type": "Modifier",
                  "name": "",
                  "line": 12,
                  "column": 8,
                  "endLine": 12,
                  "endColumn": 12
                },
                {
                  "type": "SimpleName",
                  "name": "",
                  "line": 12,
                  "column": 20,
                  "endLine": 12,
                  "endColumn": 37
                },
                {
                  "type": "ConstructorDeclaration",
                  "name": "BSTFromSortedArray",
                  "line": 13,
                  "column": 5,
                  "endLine": 14,
                  "endColumn": 5,
                  "attrs": {
                    "modifiers": "[private ]",
                    "throws": "[]",
                    "annotations": "[]",
                    "params": "[]"
                  },
                  "children": [
                    {
                      "type": "Modifier",
                      "name": "",
                      "line": 13,
                      "column": 5,
                      "endLine": 13,
                      "endColumn": 11
                    },
                    {
                      "type": "SimpleName",
                      "name": "",
                      "line": 13,
                      "column": 13,
                      "endLine": 13,
                      "endColumn": 30
                    },
                    {
                      "type": "BlockStmt",
                      "name": "",
                      "line": 13,
                      "column": 34,
                      "endLine": 14,
                      "endColumn": 5
                    }
                  ]
                },
                {
                  "type": "MethodDeclaration",
                  "name": "createBST",
                  "line": 15,
                  "column": 5,
                  "endLine": 20,
                  "endColumn": 5,
                  "value": "Node",
                  "attrs": {
                    "modifiers": "[public , static ]",
                    "typeParams": "[]",
                    "throws": "[]",
                    "annotations": "[]",
                    "type": "Node",
                    "params": "[int[] array]"
                  },
                  "children": [
                    {
                      "type": "Modifier",
                      "name": "",
                      "line": 15,
                      "column": 5,
                      "endLine": 15,
                      "endColumn": 10
                    },
                    {
                      "type": "Modifier",
                      "name": "",
                      "line": 15,
                      "column": 12,
                      "endLine": 15,
                      "endColumn": 17
                    },
                    {
                      "type": "SimpleName",
                      "name": "",
                      "line": 15,
                      "column": 24,
                      "endLine": 15,
                      "endColumn": 32
                    },
                    {
                      "type": "Parameter",
                      "name": "array",
                      "line": 15,
                      "column": 34,
                      "endLine": 15,
                      "endColumn": 44,
                      "attrs": {
                        "modifiers": "[]",
                        "type": "int[]",
                        "isVarArgs": "false",
                        "annotations": "[]"
                      },
                      "children": [
                        {
                          "type": "ArrayType",
                          "name": "",
                          "line": 15,
                          "column": 34,
                          "endLine": 15,
                          "endColumn": 38,
                          "children": [
                            {
                              "type": "PrimitiveType",
                              "name": "",
                              "line": 15,
                              "column": 34,
                              "endLine": 15,
                              "endColumn": 36
                            }
                          ]
                        },
                        {
                          "type": "SimpleName",
                          "name": "",
                          "line": 15,
                          "column": 40,
                          "endLine": 15,
                          "endColumn": 44
                        }
                      ]
                    },
                    {
                      "type": "ClassOrInterfaceType",
                      "name": "Node",
                      "line": 15,
                      "column": 19,
                      "endLine": 15,
                      "endColumn": 22,
                      "children": [
                        {
                          "type": "SimpleName",
                          "name": "",
                          "line": 15,
                          "column": 19,
                          "endLine": 15,
                          "endColumn": 22
                        }
                      ]
                    },
                    {
                      "type": "BlockStmt",
                      "name": "",
                      "line": 15,
                      "column": 47,
                      "endLine": 20,
                      "endColumn": 5,
                      "children": [
                        {
                          "type": "IfStmt",
                          "name": "if(array == null || array.length == 0)",
                          "line": 16,
                          "column": 9,
                          "endLine": 18,
                          "endColumn": 9,
                          "attrs": {
                            "condition": "array == null || array.length == 0"
                          },
                          "children": [
                            {
                              "type": "BinaryExpr",
                              "name": "",
                              "line": 16,
                              "column": 13,
                              "endLine": 16,
                              "endColumn": 46,
                              "children": [
                                {
                                  "type": "BinaryExpr",
                                  "name": "",
                                  "line": 16,
                                  "column": 13,
                                  "endLine": 16,
                                  "endColumn": 25,
                                  "children": [
                                    {
                                      "type": "NameExpr",
                                      "name": "array",
                                      "line": 16,
                                      "column": 13,
                                      "endLine": 16,
                                      "endColumn": 17,
                                      "children": [
                                        {
                                          "type": "SimpleName",
                                          "name": "",
                                          "line": 16,
                                          "column": 13,
                                          "endLine": 16,
                                          "endColumn": 17
                                        }
                                      ]
                                    },
                                    {
                                      "type": "NullLiteralExpr",
                                      "name": "",
                                      "line": 16,
                                      "column": 22,
                                      "endLine": 16,
                                      "endColumn": 25
                                    }
                                  ]
                                },
                                {
                                  "type": "BinaryExpr",
                                  "name": "",
                                  "line": 16,
                                  "column": 30,
                                  "endLine": 16,
                                  "endColumn": 46,
                                  "children": [
                                    {
                                      "type": "FieldAccessExpr",
                                      "name": "length",
                                      "line": 16,
                                      "column": 30,
                                      "endLine": 16,
                                      "endColumn": 41,
                                      "children": [
                                        {
                                          "type": "NameExpr",
                                          "name": "array",
                                          "line": 16,
                                          "column": 30,
                                          "endLine": 16,
                                          "endColumn": 34,
                                          "children": [
                                            {
                                              "type": "SimpleName",
                                              "name": "",
                                              "line": 16,
                                              "column": 30,
                                              "endLine": 16,
                                              "endColumn": 34
                                            }
                                          ]
                                        },
                                        {
                                          "type": "SimpleName",
                                          "name": "",
                                          "line": 16,
                                          "column": 36,
                                          "endLine": 16,
                                          "endColumn": 41
                                        }
                                      ]
                                    },
                                    {
                                      "type": "IntegerLiteralExpr",
                                      "name": "",
                                      "line": 16,
                                      "column": 46,
                                      "endLine": 16,
                                      "endColumn": 46
                                    }
                                  ]
                                }
                              ]
                            },
                            {
                              "type": "BlockStmt",
                              "name": "",
                              "line": 16,
                              "column": 49,
                              "endLine": 18,
                              "endColumn": 9,
                              "children": [
                                {
                                  "type": "ReturnStmt",
                                  "name": "return",
                                  "line": 17,
                                  "column": 13,
                                  "endLine": 17,
                                  "endColumn": 24,
                                  "attrs": {
                                    "expr": "null"
                                  },
                                  "children": [
                                    {
                                      "type": "NullLiteralExpr",
                                      "name": "",
                                      "line": 17,
                                      "column": 20,
                                      "endLine": 17,
                                      "endColumn": 23
                                    }
                                  ]
                                }
                              ]
                            }
                          ]
                        },
                        {
                          "type": "ReturnStmt",
                          "name": "return",
                          "line": 19,
                          "column": 9,
                          "endLine": 19,
                          "endColumn": 53,
                          "attrs": {
                            "expr": "createBST(array, 0, array.length - 1)"
                          },
                          "children": [
                            {
                              "type": "MethodCallExpr",
                              "name": "createBST",
                              "line": 19,
                              "column": 16,
                              "endLine": 19,
                              "endColumn": 52,
                              "attrs": {
                                "args": "[array, 0, array.length - 1]",
                                "code": "createBST(array, 0, array.length - 1)"
                              },
                              "children": [
                                {
                                  "type": "SimpleName",
                                  "name": "",
                                  "line": 19,
                                  "column": 16,
                                  "endLine": 19,
                                  "endColumn": 24
                                },
                                {
                                  "type": "NameExpr",
                                  "name": "array",
                                  "line": 19,
                                  "column": 26,
                                  "endLine": 19,
                                  "endColumn": 30,
                                  "children": [
                                    {
                                      "type": "SimpleName",
                                      "name": "",
                                      "line": 19,
                                      "column": 26,
                                      "endLine": 19,
                                      "endColumn": 30
                                    }
                                  ]
                                },
                                {
                                  "type": "IntegerLiteralExpr",
                                  "name": "",
                                  "line": 19,
                                  "column": 33,
                                  "endLine": 19,
                                  "endColumn": 33
                                },
                                {
                                  "type": "BinaryExpr",
                                  "name": "",
                                  "line": 19,
                                  "column": 36,
                                  "endLine": 19,
                                  "endColumn": 51,
                                  "children": [
                                    {
                                      "type": "FieldAccessExpr",
                                      "name": "length",
                                      "line": 19,
                                      "column": 36,
                                      "endLine": 19,
                                      "endColumn": 47,
                                      "children": [
                                        {
                                          "type": "NameExpr",
                                          "name": "array",
                                          "line": 19,
                                          "column": 36,
                                          "endLine": 19,
                                          "endColumn": 40,
                                          "children": [
                                            {
                                              "type": "SimpleName",
                                              "name": "",
                                              "line": 19,
                                              "column": 36,
                                              "endLine": 19,
                                              "endColumn": 40
                                            }
                                          ]
                                        },
                                        {
                                          "type": "SimpleName",
                                          "name": "",
                                          "line": 19,
                                          "column": 42,
                                          "endLine": 19,
                                          "endColumn": 47
                                        }
                                      ]
                                    },
                                    {
                                      "type": "IntegerLiteralExpr",
                                      "name": "",
                                      "line": 19,
                                      "column": 51,
                                      "endLine": 19,
                                      "endColumn": 51
                                    }
                                  ]
                                }
                              ]
                            }
                          ]
                        }
                      ]
                    }
                  ]
                },
                {
                  "type": "MethodDeclaration",
                  "name": "createBST",
                  "line": 22,
                  "column": 5,
                  "endLine": 34,
                  "endColumn": 5,
                  "value": "Node",
                  "attrs": {
                    "modifiers": "[private , static ]",
                    "typeParams": "[]",
                    "throws": "[]",
                    "annotations": "[]",
                    "type": "Node",
                    "params": "[int[] array, int startIdx, int endIdx]"
                  },
                  "children": [
                    {
                      "type": "Modifier",
                      "name": "",
                      "line": 22,
                      "column": 5,
                      "endLine": 22,
                      "endColumn": 11
                    },
                    {
                      "type": "Modifier",
                      "name": "",
                      "line": 22,
                      "column": 13,
                      "endLine": 22,
                      "endColumn": 18
                    },
                    {
                      "type": "SimpleName",
                      "name": "",
                      "line": 22,
                      "column": 25,
                      "endLine": 22,
                      "endColumn": 33
                    },
                    {
                      "type": "Parameter",
                      "name": "array",
                      "line": 22,
                      "column": 35,
                      "endLine": 22,
                      "endColumn": 45,
                      "attrs": {
                        "modifiers": "[]",
                        "type": "int[]",
                        "isVarArgs": "false",
                        "annotations": "[]"
                      },
                      "children": [
                        {
                          "type": "ArrayType",
                          "name": "",
                          "line": 22,
                          "column": 35,
                          "endLine": 22,
                          "endColumn": 39,
                          "children": [
                            {
                              "type": "PrimitiveType",
                              "name": "",
                              "line": 22,
                              "column": 35,
                              "endLine": 22,
                              "endColumn": 37
                            }
                          ]
                        },
                        {
                          "type": "SimpleName",
                          "name": "",
                          "line": 22,
                          "column": 41,
                          "endLine": 22,
                          "endColumn": 45
                        }
                      ]
                    },
                    {
                      "type": "Parameter",
                      "name": "startIdx",
                      "line": 22,
                      "column": 48,
                      "endLine": 22,
                      "endColumn": 59,
                      "attrs": {
                        "modifiers": "[]",
                        "type": "int",
                        "isVarArgs": "false",
                        "annotations": "[]"
                      },
                      "children": [
                        {
                          "type": "PrimitiveType",
                          "name": "",
                          "line": 22,
                          "column": 48,
                          "endLine": 22,
                          "endColumn": 50
                        },
                        {
                          "type": "SimpleName",
                          "name": "",
                          "line": 22,
                          "column": 52,
                          "endLine": 22,
                          "endColumn": 59
                        }
                      ]
                    },
                    {
                      "type": "Parameter",
                      "name": "endIdx",
                      "line": 22,
                      "column": 62,
                      "endLine": 22,
                      "endColumn": 71,
                      "attrs": {
                        "modifiers": "[]",
                        "type": "int",
                        "isVarArgs": "false",
                        "annotations": "[]"
                      },
                      "children": [
                        {
                          "type": "PrimitiveType",
                          "name": "",
                          "line": 22,
                          "column": 62,
                          "endLine": 22,
                          "endColumn": 64
                        },
                        {
                          "type": "SimpleName",
                          "name": "",
                          "line": 22,
                          "column": 66,
                          "endLine": 22,
                          "endColumn": 71
                        }
                      ]
                    },
                    {
                      "type": "ClassOrInterfaceType",
                      "name": "Node",
                      "line": 22,
                      "column": 20,
                      "endLine": 22,
                      "endColumn": 23,
                      "children": [
                        {
                          "type": "SimpleName",
                          "name": "",
                          "line": 22,
                          "column": 20,
                          "endLine": 22,
                          "endColumn": 23
                        }
                      ]
                    },
                    {
                      "type": "BlockStmt",
                      "name": "",
                      "line": 22,
                      "column": 74,
                      "endLine": 34,
                      "endColumn": 5,
                      "children": [
                        {
                          "type": "IfStmt",
                          "name": "if(startIdx > endIdx)",
                          "line": 24,
                          "column": 9,
                          "endLine": 26,
                          "endColumn": 9,
                          "attrs": {
                            "condition": "startIdx > endIdx"
                          },
                          "children": [
                            {
                              "type": "LineComment",
                              "name": "",
                              "line": 23,
                              "column": 9,
                              "endLine": 23,
                              "endColumn": 27,
                              "value": " No element left."
                            },
                            {
                              "type": "BinaryExpr",
                              "name": "",
                              "line": 24,
                              "column": 13,
                              "endLine": 24,
                              "endColumn": 29,
                              "children": [
                                {
                                  "type": "NameExpr",
                                  "name": "startIdx",
                                  "line": 24,
                                  "column": 13,
                                  "endLine": 24,
                                  "endColumn": 20,
                                  "children": [
                                    {
                                      "type": "SimpleName",
                                      "name": "",
                                      "line": 24,
                                      "column": 13,
                                      "endLine": 24,
                                      "endColumn": 20
                                    }
                                  ]
                                },
                                {
                                  "type": "NameExpr",
                                  "name": "endIdx",
                                  "line": 24,
                                  "column": 24,
                                  "endLine": 24,
                                  "endColumn": 29,
                                  "children": [
                                    {
                                      "type": "SimpleName",
                                      "name": "",
                                      "line": 24,
                                      "column": 24,
                                      "endLine": 24,
                                      "endColumn": 29
                                    }
                                  ]
                                }
                              ]
                            },
                            {
                              "type": "BlockStmt",
                              "name": "",
                              "line": 24,
                              "column": 32,
                              "endLine": 26,
                              "endColumn": 9,
                              "children": [
                                {
                                  "type": "ReturnStmt",
                                  "name": "return",
                                  "line": 25,
                                  "column": 13,
                                  "endLine": 25,
                                  "endColumn": 24,
                                  "attrs": {
                                    "expr": "null"
                                  },
                                  "children": [
                                    {
                                      "type": "NullLiteralExpr",
                                      "name": "",
                                      "line": 25,
                                      "column": 20,
                                      "endLine": 25,
                                      "endColumn": 23
                                    }
                                  ]
                                }
                              ]
                            }
                          ]
                        },
                        {
                          "type": "ExpressionStmt",
                          "name": "",
                          "line": 27,
                          "column": 9,
                          "endLine": 27,
                          "endColumn": 53,
                          "attrs": {
                            "code": "int mid = startIdx + (endIdx - startIdx) / 2"
                          },
                          "children": [
                            {
                              "type": "VariableDeclarationExpr",
                              "name": "",
                              "line": 27,
                              "column": 9,
                              "endLine": 27,
                              "endColumn": 52,
                              "attrs": {
                                "modifiers": "[]",
                                "code": "int mid = startIdx + (endIdx - startIdx) / 2"
                              },
                              "children": [
                                {
                                  "type": "VariableDeclarator",
                                  "name": "mid",
                                  "line": 27,
                                  "column": 13,
                                  "endLine": 27,
                                  "endColumn": 52,
                                  "value": "int",
                                  "attrs": {
                                    "initializer": "startIdx + (endIdx - startIdx) / 2",
                                    "type": "int"
                                  },
                                  "children": [
                                    {
                                      "type": "PrimitiveType",
                                      "name": "",
                                      "line": 27,
                                      "column": 9,
                                      "endLine": 27,
                                      "endColumn": 11
                                    },
                                    {
                                      "type": "SimpleName",
                                      "name": "",
                                      "line": 27,
                                      "column": 13,
                                      "endLine": 27,
                                      "endColumn": 15
                                    },
                                    {
                                      "type": "BinaryExpr",
                                      "name": "",
                                      "line": 27,
                                      "column": 19,
                                      "endLine": 27,
                                      "endColumn": 52,
                                      "children": [
                                        {
                                          "type": "NameExpr",
                                          "name": "startIdx",
                                          "line": 27,
                                          "column": 19,
                                          "endLine": 27,
                                          "endColumn": 26,
                                          "children": [
                                            {
                                              "type": "SimpleName",
                                              "name": "",
                                              "line": 27,
                                              "column": 19,
                                              "endLine": 27,
                                              "endColumn": 26
                                            }
                                          ]
                                        },
                                        {
                                          "type": "BinaryExpr",
                                          "name": "",
                                          "line": 27,
                                          "column": 30,
                                          "endLine": 27,
                                          "endColumn": 52,
                                          "children": [
                                            {
                                              "type": "EnclosedExpr",
                                              "name": "",
                                              "line": 27,
                                              "column": 30,
                                              "endLine": 27,
                                              "endColumn": 48,
                                              "children": [
                                                {
                                                  "type": "BinaryExpr",
                                                  "name": "",
                                                  "line": 27,
                                                  "column": 31,
                                                  "endLine": 27,
                                                  "endColumn": 47,
                                                  "children": [
                                                    {
                                                      "type": "NameExpr",
                                                      "name": "endIdx",
                                                      "line": 27,
                                                      "column": 31,
                                                      "endLine": 27,
                                                      "endColumn": 36,
                                                      "children": [
                                                        {
                                                          "type": "SimpleName",
                                                          "name": "",
                                                          "line": 27,
                                                          "column": 31,
                                                          "endLine": 27,
                                                          "endColumn": 36
                                                        }
                                                      ]
                                                    },
                                                    {
                                                      "type": "NameExpr",
                                                      "name": "startIdx",
                                                      "line": 27,
                                                      "column": 40,
                                                      "endLine": 27,
                                                      "endColumn": 47,
                                                      "children": [
                                                        {
                                                          "type": "SimpleName",
                                                          "name": "",
                                                          "line": 27,
                                                          "column": 40,
                                                          "endLine": 27,
                                                          "endColumn": 47
                                                        }
                                                      ]
                                                    }
                                                  ]
                                                }
                                              ]
                                            },
                                            {
                                              "type": "IntegerLiteralExpr",
                                              "name": "",
                                              "line": 27,
                                              "column": 52,
                                              "endLine": 27,
                                              "endColumn": 52
                                            }
                                          ]
                                        }
                                      ]
                                    }
                                  ]
                                }
                              ]
                            }
                          ]
                        },
                        {
                          "type": "ExpressionStmt",
                          "name": "",
                          "line": 30,
                          "column": 9,
                          "endLine": 30,
                          "endColumn": 41,
                          "attrs": {
                            "code": "Node root = new Node(array[mid])"
                          },
                          "children": [
                            {
                              "type": "LineComment",
                              "name": "",
                              "line": 29,
                              "column": 9,
                              "endLine": 29,
                              "endColumn": 42,
                              "value": " middle element will be the root"
                            },
                            {
                              "type": "VariableDeclarationExpr",
                              "name": "",
                              "line": 30,
                              "column": 9,
                              "endLine": 30,
                              "endColumn": 40,
                              "attrs": {
                                "modifiers": "[]",
                                "code": "Node root = new Node(array[mid])"
                              },
                              "children": [
                                {
                                  "type": "VariableDeclarator",
                                  "name": "root",
                                  "line": 30,
                                  "column": 14,
                                  "endLine": 30,
                                  "endColumn": 40,
                                  "value": "Node",
                                  "attrs": {
                                    "initializer": "new Node(array[mid])",
                                    "type": "Node"
                                  },
                                  "children": [
                                    {
                                      "type": "ClassOrInterfaceType",
                                      "name": "Node",
                                      "line": 30,
                                      "column": 9,
                                      "endLine": 30,
                                      "endColumn": 12,
                                      "children": [
                                        {
                                          "type": "SimpleName",
                                          "name": "",
                                          "line": 30,
                                          "column": 9,
                                          "endLine": 30,
                                          "endColumn": 12
                                        }
                                      ]
                                    },
                                    {
                                      "type": "SimpleName",
                                      "name": "",
                                      "line": 30,
                                      "column": 14,
                                      "endLine": 30,
                                      "endColumn": 17
                                    },
                                    {
                                      "type": "ObjectCreationExpr",
                                      "name": "new Node",
                                      "line": 30,
                                      "column": 21,
                                      "endLine": 30,
                                      "endColumn": 40,
                                      "attrs": {
                                        "type": "Node",
                                        "hasAnonymousClassBody": "false",
                                        "args": "[array[mid]]"
                                      },
                                      "children": [
                                        {
                                          "type": "ClassOrInterfaceType",
                                          "name": "Node",
                                          "line": 30,
                                          "column": 25,
                                          "endLine": 30,
                                          "endColumn": 28,
                                          "children": [
                                            {
                                              "type": "SimpleName",
                                              "name": "",
                                              "line": 30,
                                              "column": 25,
                                              "endLine": 30,
                                              "endColumn": 28
                                            }
                                          ]
                                        },
                                        {
                                          "type": "ArrayAccessExpr",
                                          "name": "",
                                          "line": 30,
                                          "column": 30,
                                          "endLine": 30,
                                          "endColumn": 39,
                                          "children": [
                                            {
                                              "type": "NameExpr",
                                              "name": "array",
                                              "line": 30,
                                              "column": 30,
                                              "endLine": 30,
                                              "endColumn": 34,
                                              "children": [
                                                {
                                                  "type": "SimpleName",
                                                  "name": "",
                                                  "line": 30,
                                                  "column": 30,
                                                  "endLine": 30,
                                                  "endColumn": 34
                                                }
                                              ]
                                            },
                                            {
                                              "type": "NameExpr",
                                              "name": "mid",
                                              "line": 30,
                                              "column": 36,
                                              "endLine": 30,
                                              "endColumn": 38,
                                              "children": [
                                                {
                                                  "type": "SimpleName",
                                                  "name": "",
                                                  "line": 30,
                                                  "column": 36,
                                                  "endLine": 30,
                                                  "endColumn": 38
                                                }
                                              ]
                                            }
                                          ]
                                        }
                                      ]
                                    }
                                  ]
                                }
                              ]
                            }
                          ]
                        },
                        {
                          "type": "ExpressionStmt",
                          "name": "",
                          "line": 31,
                          "column": 9,
                          "endLine": 31,
                          "endColumn": 56,
                          "attrs": {
                            "code": "root.left = createBST(array, startIdx, mid - 1)"
                          },
                          "children": [
                            {
                              "type": "AssignExpr",
                              "name": "",
                              "line": 31,
                              "column": 9,
                              "endLine": 31,
                              "endColumn": 55,
                              "attrs": {
                                "code": "root.left = createBST(array, startIdx, mid - 1)"
                              },
                              "children": [
                                {
                                  "type": "FieldAccessExpr",
                                  "name": "left",
                                  "line": 31,
                                  "column": 9,
                                  "endLine": 31,
                                  "endColumn": 17,
                                  "children": [
                                    {
                                      "type": "NameExpr",
                                      "name": "root",
                                      "line": 31,
                                      "column": 9,
                                      "endLine": 31,
                                      "endColumn": 12,
                                      "children": [
                                        {
                                          "type": "SimpleName",
                                          "name": "",
                                          "line": 31,
                                          "column": 9,
                                          "endLine": 31,
                                          "endColumn": 12
                                        }
                                      ]
                                    },
                                    {
                                      "type": "SimpleName",
                                      "name": "",
                                      "line": 31,
                                      "column": 14,
                                      "endLine": 31,
                                      "endColumn": 17
                                    }
                                  ]
                                },
                                {
                                  "type": "MethodCallExpr",
                                  "name": "createBST",
                                  "line": 31,
                                  "column": 21,
                                  "endLine": 31,
                                  "endColumn": 55,
                                  "attrs": {
                                    "args": "[array, startIdx, mid - 1]",
                                    "code": "createBST(array, startIdx, mid - 1)"
                                  },
                                  "children": [
                                    {
                                      "type": "SimpleName",
                                      "name": "",
                                      "line": 31,
                                      "column": 21,
                                      "endLine": 31,
                                      "endColumn": 29
                                    },
                                    {
                                      "type": "NameExpr",
                                      "name": "array",
                                      "line": 31,
                                      "column": 31,
                                      "endLine": 31,
                                      "endColumn": 35,
                                      "children": [
                                        {
                                          "type": "SimpleName",
                                          "name": "",
                                          "line": 31,
                                          "column": 31,
                                          "endLine": 31,
                                          "endColumn": 35
                                        }
                                      ]
                                    },
                                    {
                                      "type": "NameExpr",
                                      "name": "startIdx",
                                      "line": 31,
                                      "column": 38,
                                      "endLine": 31,
                                      "endColumn": 45,
                                      "children": [
                                        {
                                          "type": "SimpleName",
                                          "name": "",
                                          "line": 31,
                                          "column": 38,
                                          "endLine": 31,
                                          "endColumn": 45
                                        }
                                      ]
                                    },
                                    {
                                      "type": "BinaryExpr",
                                      "name": "",
                                      "line": 31,
                                      "column": 48,
                                      "endLine": 31,
                                      "endColumn": 54,
                                      "children": [
                                        {
                                          "type": "NameExpr",
                                          "name": "mid",
                                          "line": 31,
                                          "column": 48,
                                          "endLine": 31,
                                          "endColumn": 50,
                                          "children": [
                                            {
                                              "type": "SimpleName",
                                              "name": "",
                                              "line": 31,
                                              "column": 48,
                                              "endLine": 31,
                                              "endColumn": 50
                                            }
                                          ]
                                        },
                                        {
                                          "type": "IntegerLiteralExpr",
                                          "name": "",
                                          "line": 31,
                                          "column": 54,
                                          "endLine": 31,
                                          "endColumn": 54
                                        }
                                      ]
                                    }
                                  ]
                                }
                              ]
                            }
                          ]
                        },
                        {
                          "type": "ExpressionStmt",
                          "name": "",
                          "line": 32,
                          "column": 9,
                          "endLine": 32,
                          "endColumn": 55,
                          "attrs": {
                            "code": "root.right = createBST(array, mid + 1, endIdx)"
                          },
                          "children": [
                            {
                              "type": "AssignExpr",
                              "name": "",
                              "line": 32,
                              "column": 9,
                              "endLine": 32,
                              "endColumn": 54,
                              "attrs": {
                                "code": "root.right = createBST(array, mid + 1, endIdx)"
                              },
                              "children": [
                                {
                                  "type": "FieldAccessExpr",
                                  "name": "right",
                                  "line": 32,
                                  "column": 9,
                                  "endLine": 32,
                                  "endColumn": 18,
                                  "children": [
                                    {
                                      "type": "NameExpr",
                                      "name": "root",
                                      "line": 32,
                                      "column": 9,
                                      "endLine": 32,
                                      "endColumn": 12,
                                      "children": [
                                        {
                                          "type": "SimpleName",
                                          "name": "",
                                          "line": 32,
                                          "column": 9,
                                          "endLine": 32,
                                          "endColumn": 12
                                        }
                                      ]
                                    },
                                    {
                                      "type": "SimpleName",
                                      "name": "",
                                      "line": 32,
                                      "column": 14,
                                      "endLine": 32,
                                      "endColumn": 18
                                    }
                                  ]
                                },
                                {
                                  "type": "MethodCallExpr",
                                  "name": "createBST",
                                  "line": 32,
                                  "column": 22,
                                  "endLine": 32,
                                  "endColumn": 54,
                                  "attrs": {
                                    "args": "[array, mid + 1, endIdx]",
                                    "code": "createBST(array, mid + 1, endIdx)"
                                  },
                                  "children": [
                                    {
                                      "type": "SimpleName",
                                      "name": "",
                                      "line": 32,
                                      "column": 22,
                                      "endLine": 32,
                                      "endColumn": 30
                                    },
                                    {
                                      "type": "NameExpr",
                                      "name": "array",
                                      "line": 32,
                                      "column": 32,
                                      "endLine": 32,
                                      "endColumn": 36,
                                      "children": [
                                        {
                                          "type": "SimpleName",
                                          "name": "",
                                          "line": 32,
                                          "column": 32,
                                          "endLine": 32,
                                          "endColumn": 36
                                        }
                                      ]
                                    },
                                    {
                                      "type": "BinaryExpr",
                                      "name": "",
                                      "line": 32,
                                      "column": 39,
                                      "endLine": 32,
                                      "endColumn": 45,
                                      "children": [
                                        {
                                          "type": "NameExpr",
                                          "name": "mid",
                                          "line": 32,
                                          "column": 39,
                                          "endLine": 32,
                                          "endColumn": 41,
                                          "children": [
                                            {
                                              "type": "SimpleName",
                                              "name": "",
                                              "line": 32,
                                              "column": 39,
                                              "endLine": 32,
                                              "endColumn": 41
                                            }
                                          ]
                                        },
                                        {
                                          "type": "IntegerLiteralExpr",
                                          "name": "",
                                          "line": 32,
                                          "column": 45,
                                          "endLine": 32,
                                          "endColumn": 45
                                        }
                                      ]
                                    },
                                    {
                                      "type": "NameExpr",
                                      "name": "endIdx",
                                      "line": 32,
                                      "column": 48,
                                      "endLine": 32,
                                      "endColumn": 53,
                                      "children": [
                                        {
                                          "type": "SimpleName",
                                          "name": "",
                                          "line": 32,
                                          "column": 48,
                                          "endLine": 32,
                                          "endColumn": 53
                                        }
                                      ]
                                    }
                                  ]
                                }
                              ]
                            }
                          ]
                        },
                        {
                          "type": "ReturnStmt",
                          "name": "return",
                          "line": 33,
                          "column": 9,
                          "endLine": 33,
                          "endColumn": 20,
                          "attrs": {
                            "expr": "root"
                          },
                          "children": [
                            {
                              "type": "NameExpr",
                              "name": "root",
                              "line": 33,
                              "column": 16,
                              "endLine": 33,
                              "endColumn": 19,
                              "children": [
                                {
                                  "type": "SimpleName",
                                  "name": "",
                                  "line": 33,
                                  "column": 16,
                                  "endLine": 33,
                                  "endColumn": 19
                                }
                              ]
                            }
                          ]
                        }
                      ]
                    }
                  ]
                }
              ]
            }
          ]
        }
      ]
    }
  ]
}