{
  "type": "Project",
  "name": "Project",
  "children": [
    {
      "type": "File",
      "name": "CheckBinaryTreeIsValidBST.java",
      "value": "D:\\py-java-transform\\java to py\\java-to-python_user\\java-to-python-main\\java to python-result\\112\\CheckBinaryTreeIsValidBST\\CheckBinaryTreeIsValidBST.java",
      "children": [
        {
          "type": "CompilationUnit",
          "name": "",
          "line": 1,
          "column": 1,
          "endLine": 30,
          "endColumn": 2,
          "children": [
            {
              "type": "PackageDeclaration",
              "name": "com.thealgorithms.datastructures.trees",
              "line": 1,
              "column": 1,
              "endLine": 1,
              "endColumn": 47,
              "attrs": {
                "name": "com.thealgorithms.datastructures.trees"
              },
              "children": [
                {
                  "type": "Name",
                  "name": "",
                  "line": 1,
                  "column": 9,
                  "endLine": 1,
                  "endColumn": 46,
                  "children": [
                    {
                      "type": "Name",
                      "name": "",
                      "line": 1,
                      "column": 9,
                      "endLine": 1,
                      "endColumn": 40,
                      "children": [
                        {
                          "type": "Name",
                          "name": "",
                          "line": 1,
                          "column": 9,
                          "endLine": 1,
                          "endColumn": 25,
                          "children": [
                            {
                              "type": "Name",
                              "name": "",
                              "line": 1,
                              "column": 9,
                              "endLine": 1,
                              "endColumn": 11
                            }
                          ]
                        }
                      ]
                    }
                  ]
                }
              ]
            },
            {
              "type": "ClassOrInterfaceDeclaration",
              "name": "CheckBinaryTreeIsValidBST",
              "line": 11,
              "column": 1,
              "endLine": 30,
              "endColumn": 1,
              "value": "class",
              "attrs": {
                "modifiers": "[public , final ]",
                "typeParams": "[]",
                "extends": "[]",
                "implements": "[]",
                "annotations": "[]"
              },
              "children": [
                {
                  "type": "Javadoc",
                  "name": "",
                  "line": 3,
                  "column": 1,
                  "endLine": 10,
                  "endColumn": 3,
                  "value": "\n * This code recursively validates whether given Binary Search Tree (BST) is balanced or not.\n * Trees with only distinct values are supported.\n * Key points:\n * 1. According to the definition of a BST, each node in a tree must be in range [min, max],\n *    where 'min' and 'max' values represent the child nodes (left, right).\n * 2. The smallest possible node value is Integer.MIN_VALUE, the biggest - Integer.MAX_VALUE.\n "
                },
                {
                  "type": "Modifier",
                  "name": "",
                  "line": 11,
                  "column": 1,
                  "endLine": 11,
                  "endColumn": 6
                },
                {
                  "type": "Modifier",
                  "name": "",
                  "line": 11,
                  "column": 8,
                  "endLine": 11,
                  "endColumn": 12
                },
                {
                  "type": "SimpleName",
                  "name": "",
                  "line": 11,
                  "column": 20,
                  "endLine": 11,
                  "endColumn": 44
                },
                {
                  "type": "ConstructorDeclaration",
                  "name": "CheckBinaryTreeIsValidBST",
                  "line": 12,
                  "column": 5,
                  "endLine": 13,
                  "endColumn": 5,
                  "attrs": {
                    "modifiers": "[private ]",
                    "throws": "[]",
                    "annotations": "[]",
                    "params": "[]"
                  },
                  "children": [
                    {
                      "type": "Modifier",
                      "name": "",
                      "line": 12,
                      "column": 5,
                      "endLine": 12,
                      "endColumn": 11
                    },
                    {
                      "type": "SimpleName",
                      "name": "",
                      "line": 12,
                      "column": 13,
                      "endLine": 12,
                      "endColumn": 37
                    },
                    {
                      "type": "BlockStmt",
                      "name": "",
                      "line": 12,
                      "column": 41,
                      "endLine": 13,
                      "endColumn": 5
                    }
                  ]
                },
                {
                  "type": "MethodDeclaration",
                  "name": "isBST",
                  "line": 14,
                  "column": 5,
                  "endLine": 16,
                  "endColumn": 5,
                  "value": "boolean",
                  "attrs": {
                    "modifiers": "[public , static ]",
                    "typeParams": "[]",
                    "throws": "[]",
                    "annotations": "[]",
                    "type": "boolean",
                    "params": "[BinaryTree.Node root]"
                  },
                  "children": [
                    {
                      "type": "Modifier",
                      "name": "",
                      "line": 14,
                      "column": 5,
                      "endLine": 14,
                      "endColumn": 10
                    },
                    {
                      "type": "Modifier",
                      "name": "",
                      "line": 14,
                      "column": 12,
                      "endLine": 14,
                      "endColumn": 17
                    },
                    {
                      "type": "SimpleName",
                      "name": "",
                      "line": 14,
                      "column": 27,
                      "endLine": 14,
                      "endColumn": 31
                    },
                    {
                      "type": "Parameter",
                      "name": "root",
                      "line": 14,
                      "column": 33,
                      "endLine": 14,
                      "endColumn": 52,
                      "attrs": {
                        "modifiers": "[]",
                        "type": "BinaryTree.Node",
                        "isVarArgs": "false",
                        "annotations": "[]"
                      },
                      "children": [
                        {
                          "type": "ClassOrInterfaceType",
                          "name": "Node",
                          "line": 14,
                          "column": 33,
                          "endLine": 14,
                          "endColumn": 47,
                          "children": [
                            {
                              "type": "ClassOrInterfaceType",
                              "name": "BinaryTree",
                              "line": 14,
                              "column": 33,
                              "endLine": 14,
                              "endColumn": 42,
                              "children": [
                                {
                                  "type": "SimpleName",
                                  "name": "",
                                  "line": 14,
                                  "column": 33,
                                  "endLine": 14,
                                  "endColumn": 42
                                }
                              ]
                            },
                            {
                              "type": "SimpleName",
                              "name": "",
                              "line": 14,
                              "column": 44,
                              "endLine": 14,
                              "endColumn": 47
                            }
                          ]
                        },
                        {
                          "type": "SimpleName",
                          "name": "",
                          "line": 14,
                          "column": 49,
                          "endLine": 14,
                          "endColumn": 52
                        }
                      ]
                    },
                    {
                      "type": "PrimitiveType",
                      "name": "",
                      "line": 14,
                      "column": 19,
                      "endLine": 14,
                      "endColumn": 25
                    },
                    {
                      "type": "BlockStmt",
                      "name": "",
                      "line": 14,
                      "column": 55,
                      "endLine": 16,
                      "endColumn": 5,
                      "children": [
                        {
                          "type": "ReturnStmt",
                          "name": "return",
                          "line": 15,
                          "column": 9,
                          "endLine": 15,
                          "endColumn": 69,
                          "attrs": {
                            "expr": "isBSTUtil(root, Integer.MIN_VALUE, Integer.MAX_VALUE)"
                          },
                          "children": [
                            {
                              "type": "MethodCallExpr",
                              "name": "isBSTUtil",
                              "line": 15,
                              "column": 16,
                              "endLine": 15,
                              "endColumn": 68,
                              "attrs": {
                                "args": "[root, Integer.MIN_VALUE, Integer.MAX_VALUE]",
                                "code": "isBSTUtil(root, Integer.MIN_VALUE, Integer.MAX_VALUE)"
                              },
                              "children": [
                                {
                                  "type": "SimpleName",
                                  "name": "",
                                  "line": 15,
                                  "column": 16,
                                  "endLine": 15,
                                  "endColumn": 24
                                },
                                {
                                  "type": "NameExpr",
                                  "name": "root",
                                  "line": 15,
                                  "column": 26,
                                  "endLine": 15,
                                  "endColumn": 29,
                                  "children": [
                                    {
                                      "type": "SimpleName",
                                      "name": "",
                                      "line": 15,
                                      "column": 26,
                                      "endLine": 15,
                                      "endColumn": 29
                                    }
                                  ]
                                },
                                {
                                  "type": "FieldAccessExpr",
                                  "name": "MIN_VALUE",
                                  "line": 15,
                                  "column": 32,
                                  "endLine": 15,
                                  "endColumn": 48,
                                  "children": [
                                    {
                                      "type": "NameExpr",
                                      "name": "Integer",
                                      "line": 15,
                                      "column": 32,
                                      "endLine": 15,
                                      "endColumn": 38,
                                      "children": [
                                        {
                                          "type": "SimpleName",
                                          "name": "",
                                          "line": 15,
                                          "column": 32,
                                          "endLine": 15,
                                          "endColumn": 38
                                        }
                                      ]
                                    },
                                    {
                                      "type": "SimpleName",
                                      "name": "",
                                      "line": 15,
                                      "column": 40,
                                      "endLine": 15,
                                      "endColumn": 48
                                    }
                                  ]
                                },
                                {
                                  "type": "FieldAccessExpr",
                                  "name": "MAX_VALUE",
                                  "line": 15,
                                  "column": 51,
                                  "endLine": 15,
                                  "endColumn": 67,
                                  "children": [
                                    {
                                      "type": "NameExpr",
                                      "name": "Integer",
                                      "line": 15,
                                      "column": 51,
                                      "endLine": 15,
                                      "endColumn": 57,
                                      "children": [
                                        {
                                          "type": "SimpleName",
                                          "name": "",
                                          "line": 15,
                                          "column": 51,
                                          "endLine": 15,
                                          "endColumn": 57
                                        }
                                      ]
                                    },
                                    {
                                      "type": "SimpleName",
                                      "name": "",
                                      "line": 15,
                                      "column": 59,
                                      "endLine": 15,
                                      "endColumn": 67
                                    }
                                  ]
                                }
                              ]
                            }
                          ]
                        }
                      ]
                    }
                  ]
                },
                {
                  "type": "MethodDeclaration",
                  "name": "isBSTUtil",
                  "line": 18,
                  "column": 5,
                  "endLine": 29,
                  "endColumn": 5,
                  "value": "boolean",
                  "attrs": {
                    "modifiers": "[private , static ]",
                    "typeParams": "[]",
                    "throws": "[]",
                    "annotations": "[]",
                    "type": "boolean",
                    "params": "[BinaryTree.Node node, int min, int max]"
                  },
                  "children": [
                    {
                      "type": "Modifier",
                      "name": "",
                      "line": 18,
                      "column": 5,
                      "endLine": 18,
                      "endColumn": 11
                    },
                    {
                      "type": "Modifier",
                      "name": "",
                      "line": 18,
                      "column": 13,
                      "endLine": 18,
                      "endColumn": 18
                    },
                    {
                      "type": "SimpleName",
                      "name": "",
                      "line": 18,
                      "column": 28,
                      "endLine": 18,
                      "endColumn": 36
                    },
                    {
                      "type": "Parameter",
                      "name": "node",
                      "line": 18,
                      "column": 38,
                      "endLine": 18,
                      "endColumn": 57,
                      "attrs": {
                        "modifiers": "[]",
                        "type": "BinaryTree.Node",
                        "isVarArgs": "false",
                        "annotations": "[]"
                      },
                      "children": [
                        {
                          "type": "ClassOrInterfaceType",
                          "name": "Node",
                          "line": 18,
                          "column": 38,
                          "endLine": 18,
                          "endColumn": 52,
                          "children": [
                            {
                              "type": "ClassOrInterfaceType",
                              "name": "BinaryTree",
                              "line": 18,
                              "column": 38,
                              "endLine": 18,
                              "endColumn": 47,
                              "children": [
                                {
                                  "type": "SimpleName",
                                  "name": "",
                                  "line": 18,
                                  "column": 38,
                                  "endLine": 18,
                                  "endColumn": 47
                                }
                              ]
                            },
                            {
                              "type": "SimpleName",
                              "name": "",
                              "line": 18,
                              "column": 49,
                              "endLine": 18,
                              "endColumn": 52
                            }
                          ]
                        },
                        {
                          "type": "SimpleName",
                          "name": "",
                          "line": 18,
                          "column": 54,
                          "endLine": 18,
                          "endColumn": 57
                        }
                      ]
                    },
                    {
                      "type": "Parameter",
                      "name": "min",
                      "line": 18,
                      "column": 60,
                      "endLine": 18,
                      "endColumn": 66,
                      "attrs": {
                        "modifiers": "[]",
                        "type": "int",
                        "isVarArgs": "false",
                        "annotations": "[]"
                      },
                      "children": [
                        {
                          "type": "PrimitiveType",
                          "name": "",
                          "line": 18,
                          "column": 60,
                          "endLine": 18,
                          "endColumn": 62
                        },
                        {
                          "type": "SimpleName",
                          "name": "",
                          "line": 18,
                          "column": 64,
                          "endLine": 18,
                          "endColumn": 66
                        }
                      ]
                    },
                    {
                      "type": "Parameter",
                      "name": "max",
                      "line": 18,
                      "column": 69,
                      "endLine": 18,
                      "endColumn": 75,
                      "attrs": {
                        "modifiers": "[]",
                        "type": "int",
                        "isVarArgs": "false",
                        "annotations": "[]"
                      },
                      "children": [
                        {
                          "type": "PrimitiveType",
                          "name": "",
                          "line": 18,
                          "column": 69,
                          "endLine": 18,
                          "endColumn": 71
                        },
                        {
                          "type": "SimpleName",
                          "name": "",
                          "line": 18,
                          "column": 73,
                          "endLine": 18,
                          "endColumn": 75
                        }
                      ]
                    },
                    {
                      "type": "PrimitiveType",
                      "name": "",
                      "line": 18,
                      "column": 20,
                      "endLine": 18,
                      "endColumn": 26
                    },
                    {
                      "type": "BlockStmt",
                      "name": "",
                      "line": 18,
                      "column": 78,
                      "endLine": 29,
                      "endColumn": 5,
                      "children": [
                        {
                          "type": "IfStmt",
                          "name": "if(node == null)",
                          "line": 20,
                          "column": 9,
                          "endLine": 22,
                          "endColumn": 9,
                          "attrs": {
                            "condition": "node == null"
                          },
                          "children": [
                            {
                              "type": "LineComment",
                              "name": "",
                              "line": 19,
                              "column": 9,
                              "endLine": 19,
                              "endColumn": 30,
                              "value": " empty tree is a BST"
                            },
                            {
                              "type": "BinaryExpr",
                              "name": "",
                              "line": 20,
                              "column": 13,
                              "endLine": 20,
                              "endColumn": 24,
                              "children": [
                                {
                                  "type": "NameExpr",
                                  "name": "node",
                                  "line": 20,
                                  "column": 13,
                                  "endLine": 20,
                                  "endColumn": 16,
                                  "children": [
                                    {
                                      "type": "SimpleName",
                                      "name": "",
                                      "line": 20,
                                      "column": 13,
                                      "endLine": 20,
                                      "endColumn": 16
                                    }
                                  ]
                                },
                                {
                                  "type": "NullLiteralExpr",
                                  "name": "",
                                  "line": 20,
                                  "column": 21,
                                  "endLine": 20,
                                  "endColumn": 24
                                }
                              ]
                            },
                            {
                              "type": "BlockStmt",
                              "name": "",
                              "line": 20,
                              "column": 27,
                              "endLine": 22,
                              "endColumn": 9,
                              "children": [
                                {
                                  "type": "ReturnStmt",
                                  "name": "return",
                                  "line": 21,
                                  "column": 13,
                                  "endLine": 21,
                                  "endColumn": 24,
                                  "attrs": {
                                    "expr": "true"
                                  },
                                  "children": [
                                    {
                                      "type": "BooleanLiteralExpr",
                                      "name": "",
                                      "line": 21,
                                      "column": 20,
                                      "endLine": 21,
                                      "endColumn": 23
                                    }
                                  ]
                                }
                              ]
                            }
                          ]
                        },
                        {
                          "type": "IfStmt",
                          "name": "if(node.data < min || node.data > max)",
                          "line": 24,
                          "column": 9,
                          "endLine": 26,
                          "endColumn": 9,
                          "attrs": {
                            "condition": "node.data < min || node.data > max"
                          },
                          "children": [
                            {
                              "type": "BinaryExpr",
                              "name": "",
                              "line": 24,
                              "column": 13,
                              "endLine": 24,
                              "endColumn": 46,
                              "children": [
                                {
                                  "type": "BinaryExpr",
                                  "name": "",
                                  "line": 24,
                                  "column": 13,
                                  "endLine": 24,
                                  "endColumn": 27,
                                  "children": [
                                    {
                                      "type": "FieldAccessExpr",
                                      "name": "data",
                                      "line": 24,
                                      "column": 13,
                                      "endLine": 24,
                                      "endColumn": 21,
                                      "children": [
                                        {
                                          "type": "NameExpr",
                                          "name": "node",
                                          "line": 24,
                                          "column": 13,
                                          "endLine": 24,
                                          "endColumn": 16,
                                          "children": [
                                            {
                                              "type": "SimpleName",
                                              "name": "",
                                              "line": 24,
                                              "column": 13,
                                              "endLine": 24,
                                              "endColumn": 16
                                            }
                                          ]
                                        },
                                        {
                                          "type": "SimpleName",
                                          "name": "",
                                          "line": 24,
                                          "column": 18,
                                          "endLine": 24,
                                          "endColumn": 21
                                        }
                                      ]
                                    },
                                    {
                                      "type": "NameExpr",
                                      "name": "min",
                                      "line": 24,
                                      "column": 25,
                                      "endLine": 24,
                                      "endColumn": 27,
                                      "children": [
                                        {
                                          "type": "SimpleName",
                                          "name": "",
                                          "line": 24,
                                          "column": 25,
                                          "endLine": 24,
                                          "endColumn": 27
                                        }
                                      ]
                                    }
                                  ]
                                },
                                {
                                  "type": "BinaryExpr",
                                  "name": "",
                                  "line": 24,
                                  "column": 32,
                                  "endLine": 24,
                                  "endColumn": 46,
                                  "children": [
                                    {
                                      "type": "FieldAccessExpr",
                                      "name": "data",
                                      "line": 24,
                                      "column": 32,
                                      "endLine": 24,
                                      "endColumn": 40,
                                      "children": [
                                        {
                                          "type": "NameExpr",
                                          "name": "node",
                                          "line": 24,
                                          "column": 32,
                                          "endLine": 24,
                                          "endColumn": 35,
                                          "children": [
                                            {
                                              "type": "SimpleName",
                                              "name": "",
                                              "line": 24,
                                              "column": 32,
                                              "endLine": 24,
                                              "endColumn": 35
                                            }
                                          ]
                                        },
                                        {
                                          "type": "SimpleName",
                                          "name": "",
                                          "line": 24,
                                          "column": 37,
                                          "endLine": 24,
                                          "endColumn": 40
                                        }
                                      ]
                                    },
                                    {
                                      "type": "NameExpr",
                                      "name": "max",
                                      "line": 24,
                                      "column": 44,
                                      "endLine": 24,
                                      "endColumn": 46,
                                      "children": [
                                        {
                                          "type": "SimpleName",
                                          "name": "",
                                          "line": 24,
                                          "column": 44,
                                          "endLine": 24,
                                          "endColumn": 46
                                        }
                                      ]
                                    }
                                  ]
                                }
                              ]
                            },
                            {
                              "type": "BlockStmt",
                              "name": "",
                              "line": 24,
                              "column": 49,
                              "endLine": 26,
                              "endColumn": 9,
                              "children": [
                                {
                                  "type": "ReturnStmt",
                                  "name": "return",
                                  "line": 25,
                                  "column": 13,
                                  "endLine": 25,
                                  "endColumn": 25,
                                  "attrs": {
                                    "expr": "false"
                                  },
                                  "children": [
                                    {
                                      "type": "BooleanLiteralExpr",
                                      "name": "",
                                      "line": 25,
                                      "column": 20,
                                      "endLine": 25,
                                      "endColumn": 24
                                    }
                                  ]
                                }
                              ]
                            }
                          ]
                        },
                        {
                          "type": "ReturnStmt",
                          "name": "return",
                          "line": 28,
                          "column": 9,
                          "endLine": 28,
                          "endColumn": 103,
                          "attrs": {
                            "expr": "(isBSTUtil(node.left, min, node.data - 1) && isBSTUtil(node.right, node.data + 1, max))"
                          },
                          "children": [
                            {
                              "type": "EnclosedExpr",
                              "name": "",
                              "line": 28,
                              "column": 16,
                              "endLine": 28,
                              "endColumn": 102,
                              "children": [
                                {
                                  "type": "BinaryExpr",
                                  "name": "",
                                  "line": 28,
                                  "column": 17,
                                  "endLine": 28,
                                  "endColumn": 101,
                                  "children": [
                                    {
                                      "type": "MethodCallExpr",
                                      "name": "isBSTUtil",
                                      "line": 28,
                                      "column": 17,
                                      "endLine": 28,
                                      "endColumn": 56,
                                      "attrs": {
                                        "args": "[node.left, min, node.data - 1]",
                                        "code": "isBSTUtil(node.left, min, node.data - 1)"
                                      },
                                      "children": [
                                        {
                                          "type": "SimpleName",
                                          "name": "",
                                          "line": 28,
                                          "column": 17,
                                          "endLine": 28,
                                          "endColumn": 25
                                        },
                                        {
                                          "type": "FieldAccessExpr",
                                          "name": "left",
                                          "line": 28,
                                          "column": 27,
                                          "endLine": 28,
                                          "endColumn": 35,
                                          "children": [
                                            {
                                              "type": "NameExpr",
                                              "name": "node",
                                              "line": 28,
                                              "column": 27,
                                              "endLine": 28,
                                              "endColumn": 30,
                                              "children": [
                                                {
                                                  "type": "SimpleName",
                                                  "name": "",
                                                  "line": 28,
                                                  "column": 27,
                                                  "endLine": 28,
                                                  "endColumn": 30
                                                }
                                              ]
                                            },
                                            {
                                              "type": "SimpleName",
                                              "name": "",
                                              "line": 28,
                                              "column": 32,
                                              "endLine": 28,
                                              "endColumn": 35
                                            }
                                          ]
                                        },
                                        {
                                          "type": "NameExpr",
                                          "name": "min",
                                          "line": 28,
                                          "column": 38,
                                          "endLine": 28,
                                          "endColumn": 40,
                                          "children": [
                                            {
                                              "type": "SimpleName",
                                              "name": "",
                                              "line": 28,
                                              "column": 38,
                                              "endLine": 28,
                                              "endColumn": 40
                                            }
                                          ]
                                        },
                                        {
                                          "type": "BinaryExpr",
                                          "name": "",
                                          "line": 28,
                                          "column": 43,
                                          "endLine": 28,
                                          "endColumn": 55,
                                          "children": [
                                            {
                                              "type": "FieldAccessExpr",
                                              "name": "data",
                                              "line": 28,
                                              "column": 43,
                                              "endLine": 28,
                                              "endColumn": 51,
                                              "children": [
                                                {
                                                  "type": "NameExpr",
                                                  "name": "node",
                                                  "line": 28,
                                                  "column": 43,
                                                  "endLine": 28,
                                                  "endColumn": 46,
                                                  "children": [
                                                    {
                                                      "type": "SimpleName",
                                                      "name": "",
                                                      "line": 28,
                                                      "column": 43,
                                                      "endLine": 28,
                                                      "endColumn": 46
                                                    }
                                                  ]
                                                },
                                                {
                                                  "type": "SimpleName",
                                                  "name": "",
                                                  "line": 28,
                                                  "column": 48,
                                                  "endLine": 28,
                                                  "endColumn": 51
                                                }
                                              ]
                                            },
                                            {
                                              "type": "IntegerLiteralExpr",
                                              "name": "",
                                              "line": 28,
                                              "column": 55,
                                              "endLine": 28,
                                              "endColumn": 55
                                            }
                                          ]
                                        }
                                      ]
                                    },
                                    {
                                      "type": "MethodCallExpr",
                                      "name": "isBSTUtil",
                                      "line": 28,
                                      "column": 61,
                                      "endLine": 28,
                                      "endColumn": 101,
                                      "attrs": {
                                        "args": "[node.right, node.data + 1, max]",
                                        "code": "isBSTUtil(node.right, node.data + 1, max)"
                                      },
                                      "children": [
                                        {
                                          "type": "SimpleName",
                                          "name": "",
                                          "line": 28,
                                          "column": 61,
                                          "endLine": 28,
                                          "endColumn": 69
                                        },
                                        {
                                          "type": "FieldAccessExpr",
                                          "name": "right",
                                          "line": 28,
                                          "column": 71,
                                          "endLine": 28,
                                          "endColumn": 80,
                                          "children": [
                                            {
                                              "type": "NameExpr",
                                              "name": "node",
                                              "line": 28,
                                              "column": 71,
                                              "endLine": 28,
                                              "endColumn": 74,
                                              "children": [
                                                {
                                                  "type": "SimpleName",
                                                  "name": "",
                                                  "line": 28,
                                                  "column": 71,
                                                  "endLine": 28,
                                                  "endColumn": 74
                                                }
                                              ]
                                            },
                                            {
                                              "type": "SimpleName",
                                              "name": "",
                                              "line": 28,
                                              "column": 76,
                                              "endLine": 28,
                                              "endColumn": 80
                                            }
                                          ]
                                        },
                                        {
                                          "type": "BinaryExpr",
                                          "name": "",
                                          "line": 28,
                                          "column": 83,
                                          "endLine": 28,
                                          "endColumn": 95,
                                          "children": [
                                            {
                                              "type": "FieldAccessExpr",
                                              "name": "data",
                                              "line": 28,
                                              "column": 83,
                                              "endLine": 28,
                                              "endColumn": 91,
                                              "children": [
                                                {
                                                  "type": "NameExpr",
                                                  "name": "node",
                                                  "line": 28,
                                                  "column": 83,
                                                  "endLine": 28,
                                                  "endColumn": 86,
                                                  "children": [
                                                    {
                                                      "type": "SimpleName",
                                                      "name": "",
                                                      "line": 28,
                                                      "column": 83,
                                                      "endLine": 28,
                                                      "endColumn": 86
                                                    }
                                                  ]
                                                },
                                                {
                                                  "type": "SimpleName",
                                                  "name": "",
                                                  "line": 28,
                                                  "column": 88,
                                                  "endLine": 28,
                                                  "endColumn": 91
                                                }
                                              ]
                                            },
                                            {
                                              "type": "IntegerLiteralExpr",
                                              "name": "",
                                              "line": 28,
                                              "column": 95,
                                              "endLine": 28,
                                              "endColumn": 95
                                            }
                                          ]
                                        },
                                        {
                                          "type": "NameExpr",
                                          "name": "max",
                                          "line": 28,
                                          "column": 98,
                                          "endLine": 28,
                                          "endColumn": 100,
                                          "children": [
                                            {
                                              "type": "SimpleName",
                                              "name": "",
                                              "line": 28,
                                              "column": 98,
                                              "endLine": 28,
                                              "endColumn": 100
                                            }
                                          ]
                                        }
                                      ]
                                    }
                                  ]
                                }
                              ]
                            }
                          ]
                        }
                      ]
                    }
                  ]
                }
              ]
            }
          ]
        }
      ]
    }
  ]
}