{
  "type": "Project",
  "name": "Project",
  "children": [
    {
      "type": "File",
      "name": "FindNthBit.java",
      "value": "D:\\py-java-transform\\java to py\\java-to-python_user\\java-to-python-main\\java to python-result\\168\\FindNthBit.java",
      "children": [
        {
          "type": "CompilationUnit",
          "name": "",
          "line": 1,
          "column": 1,
          "endLine": 46,
          "endColumn": 2,
          "children": [
            {
              "type": "PackageDeclaration",
              "name": "com.thealgorithms.bitmanipulation",
              "line": 1,
              "column": 1,
              "endLine": 1,
              "endColumn": 42,
              "attrs": {
                "name": "com.thealgorithms.bitmanipulation"
              },
              "children": [
                {
                  "type": "Name",
                  "name": "",
                  "line": 1,
                  "column": 9,
                  "endLine": 1,
                  "endColumn": 41,
                  "children": [
                    {
                      "type": "Name",
                      "name": "",
                      "line": 1,
                      "column": 9,
                      "endLine": 1,
                      "endColumn": 25,
                      "children": [
                        {
                          "type": "Name",
                          "name": "",
                          "line": 1,
                          "column": 9,
                          "endLine": 1,
                          "endColumn": 11
                        }
                      ]
                    }
                  ]
                }
              ]
            },
            {
              "type": "ClassOrInterfaceDeclaration",
              "name": "FindNthBit",
              "line": 16,
              "column": 1,
              "endLine": 46,
              "endColumn": 1,
              "value": "class",
              "attrs": {
                "modifiers": "[public , final ]",
                "typeParams": "[]",
                "extends": "[]",
                "implements": "[]",
                "annotations": "[]"
              },
              "children": [
                {
                  "type": "Javadoc",
                  "name": "",
                  "line": 3,
                  "column": 1,
                  "endLine": 15,
                  "endColumn": 3,
                  "value": "\n * A utility class to find the Nth bit of a given number.\n *\n * <p>This class provides a method to extract the value of the Nth bit (either 0 or 1)\n * from the binary representation of a given integer.\n *\n * <p>Example:\n * <pre>{@code\n * int result = FindNthBit.findNthBit(5, 2); // returns 0 as the 2nd bit of 5 (binary 101) is 0.\n * }</pre>\n *\n * <p>Author: <a href=\"https://github.com/Tuhinm2002\">Tuhinm2002</a>\n "
                },
                {
                  "type": "Modifier",
                  "name": "",
                  "line": 16,
                  "column": 1,
                  "endLine": 16,
                  "endColumn": 6
                },
                {
                  "type": "Modifier",
                  "name": "",
                  "line": 16,
                  "column": 8,
                  "endLine": 16,
                  "endColumn": 12
                },
                {
                  "type": "SimpleName",
                  "name": "",
                  "line": 16,
                  "column": 20,
                  "endLine": 16,
                  "endColumn": 29
                },
                {
                  "type": "ConstructorDeclaration",
                  "name": "FindNthBit",
                  "line": 24,
                  "column": 5,
                  "endLine": 26,
                  "endColumn": 5,
                  "attrs": {
                    "modifiers": "[private ]",
                    "throws": "[]",
                    "annotations": "[]",
                    "params": "[]"
                  },
                  "children": [
                    {
                      "type": "Javadoc",
                      "name": "",
                      "line": 18,
                      "column": 5,
                      "endLine": 23,
                      "endColumn": 7,
                      "value": "\n     * Private constructor to prevent instantiation.\n     *\n     * <p>This is a utility class, and it should not be instantiated.\n     * Attempting to instantiate this class will throw an UnsupportedOperationException.\n     "
                    },
                    {
                      "type": "Modifier",
                      "name": "",
                      "line": 24,
                      "column": 5,
                      "endLine": 24,
                      "endColumn": 11
                    },
                    {
                      "type": "SimpleName",
                      "name": "",
                      "line": 24,
                      "column": 13,
                      "endLine": 24,
                      "endColumn": 22
                    },
                    {
                      "type": "BlockStmt",
                      "name": "",
                      "line": 24,
                      "column": 26,
                      "endLine": 26,
                      "endColumn": 5,
                      "children": [
                        {
                          "type": "ThrowStmt",
                          "name": "throw",
                          "line": 25,
                          "column": 9,
                          "endLine": 25,
                          "endColumn": 65,
                          "attrs": {
                            "expr": "new UnsupportedOperationException(\"Utility class\")"
                          },
                          "children": [
                            {
                              "type": "ObjectCreationExpr",
                              "name": "new UnsupportedOperationException",
                              "line": 25,
                              "column": 15,
                              "endLine": 25,
                              "endColumn": 64,
                              "attrs": {
                                "type": "UnsupportedOperationException",
                                "hasAnonymousClassBody": "false",
                                "args": "[\"Utility class\"]"
                              },
                              "children": [
                                {
                                  "type": "ClassOrInterfaceType",
                                  "name": "UnsupportedOperationException",
                                  "line": 25,
                                  "column": 19,
                                  "endLine": 25,
                                  "endColumn": 47,
                                  "children": [
                                    {
                                      "type": "SimpleName",
                                      "name": "",
                                      "line": 25,
                                      "column": 19,
                                      "endLine": 25,
                                      "endColumn": 47
                                    }
                                  ]
                                },
                                {
                                  "type": "StringLiteralExpr",
                                  "name": "",
                                  "line": 25,
                                  "column": 49,
                                  "endLine": 25,
                                  "endColumn": 63
                                }
                              ]
                            }
                          ]
                        }
                      ]
                    }
                  ]
                },
                {
                  "type": "MethodDeclaration",
                  "name": "findNthBit",
                  "line": 39,
                  "column": 5,
                  "endLine": 45,
                  "endColumn": 5,
                  "value": "int",
                  "attrs": {
                    "modifiers": "[public , static ]",
                    "typeParams": "[]",
                    "throws": "[]",
                    "annotations": "[]",
                    "type": "int",
                    "params": "[int num, int n]"
                  },
                  "children": [
                    {
                      "type": "Javadoc",
                      "name": "",
                      "line": 28,
                      "column": 5,
                      "endLine": 38,
                      "endColumn": 7,
                      "value": "\n     * Finds the value of the Nth bit of the given number.\n     *\n     * <p>This method uses bitwise operations to extract the Nth bit from the\n     * binary representation of the given integer.\n     *\n     * @param num the integer number whose Nth bit is to be found\n     * @param n   the bit position (1-based) to retrieve\n     * @return    the value of the Nth bit (0 or 1)\n     * @throws IllegalArgumentException if the bit position is less than 1\n     "
                    },
                    {
                      "type": "Modifier",
                      "name": "",
                      "line": 39,
                      "column": 5,
                      "endLine": 39,
                      "endColumn": 10
                    },
                    {
                      "type": "Modifier",
                      "name": "",
                      "line": 39,
                      "column": 12,
                      "endLine": 39,
                      "endColumn": 17
                    },
                    {
                      "type": "SimpleName",
                      "name": "",
                      "line": 39,
                      "column": 23,
                      "endLine": 39,
                      "endColumn": 32
                    },
                    {
                      "type": "Parameter",
                      "name": "num",
                      "line": 39,
                      "column": 34,
                      "endLine": 39,
                      "endColumn": 40,
                      "attrs": {
                        "modifiers": "[]",
                        "type": "int",
                        "isVarArgs": "false",
                        "annotations": "[]"
                      },
                      "children": [
                        {
                          "type": "PrimitiveType",
                          "name": "",
                          "line": 39,
                          "column": 34,
                          "endLine": 39,
                          "endColumn": 36
                        },
                        {
                          "type": "SimpleName",
                          "name": "",
                          "line": 39,
                          "column": 38,
                          "endLine": 39,
                          "endColumn": 40
                        }
                      ]
                    },
                    {
                      "type": "Parameter",
                      "name": "n",
                      "line": 39,
                      "column": 43,
                      "endLine": 39,
                      "endColumn": 47,
                      "attrs": {
                        "modifiers": "[]",
                        "type": "int",
                        "isVarArgs": "false",
                        "annotations": "[]"
                      },
                      "children": [
                        {
                          "type": "PrimitiveType",
                          "name": "",
                          "line": 39,
                          "column": 43,
                          "endLine": 39,
                          "endColumn": 45
                        },
                        {
                          "type": "SimpleName",
                          "name": "",
                          "line": 39,
                          "column": 47,
                          "endLine": 39,
                          "endColumn": 47
                        }
                      ]
                    },
                    {
                      "type": "PrimitiveType",
                      "name": "",
                      "line": 39,
                      "column": 19,
                      "endLine": 39,
                      "endColumn": 21
                    },
                    {
                      "type": "BlockStmt",
                      "name": "",
                      "line": 39,
                      "column": 50,
                      "endLine": 45,
                      "endColumn": 5,
                      "children": [
                        {
                          "type": "IfStmt",
                          "name": "if(n < 1)",
                          "line": 40,
                          "column": 9,
                          "endLine": 42,
                          "endColumn": 9,
                          "attrs": {
                            "condition": "n < 1"
                          },
                          "children": [
                            {
                              "type": "BinaryExpr",
                              "name": "",
                              "line": 40,
                              "column": 13,
                              "endLine": 40,
                              "endColumn": 17,
                              "children": [
                                {
                                  "type": "NameExpr",
                                  "name": "n",
                                  "line": 40,
                                  "column": 13,
                                  "endLine": 40,
                                  "endColumn": 13,
                                  "children": [
                                    {
                                      "type": "SimpleName",
                                      "name": "",
                                      "line": 40,
                                      "column": 13,
                                      "endLine": 40,
                                      "endColumn": 13
                                    }
                                  ]
                                },
                                {
                                  "type": "IntegerLiteralExpr",
                                  "name": "",
                                  "line": 40,
                                  "column": 17,
                                  "endLine": 40,
                                  "endColumn": 17
                                }
                              ]
                            },
                            {
                              "type": "BlockStmt",
                              "name": "",
                              "line": 40,
                              "column": 20,
                              "endLine": 42,
                              "endColumn": 9,
                              "children": [
                                {
                                  "type": "ThrowStmt",
                                  "name": "throw",
                                  "line": 41,
                                  "column": 13,
                                  "endLine": 41,
                                  "endColumn": 99,
                                  "attrs": {
                                    "expr": "new IllegalArgumentException(\"Bit position must be greater than or equal to 1.\")"
                                  },
                                  "children": [
                                    {
                                      "type": "ObjectCreationExpr",
                                      "name": "new IllegalArgumentException",
                                      "line": 41,
                                      "column": 19,
                                      "endLine": 41,
                                      "endColumn": 98,
                                      "attrs": {
                                        "type": "IllegalArgumentException",
                                        "hasAnonymousClassBody": "false",
                                        "args": "[\"Bit position must be greater than or equal to 1.\"]"
                                      },
                                      "children": [
                                        {
                                          "type": "ClassOrInterfaceType",
                                          "name": "IllegalArgumentException",
                                          "line": 41,
                                          "column": 23,
                                          "endLine": 41,
                                          "endColumn": 46,
                                          "children": [
                                            {
                                              "type": "SimpleName",
                                              "name": "",
                                              "line": 41,
                                              "column": 23,
                                              "endLine": 41,
                                              "endColumn": 46
                                            }
                                          ]
                                        },
                                        {
                                          "type": "StringLiteralExpr",
                                          "name": "",
                                          "line": 41,
                                          "column": 48,
                                          "endLine": 41,
                                          "endColumn": 97
                                        }
                                      ]
                                    }
                                  ]
                                }
                              ]
                            }
                          ]
                        },
                        {
                          "type": "ReturnStmt",
                          "name": "return",
                          "line": 44,
                          "column": 9,
                          "endLine": 44,
                          "endColumn": 49,
                          "attrs": {
                            "expr": "(num & (1 << (n - 1))) >> (n - 1)"
                          },
                          "children": [
                            {
                              "type": "LineComment",
                              "name": "",
                              "line": 43,
                              "column": 9,
                              "endLine": 43,
                              "endColumn": 90,
                              "value": " Shifting the number to the right by (n - 1) positions and checking the last bit"
                            },
                            {
                              "type": "BinaryExpr",
                              "name": "",
                              "line": 44,
                              "column": 16,
                              "endLine": 44,
                              "endColumn": 48,
                              "children": [
                                {
                                  "type": "EnclosedExpr",
                                  "name": "",
                                  "line": 44,
                                  "column": 16,
                                  "endLine": 44,
                                  "endColumn": 37,
                                  "children": [
                                    {
                                      "type": "BinaryExpr",
                                      "name": "",
                                      "line": 44,
                                      "column": 17,
                                      "endLine": 44,
                                      "endColumn": 36,
                                      "children": [
                                        {
                                          "type": "NameExpr",
                                          "name": "num",
                                          "line": 44,
                                          "column": 17,
                                          "endLine": 44,
                                          "endColumn": 19,
                                          "children": [
                                            {
                                              "type": "SimpleName",
                                              "name": "",
                                              "line": 44,
                                              "column": 17,
                                              "endLine": 44,
                                              "endColumn": 19
                                            }
                                          ]
                                        },
                                        {
                                          "type": "EnclosedExpr",
                                          "name": "",
                                          "line": 44,
                                          "column": 23,
                                          "endLine": 44,
                                          "endColumn": 36,
                                          "children": [
                                            {
                                              "type": "BinaryExpr",
                                              "name": "",
                                              "line": 44,
                                              "column": 24,
                                              "endLine": 44,
                                              "endColumn": 35,
                                              "children": [
                                                {
                                                  "type": "IntegerLiteralExpr",
                                                  "name": "",
                                                  "line": 44,
                                                  "column": 24,
                                                  "endLine": 44,
                                                  "endColumn": 24
                                                },
                                                {
                                                  "type": "EnclosedExpr",
                                                  "name": "",
                                                  "line": 44,
                                                  "column": 29,
                                                  "endLine": 44,
                                                  "endColumn": 35,
                                                  "children": [
                                                    {
                                                      "type": "BinaryExpr",
                                                      "name": "",
                                                      "line": 44,
                                                      "column": 30,
                                                      "endLine": 44,
                                                      "endColumn": 34,
                                                      "children": [
                                                        {
                                                          "type": "NameExpr",
                                                          "name": "n",
                                                          "line": 44,
                                                          "column": 30,
                                                          "endLine": 44,
                                                          "endColumn": 30,
                                                          "children": [
                                                            {
                                                              "type": "SimpleName",
                                                              "name": "",
                                                              "line": 44,
                                                              "column": 30,
                                                              "endLine": 44,
                                                              "endColumn": 30
                                                            }
                                                          ]
                                                        },
                                                        {
                                                          "type": "IntegerLiteralExpr",
                                                          "name": "",
                                                          "line": 44,
                                                          "column": 34,
                                                          "endLine": 44,
                                                          "endColumn": 34
                                                        }
                                                      ]
                                                    }
                                                  ]
                                                }
                                              ]
                                            }
                                          ]
                                        }
                                      ]
                                    }
                                  ]
                                },
                                {
                                  "type": "EnclosedExpr",
                                  "name": "",
                                  "line": 44,
                                  "column": 42,
                                  "endLine": 44,
                                  "endColumn": 48,
                                  "children": [
                                    {
                                      "type": "BinaryExpr",
                                      "name": "",
                                      "line": 44,
                                      "column": 43,
                                      "endLine": 44,
                                      "endColumn": 47,
                                      "children": [
                                        {
                                          "type": "NameExpr",
                                          "name": "n",
                                          "line": 44,
                                          "column": 43,
                                          "endLine": 44,
                                          "endColumn": 43,
                                          "children": [
                                            {
                                              "type": "SimpleName",
                                              "name": "",
                                              "line": 44,
                                              "column": 43,
                                              "endLine": 44,
                                              "endColumn": 43
                                            }
                                          ]
                                        },
                                        {
                                          "type": "IntegerLiteralExpr",
                                          "name": "",
                                          "line": 44,
                                          "column": 47,
                                          "endLine": 44,
                                          "endColumn": 47
                                        }
                                      ]
                                    }
                                  ]
                                }
                              ]
                            }
                          ]
                        }
                      ]
                    }
                  ]
                }
              ]
            }
          ]
        }
      ]
    },
    {
      "type": "File",
      "name": "FirstDifferentBit.java",
      "value": "D:\\py-java-transform\\java to py\\java-to-python_user\\java-to-python-main\\java to python-result\\168\\FirstDifferentBit.java",
      "children": [
        {
          "type": "CompilationUnit",
          "name": "",
          "line": 1,
          "column": 1,
          "endLine": 33,
          "endColumn": 2,
          "children": [
            {
              "type": "PackageDeclaration",
              "name": "com.thealgorithms.bitmanipulation",
              "line": 1,
              "column": 1,
              "endLine": 1,
              "endColumn": 42,
              "attrs": {
                "name": "com.thealgorithms.bitmanipulation"
              },
              "children": [
                {
                  "type": "Name",
                  "name": "",
                  "line": 1,
                  "column": 9,
                  "endLine": 1,
                  "endColumn": 41,
                  "children": [
                    {
                      "type": "Name",
                      "name": "",
                      "line": 1,
                      "column": 9,
                      "endLine": 1,
                      "endColumn": 25,
                      "children": [
                        {
                          "type": "Name",
                          "name": "",
                          "line": 1,
                          "column": 9,
                          "endLine": 1,
                          "endColumn": 11
                        }
                      ]
                    }
                  ]
                }
              ]
            },
            {
              "type": "ClassOrInterfaceDeclaration",
              "name": "FirstDifferentBit",
              "line": 15,
              "column": 1,
              "endLine": 33,
              "endColumn": 1,
              "value": "class",
              "attrs": {
                "modifiers": "[public , final ]",
                "typeParams": "[]",
                "extends": "[]",
                "implements": "[]",
                "annotations": "[]"
              },
              "children": [
                {
                  "type": "Javadoc",
                  "name": "",
                  "line": 3,
                  "column": 1,
                  "endLine": 14,
                  "endColumn": 3,
                  "value": "\n * This class provides a method to find the first differing bit\n * between two integers.\n *\n * Example:\n *  x = 10 (1010 in binary)\n *  y = 12 (1100 in binary)\n *  The first differing bit is at index 1 (0-based)\n *  So, the output will be 1\n *\n * @author Hardvan\n "
                },
                {
                  "type": "Modifier",
                  "name": "",
                  "line": 15,
                  "column": 1,
                  "endLine": 15,
                  "endColumn": 6
                },
                {
                  "type": "Modifier",
                  "name": "",
                  "line": 15,
                  "column": 8,
                  "endLine": 15,
                  "endColumn": 12
                },
                {
                  "type": "SimpleName",
                  "name": "",
                  "line": 15,
                  "column": 20,
                  "endLine": 15,
                  "endColumn": 36
                },
                {
                  "type": "ConstructorDeclaration",
                  "name": "FirstDifferentBit",
                  "line": 16,
                  "column": 5,
                  "endLine": 17,
                  "endColumn": 5,
                  "attrs": {
                    "modifiers": "[private ]",
                    "throws": "[]",
                    "annotations": "[]",
                    "params": "[]"
                  },
                  "children": [
                    {
                      "type": "Modifier",
                      "name": "",
                      "line": 16,
                      "column": 5,
                      "endLine": 16,
                      "endColumn": 11
                    },
                    {
                      "type": "SimpleName",
                      "name": "",
                      "line": 16,
                      "column": 13,
                      "endLine": 16,
                      "endColumn": 29
                    },
                    {
                      "type": "BlockStmt",
                      "name": "",
                      "line": 16,
                      "column": 33,
                      "endLine": 17,
                      "endColumn": 5
                    }
                  ]
                },
                {
                  "type": "MethodDeclaration",
                  "name": "firstDifferentBit",
                  "line": 29,
                  "column": 5,
                  "endLine": 32,
                  "endColumn": 5,
                  "value": "int",
                  "attrs": {
                    "modifiers": "[public , static ]",
                    "typeParams": "[]",
                    "throws": "[]",
                    "annotations": "[]",
                    "type": "int",
                    "params": "[int x, int y]"
                  },
                  "children": [
                    {
                      "type": "Javadoc",
                      "name": "",
                      "line": 19,
                      "column": 5,
                      "endLine": 28,
                      "endColumn": 7,
                      "value": "\n     * Identifies the index of the first differing bit between two integers.\n     * Steps:\n     * 1. XOR the two integers to get the differing bits\n     * 2. Find the index of the first set bit in XOR result\n     *\n     * @param x the first integer\n     * @param y the second integer\n     * @return the index of the first differing bit (0-based)\n     "
                    },
                    {
                      "type": "Modifier",
                      "name": "",
                      "line": 29,
                      "column": 5,
                      "endLine": 29,
                      "endColumn": 10
                    },
                    {
                      "type": "Modifier",
                      "name": "",
                      "line": 29,
                      "column": 12,
                      "endLine": 29,
                      "endColumn": 17
                    },
                    {
                      "type": "SimpleName",
                      "name": "",
                      "line": 29,
                      "column": 23,
                      "endLine": 29,
                      "endColumn": 39
                    },
                    {
                      "type": "Parameter",
                      "name": "x",
                      "line": 29,
                      "column": 41,
                      "endLine": 29,
                      "endColumn": 45,
                      "attrs": {
                        "modifiers": "[]",
                        "type": "int",
                        "isVarArgs": "false",
                        "annotations": "[]"
                      },
                      "children": [
                        {
                          "type": "PrimitiveType",
                          "name": "",
                          "line": 29,
                          "column": 41,
                          "endLine": 29,
                          "endColumn": 43
                        },
                        {
                          "type": "SimpleName",
                          "name": "",
                          "line": 29,
                          "column": 45,
                          "endLine": 29,
                          "endColumn": 45
                        }
                      ]
                    },
                    {
                      "type": "Parameter",
                      "name": "y",
                      "line": 29,
                      "column": 48,
                      "endLine": 29,
                      "endColumn": 52,
                      "attrs": {
                        "modifiers": "[]",
                        "type": "int",
                        "isVarArgs": "false",
                        "annotations": "[]"
                      },
                      "children": [
                        {
                          "type": "PrimitiveType",
                          "name": "",
                          "line": 29,
                          "column": 48,
                          "endLine": 29,
                          "endColumn": 50
                        },
                        {
                          "type": "SimpleName",
                          "name": "",
                          "line": 29,
                          "column": 52,
                          "endLine": 29,
                          "endColumn": 52
                        }
                      ]
                    },
                    {
                      "type": "PrimitiveType",
                      "name": "",
                      "line": 29,
                      "column": 19,
                      "endLine": 29,
                      "endColumn": 21
                    },
                    {
                      "type": "BlockStmt",
                      "name": "",
                      "line": 29,
                      "column": 55,
                      "endLine": 32,
                      "endColumn": 5,
                      "children": [
                        {
                          "type": "ExpressionStmt",
                          "name": "",
                          "line": 30,
                          "column": 9,
                          "endLine": 30,
                          "endColumn": 25,
                          "attrs": {
                            "code": "int diff = x ^ y"
                          },
                          "children": [
                            {
                              "type": "VariableDeclarationExpr",
                              "name": "",
                              "line": 30,
                              "column": 9,
                              "endLine": 30,
                              "endColumn": 24,
                              "attrs": {
                                "modifiers": "[]",
                                "code": "int diff = x ^ y"
                              },
                              "children": [
                                {
                                  "type": "VariableDeclarator",
                                  "name": "diff",
                                  "line": 30,
                                  "column": 13,
                                  "endLine": 30,
                                  "endColumn": 24,
                                  "value": "int",
                                  "attrs": {
                                    "initializer": "x ^ y",
                                    "type": "int"
                                  },
                                  "children": [
                                    {
                                      "type": "PrimitiveType",
                                      "name": "",
                                      "line": 30,
                                      "column": 9,
                                      "endLine": 30,
                                      "endColumn": 11
                                    },
                                    {
                                      "type": "SimpleName",
                                      "name": "",
                                      "line": 30,
                                      "column": 13,
                                      "endLine": 30,
                                      "endColumn": 16
                                    },
                                    {
                                      "type": "BinaryExpr",
                                      "name": "",
                                      "line": 30,
                                      "column": 20,
                                      "endLine": 30,
                                      "endColumn": 24,
                                      "children": [
                                        {
                                          "type": "NameExpr",
                                          "name": "x",
                                          "line": 30,
                                          "column": 20,
                                          "endLine": 30,
                                          "endColumn": 20,
                                          "children": [
                                            {
                                              "type": "SimpleName",
                                              "name": "",
                                              "line": 30,
                                              "column": 20,
                                              "endLine": 30,
                                              "endColumn": 20
                                            }
                                          ]
                                        },
                                        {
                                          "type": "NameExpr",
                                          "name": "y",
                                          "line": 30,
                                          "column": 24,
                                          "endLine": 30,
                                          "endColumn": 24,
                                          "children": [
                                            {
                                              "type": "SimpleName",
                                              "name": "",
                                              "line": 30,
                                              "column": 24,
                                              "endLine": 30,
                                              "endColumn": 24
                                            }
                                          ]
                                        }
                                      ]
                                    }
                                  ]
                                }
                              ]
                            }
                          ]
                        },
                        {
                          "type": "ReturnStmt",
                          "name": "return",
                          "line": 31,
                          "column": 9,
                          "endLine": 31,
                          "endColumn": 51,
                          "attrs": {
                            "expr": "Integer.numberOfTrailingZeros(diff)"
                          },
                          "children": [
                            {
                              "type": "MethodCallExpr",
                              "name": "numberOfTrailingZeros",
                              "line": 31,
                              "column": 16,
                              "endLine": 31,
                              "endColumn": 50,
                              "attrs": {
                                "args": "[diff]",
                                "code": "Integer.numberOfTrailingZeros(diff)"
                              },
                              "children": [
                                {
                                  "type": "NameExpr",
                                  "name": "Integer",
                                  "line": 31,
                                  "column": 16,
                                  "endLine": 31,
                                  "endColumn": 22,
                                  "children": [
                                    {
                                      "type": "SimpleName",
                                      "name": "",
                                      "line": 31,
                                      "column": 16,
                                      "endLine": 31,
                                      "endColumn": 22
                                    }
                                  ]
                                },
                                {
                                  "type": "SimpleName",
                                  "name": "",
                                  "line": 31,
                                  "column": 24,
                                  "endLine": 31,
                                  "endColumn": 44
                                },
                                {
                                  "type": "NameExpr",
                                  "name": "diff",
                                  "line": 31,
                                  "column": 46,
                                  "endLine": 31,
                                  "endColumn": 49,
                                  "children": [
                                    {
                                      "type": "SimpleName",
                                      "name": "",
                                      "line": 31,
                                      "column": 46,
                                      "endLine": 31,
                                      "endColumn": 49
                                    }
                                  ]
                                }
                              ]
                            }
                          ]
                        }
                      ]
                    }
                  ]
                }
              ]
            }
          ]
        }
      ]
    }
  ]
}