{
  "type": "Project",
  "name": "Project",
  "children": [
    {
      "type": "File",
      "name": "IsPowerTwo.java",
      "value": "D:\\py-java-transform\\java to py\\java-to-python_user\\java-to-python-main\\java to python-result\\177\\IsPowerTwo.java",
      "children": [
        {
          "type": "CompilationUnit",
          "name": "",
          "line": 1,
          "column": 1,
          "endLine": 32,
          "endColumn": 2,
          "children": [
            {
              "type": "PackageDeclaration",
              "name": "com.thealgorithms.bitmanipulation",
              "line": 1,
              "column": 1,
              "endLine": 1,
              "endColumn": 42,
              "attrs": {
                "name": "com.thealgorithms.bitmanipulation"
              },
              "children": [
                {
                  "type": "Name",
                  "name": "",
                  "line": 1,
                  "column": 9,
                  "endLine": 1,
                  "endColumn": 41,
                  "children": [
                    {
                      "type": "Name",
                      "name": "",
                      "line": 1,
                      "column": 9,
                      "endLine": 1,
                      "endColumn": 25,
                      "children": [
                        {
                          "type": "Name",
                          "name": "",
                          "line": 1,
                          "column": 9,
                          "endLine": 1,
                          "endColumn": 11
                        }
                      ]
                    }
                  ]
                }
              ]
            },
            {
              "type": "ClassOrInterfaceDeclaration",
              "name": "IsPowerTwo",
              "line": 10,
              "column": 1,
              "endLine": 32,
              "endColumn": 1,
              "value": "class",
              "attrs": {
                "modifiers": "[public , final ]",
                "typeParams": "[]",
                "extends": "[]",
                "implements": "[]",
                "annotations": "[]"
              },
              "children": [
                {
                  "type": "Javadoc",
                  "name": "",
                  "line": 3,
                  "column": 1,
                  "endLine": 9,
                  "endColumn": 3,
                  "value": "\n * Utility class for checking if a number is a power of two.\n * A power of two is a number that can be expressed as 2^n where n is a non-negative integer.\n * This class provides a method to determine if a given integer is a power of two using bit manipulation.\n *\n * @author Bama Charan Chhandogi (https://github.com/BamaCharanChhandogi)\n "
                },
                {
                  "type": "Modifier",
                  "name": "",
                  "line": 10,
                  "column": 1,
                  "endLine": 10,
                  "endColumn": 6
                },
                {
                  "type": "Modifier",
                  "name": "",
                  "line": 10,
                  "column": 8,
                  "endLine": 10,
                  "endColumn": 12
                },
                {
                  "type": "SimpleName",
                  "name": "",
                  "line": 10,
                  "column": 20,
                  "endLine": 10,
                  "endColumn": 29
                },
                {
                  "type": "ConstructorDeclaration",
                  "name": "IsPowerTwo",
                  "line": 11,
                  "column": 5,
                  "endLine": 12,
                  "endColumn": 5,
                  "attrs": {
                    "modifiers": "[private ]",
                    "throws": "[]",
                    "annotations": "[]",
                    "params": "[]"
                  },
                  "children": [
                    {
                      "type": "Modifier",
                      "name": "",
                      "line": 11,
                      "column": 5,
                      "endLine": 11,
                      "endColumn": 11
                    },
                    {
                      "type": "SimpleName",
                      "name": "",
                      "line": 11,
                      "column": 13,
                      "endLine": 11,
                      "endColumn": 22
                    },
                    {
                      "type": "BlockStmt",
                      "name": "",
                      "line": 11,
                      "column": 26,
                      "endLine": 12,
                      "endColumn": 5
                    }
                  ]
                },
                {
                  "type": "MethodDeclaration",
                  "name": "isPowerTwo",
                  "line": 25,
                  "column": 5,
                  "endLine": 31,
                  "endColumn": 5,
                  "value": "boolean",
                  "attrs": {
                    "modifiers": "[public , static ]",
                    "typeParams": "[]",
                    "throws": "[]",
                    "annotations": "[]",
                    "type": "boolean",
                    "params": "[int number]"
                  },
                  "children": [
                    {
                      "type": "Javadoc",
                      "name": "",
                      "line": 14,
                      "column": 5,
                      "endLine": 24,
                      "endColumn": 7,
                      "value": "\n     * Checks if the given integer is a power of two.\n     *\n     * A number is considered a power of two if it is greater than zero and\n     * has exactly one '1' bit in its binary representation. This method\n     * uses the property that for any power of two (n), the expression\n     * (n & (n - 1)) will be zero.\n     *\n     * @param number the integer to check\n     * @return true if the number is a power of two, false otherwise\n     "
                    },
                    {
                      "type": "Modifier",
                      "name": "",
                      "line": 25,
                      "column": 5,
                      "endLine": 25,
                      "endColumn": 10
                    },
                    {
                      "type": "Modifier",
                      "name": "",
                      "line": 25,
                      "column": 12,
                      "endLine": 25,
                      "endColumn": 17
                    },
                    {
                      "type": "SimpleName",
                      "name": "",
                      "line": 25,
                      "column": 27,
                      "endLine": 25,
                      "endColumn": 36
                    },
                    {
                      "type": "Parameter",
                      "name": "number",
                      "line": 25,
                      "column": 38,
                      "endLine": 25,
                      "endColumn": 47,
                      "attrs": {
                        "modifiers": "[]",
                        "type": "int",
                        "isVarArgs": "false",
                        "annotations": "[]"
                      },
                      "children": [
                        {
                          "type": "PrimitiveType",
                          "name": "",
                          "line": 25,
                          "column": 38,
                          "endLine": 25,
                          "endColumn": 40
                        },
                        {
                          "type": "SimpleName",
                          "name": "",
                          "line": 25,
                          "column": 42,
                          "endLine": 25,
                          "endColumn": 47
                        }
                      ]
                    },
                    {
                      "type": "PrimitiveType",
                      "name": "",
                      "line": 25,
                      "column": 19,
                      "endLine": 25,
                      "endColumn": 25
                    },
                    {
                      "type": "BlockStmt",
                      "name": "",
                      "line": 25,
                      "column": 50,
                      "endLine": 31,
                      "endColumn": 5,
                      "children": [
                        {
                          "type": "IfStmt",
                          "name": "if(number <= 0)",
                          "line": 26,
                          "column": 9,
                          "endLine": 28,
                          "endColumn": 9,
                          "attrs": {
                            "condition": "number <= 0"
                          },
                          "children": [
                            {
                              "type": "BinaryExpr",
                              "name": "",
                              "line": 26,
                              "column": 13,
                              "endLine": 26,
                              "endColumn": 23,
                              "children": [
                                {
                                  "type": "NameExpr",
                                  "name": "number",
                                  "line": 26,
                                  "column": 13,
                                  "endLine": 26,
                                  "endColumn": 18,
                                  "children": [
                                    {
                                      "type": "SimpleName",
                                      "name": "",
                                      "line": 26,
                                      "column": 13,
                                      "endLine": 26,
                                      "endColumn": 18
                                    }
                                  ]
                                },
                                {
                                  "type": "IntegerLiteralExpr",
                                  "name": "",
                                  "line": 26,
                                  "column": 23,
                                  "endLine": 26,
                                  "endColumn": 23
                                }
                              ]
                            },
                            {
                              "type": "BlockStmt",
                              "name": "",
                              "line": 26,
                              "column": 26,
                              "endLine": 28,
                              "endColumn": 9,
                              "children": [
                                {
                                  "type": "ReturnStmt",
                                  "name": "return",
                                  "line": 27,
                                  "column": 13,
                                  "endLine": 27,
                                  "endColumn": 25,
                                  "attrs": {
                                    "expr": "false"
                                  },
                                  "children": [
                                    {
                                      "type": "BooleanLiteralExpr",
                                      "name": "",
                                      "line": 27,
                                      "column": 20,
                                      "endLine": 27,
                                      "endColumn": 24
                                    }
                                  ]
                                }
                              ]
                            }
                          ]
                        },
                        {
                          "type": "ExpressionStmt",
                          "name": "",
                          "line": 29,
                          "column": 9,
                          "endLine": 29,
                          "endColumn": 40,
                          "attrs": {
                            "code": "int ans = number & (number - 1)"
                          },
                          "children": [
                            {
                              "type": "VariableDeclarationExpr",
                              "name": "",
                              "line": 29,
                              "column": 9,
                              "endLine": 29,
                              "endColumn": 39,
                              "attrs": {
                                "modifiers": "[]",
                                "code": "int ans = number & (number - 1)"
                              },
                              "children": [
                                {
                                  "type": "VariableDeclarator",
                                  "name": "ans",
                                  "line": 29,
                                  "column": 13,
                                  "endLine": 29,
                                  "endColumn": 39,
                                  "value": "int",
                                  "attrs": {
                                    "initializer": "number & (number - 1)",
                                    "type": "int"
                                  },
                                  "children": [
                                    {
                                      "type": "PrimitiveType",
                                      "name": "",
                                      "line": 29,
                                      "column": 9,
                                      "endLine": 29,
                                      "endColumn": 11
                                    },
                                    {
                                      "type": "SimpleName",
                                      "name": "",
                                      "line": 29,
                                      "column": 13,
                                      "endLine": 29,
                                      "endColumn": 15
                                    },
                                    {
                                      "type": "BinaryExpr",
                                      "name": "",
                                      "line": 29,
                                      "column": 19,
                                      "endLine": 29,
                                      "endColumn": 39,
                                      "children": [
                                        {
                                          "type": "NameExpr",
                                          "name": "number",
                                          "line": 29,
                                          "column": 19,
                                          "endLine": 29,
                                          "endColumn": 24,
                                          "children": [
                                            {
                                              "type": "SimpleName",
                                              "name": "",
                                              "line": 29,
                                              "column": 19,
                                              "endLine": 29,
                                              "endColumn": 24
                                            }
                                          ]
                                        },
                                        {
                                          "type": "EnclosedExpr",
                                          "name": "",
                                          "line": 29,
                                          "column": 28,
                                          "endLine": 29,
                                          "endColumn": 39,
                                          "children": [
                                            {
                                              "type": "BinaryExpr",
                                              "name": "",
                                              "line": 29,
                                              "column": 29,
                                              "endLine": 29,
                                              "endColumn": 38,
                                              "children": [
                                                {
                                                  "type": "NameExpr",
                                                  "name": "number",
                                                  "line": 29,
                                                  "column": 29,
                                                  "endLine": 29,
                                                  "endColumn": 34,
                                                  "children": [
                                                    {
                                                      "type": "SimpleName",
                                                      "name": "",
                                                      "line": 29,
                                                      "column": 29,
                                                      "endLine": 29,
                                                      "endColumn": 34
                                                    }
                                                  ]
                                                },
                                                {
                                                  "type": "IntegerLiteralExpr",
                                                  "name": "",
                                                  "line": 29,
                                                  "column": 38,
                                                  "endLine": 29,
                                                  "endColumn": 38
                                                }
                                              ]
                                            }
                                          ]
                                        }
                                      ]
                                    }
                                  ]
                                }
                              ]
                            }
                          ]
                        },
                        {
                          "type": "ReturnStmt",
                          "name": "return",
                          "line": 30,
                          "column": 9,
                          "endLine": 30,
                          "endColumn": 24,
                          "attrs": {
                            "expr": "ans == 0"
                          },
                          "children": [
                            {
                              "type": "BinaryExpr",
                              "name": "",
                              "line": 30,
                              "column": 16,
                              "endLine": 30,
                              "endColumn": 23,
                              "children": [
                                {
                                  "type": "NameExpr",
                                  "name": "ans",
                                  "line": 30,
                                  "column": 16,
                                  "endLine": 30,
                                  "endColumn": 18,
                                  "children": [
                                    {
                                      "type": "SimpleName",
                                      "name": "",
                                      "line": 30,
                                      "column": 16,
                                      "endLine": 30,
                                      "endColumn": 18
                                    }
                                  ]
                                },
                                {
                                  "type": "IntegerLiteralExpr",
                                  "name": "",
                                  "line": 30,
                                  "column": 23,
                                  "endLine": 30,
                                  "endColumn": 23
                                }
                              ]
                            }
                          ]
                        }
                      ]
                    }
                  ]
                }
              ]
            }
          ]
        }
      ]
    }
  ]
}