{
  "type": "Project",
  "name": "Project",
  "children": [
    {
      "type": "File",
      "name": "DisjointSetUnion.java",
      "value": "D:\\py-java-transform\\java to py\\java-to-python-main\\java-to-python-main\\src\\com\\example\\example\\java\\com\\thealgorithms\\datastructures\\disjointsetunion\\DisjointSetUnion\\DisjointSetUnion.java",
      "children": [
        {
          "type": "CompilationUnit",
          "name": "",
          "line": 1,
          "column": 1,
          "endLine": 65,
          "endColumn": 2,
          "children": [
            {
              "type": "PackageDeclaration",
              "name": "com.thealgorithms.datastructures.disjointsetunion",
              "line": 1,
              "column": 1,
              "endLine": 1,
              "endColumn": 58,
              "attrs": {
                "name": "com.thealgorithms.datastructures.disjointsetunion"
              },
              "children": [
                {
                  "type": "Name",
                  "name": "",
                  "line": 1,
                  "column": 9,
                  "endLine": 1,
                  "endColumn": 57,
                  "children": [
                    {
                      "type": "Name",
                      "name": "",
                      "line": 1,
                      "column": 9,
                      "endLine": 1,
                      "endColumn": 40,
                      "children": [
                        {
                          "type": "Name",
                          "name": "",
                          "line": 1,
                          "column": 9,
                          "endLine": 1,
                          "endColumn": 25,
                          "children": [
                            {
                              "type": "Name",
                              "name": "",
                              "line": 1,
                              "column": 9,
                              "endLine": 1,
                              "endColumn": 11
                            }
                          ]
                        }
                      ]
                    }
                  ]
                }
              ]
            },
            {
              "type": "ClassOrInterfaceDeclaration",
              "name": "DisjointSetUnion",
              "line": 14,
              "column": 1,
              "endLine": 65,
              "endColumn": 1,
              "value": "class",
              "attrs": {
                "modifiers": "[public ]",
                "typeParams": "[T]",
                "extends": "[]",
                "implements": "[]",
                "annotations": "[]"
              },
              "children": [
                {
                  "type": "Javadoc",
                  "name": "",
                  "line": 3,
                  "column": 1,
                  "endLine": 13,
                  "endColumn": 3,
                  "value": "\n * Disjoint Set Union (DSU), also known as Union-Find, is a data structure that tracks a set of elements\n * partitioned into disjoint (non-overlapping) subsets. It supports two primary operations efficiently:\n *\n * <ul>\n *     <li>Find: Determine which subset a particular element belongs to.</li>\n *     <li>Union: Merge two subsets into a single subset.</li>\n * </ul>\n *\n * @see <a href=\"https://en.wikipedia.org/wiki/Disjoint-set_data_structure\">Disjoint Set Union (Wikipedia)</a>\n "
                },
                {
                  "type": "Modifier",
                  "name": "",
                  "line": 14,
                  "column": 1,
                  "endLine": 14,
                  "endColumn": 6
                },
                {
                  "type": "SimpleName",
                  "name": "",
                  "line": 14,
                  "column": 14,
                  "endLine": 14,
                  "endColumn": 29
                },
                {
                  "type": "MethodDeclaration",
                  "name": "makeSet",
                  "line": 22,
                  "column": 5,
                  "endLine": 24,
                  "endColumn": 5,
                  "value": "Node<T>",
                  "attrs": {
                    "modifiers": "[public ]",
                    "typeParams": "[]",
                    "throws": "[]",
                    "annotations": "[]",
                    "type": "Node<T>",
                    "params": "[final T value]"
                  },
                  "children": [
                    {
                      "type": "Javadoc",
                      "name": "",
                      "line": 16,
                      "column": 5,
                      "endLine": 21,
                      "endColumn": 7,
                      "value": "\n     * Creates a new disjoint set containing the single specified element.\n     *\n     * @param value the element to be placed in a new singleton set\n     * @return a node representing the new set\n     "
                    },
                    {
                      "type": "Modifier",
                      "name": "",
                      "line": 22,
                      "column": 5,
                      "endLine": 22,
                      "endColumn": 10
                    },
                    {
                      "type": "SimpleName",
                      "name": "",
                      "line": 22,
                      "column": 20,
                      "endLine": 22,
                      "endColumn": 26
                    },
                    {
                      "type": "Parameter",
                      "name": "value",
                      "line": 22,
                      "column": 28,
                      "endLine": 22,
                      "endColumn": 40,
                      "attrs": {
                        "modifiers": "[final ]",
                        "type": "T",
                        "isVarArgs": "false",
                        "annotations": "[]"
                      },
                      "children": [
                        {
                          "type": "Modifier",
                          "name": "",
                          "line": 22,
                          "column": 28,
                          "endLine": 22,
                          "endColumn": 32
                        },
                        {
                          "type": "ClassOrInterfaceType",
                          "name": "T",
                          "line": 22,
                          "column": 34,
                          "endLine": 22,
                          "endColumn": 34,
                          "children": [
                            {
                              "type": "SimpleName",
                              "name": "",
                              "line": 22,
                              "column": 34,
                              "endLine": 22,
                              "endColumn": 34
                            }
                          ]
                        },
                        {
                          "type": "SimpleName",
                          "name": "",
                          "line": 22,
                          "column": 36,
                          "endLine": 22,
                          "endColumn": 40
                        }
                      ]
                    },
                    {
                      "type": "ClassOrInterfaceType",
                      "name": "Node",
                      "line": 22,
                      "column": 12,
                      "endLine": 22,
                      "endColumn": 18,
                      "attrs": {
                        "typeArgs": "[T]"
                      },
                      "children": [
                        {
                          "type": "SimpleName",
                          "name": "",
                          "line": 22,
                          "column": 12,
                          "endLine": 22,
                          "endColumn": 15
                        },
                        {
                          "type": "ClassOrInterfaceType",
                          "name": "T",
                          "line": 22,
                          "column": 17,
                          "endLine": 22,
                          "endColumn": 17,
                          "children": [
                            {
                              "type": "SimpleName",
                              "name": "",
                              "line": 22,
                              "column": 17,
                              "endLine": 22,
                              "endColumn": 17
                            }
                          ]
                        }
                      ]
                    },
                    {
                      "type": "BlockStmt",
                      "name": "",
                      "line": 22,
                      "column": 43,
                      "endLine": 24,
                      "endColumn": 5,
                      "children": [
                        {
                          "type": "ReturnStmt",
                          "name": "return",
                          "line": 23,
                          "column": 9,
                          "endLine": 23,
                          "endColumn": 33,
                          "attrs": {
                            "expr": "new Node<>(value)"
                          },
                          "children": [
                            {
                              "type": "ObjectCreationExpr",
                              "name": "new Node<>",
                              "line": 23,
                              "column": 16,
                              "endLine": 23,
                              "endColumn": 32,
                              "attrs": {
                                "type": "Node<>",
                                "hasAnonymousClassBody": "false",
                                "args": "[value]"
                              },
                              "children": [
                                {
                                  "type": "ClassOrInterfaceType",
                                  "name": "Node",
                                  "line": 23,
                                  "column": 20,
                                  "endLine": 23,
                                  "endColumn": 25,
                                  "attrs": {
                                    "typeArgs": "[]"
                                  },
                                  "children": [
                                    {
                                      "type": "SimpleName",
                                      "name": "",
                                      "line": 23,
                                      "column": 20,
                                      "endLine": 23,
                                      "endColumn": 23
                                    }
                                  ]
                                },
                                {
                                  "type": "NameExpr",
                                  "name": "value",
                                  "line": 23,
                                  "column": 27,
                                  "endLine": 23,
                                  "endColumn": 31,
                                  "children": [
                                    {
                                      "type": "SimpleName",
                                      "name": "",
                                      "line": 23,
                                      "column": 27,
                                      "endLine": 23,
                                      "endColumn": 31
                                    }
                                  ]
                                }
                              ]
                            }
                          ]
                        }
                      ]
                    }
                  ]
                },
                {
                  "type": "MethodDeclaration",
                  "name": "findSet",
                  "line": 33,
                  "column": 5,
                  "endLine": 38,
                  "endColumn": 5,
                  "value": "Node<T>",
                  "attrs": {
                    "modifiers": "[public ]",
                    "typeParams": "[]",
                    "throws": "[]",
                    "annotations": "[]",
                    "type": "Node<T>",
                    "params": "[Node<T> node]"
                  },
                  "children": [
                    {
                      "type": "Javadoc",
                      "name": "",
                      "line": 26,
                      "column": 5,
                      "endLine": 32,
                      "endColumn": 7,
                      "value": "\n     * Finds and returns the representative (root) of the set containing the given node.\n     * This method applies path compression to flatten the tree structure for future efficiency.\n     *\n     * @param node the node whose set representative is to be found\n     * @return the representative (root) node of the set\n     "
                    },
                    {
                      "type": "Modifier",
                      "name": "",
                      "line": 33,
                      "column": 5,
                      "endLine": 33,
                      "endColumn": 10
                    },
                    {
                      "type": "SimpleName",
                      "name": "",
                      "line": 33,
                      "column": 20,
                      "endLine": 33,
                      "endColumn": 26
                    },
                    {
                      "type": "Parameter",
                      "name": "node",
                      "line": 33,
                      "column": 28,
                      "endLine": 33,
                      "endColumn": 39,
                      "attrs": {
                        "modifiers": "[]",
                        "type": "Node<T>",
                        "isVarArgs": "false",
                        "annotations": "[]"
                      },
                      "children": [
                        {
                          "type": "ClassOrInterfaceType",
                          "name": "Node",
                          "line": 33,
                          "column": 28,
                          "endLine": 33,
                          "endColumn": 34,
                          "attrs": {
                            "typeArgs": "[T]"
                          },
                          "children": [
                            {
                              "type": "SimpleName",
                              "name": "",
                              "line": 33,
                              "column": 28,
                              "endLine": 33,
                              "endColumn": 31
                            },
                            {
                              "type": "ClassOrInterfaceType",
                              "name": "T",
                              "line": 33,
                              "column": 33,
                              "endLine": 33,
                              "endColumn": 33,
                              "children": [
                                {
                                  "type": "SimpleName",
                                  "name": "",
                                  "line": 33,
                                  "column": 33,
                                  "endLine": 33,
                                  "endColumn": 33
                                }
                              ]
                            }
                          ]
                        },
                        {
                          "type": "SimpleName",
                          "name": "",
                          "line": 33,
                          "column": 36,
                          "endLine": 33,
                          "endColumn": 39
                        }
                      ]
                    },
                    {
                      "type": "ClassOrInterfaceType",
                      "name": "Node",
                      "line": 33,
                      "column": 12,
                      "endLine": 33,
                      "endColumn": 18,
                      "attrs": {
                        "typeArgs": "[T]"
                      },
                      "children": [
                        {
                          "type": "SimpleName",
                          "name": "",
                          "line": 33,
                          "column": 12,
                          "endLine": 33,
                          "endColumn": 15
                        },
                        {
                          "type": "ClassOrInterfaceType",
                          "name": "T",
                          "line": 33,
                          "column": 17,
                          "endLine": 33,
                          "endColumn": 17,
                          "children": [
                            {
                              "type": "SimpleName",
                              "name": "",
                              "line": 33,
                              "column": 17,
                              "endLine": 33,
                              "endColumn": 17
                            }
                          ]
                        }
                      ]
                    },
                    {
                      "type": "BlockStmt",
                      "name": "",
                      "line": 33,
                      "column": 42,
                      "endLine": 38,
                      "endColumn": 5,
                      "children": [
                        {
                          "type": "IfStmt",
                          "name": "if(node != node.parent)",
                          "line": 34,
                          "column": 9,
                          "endLine": 36,
                          "endColumn": 9,
                          "attrs": {
                            "condition": "node != node.parent"
                          },
                          "children": [
                            {
                              "type": "BinaryExpr",
                              "name": "",
                              "line": 34,
                              "column": 13,
                              "endLine": 34,
                              "endColumn": 31,
                              "children": [
                                {
                                  "type": "NameExpr",
                                  "name": "node",
                                  "line": 34,
                                  "column": 13,
                                  "endLine": 34,
                                  "endColumn": 16,
                                  "children": [
                                    {
                                      "type": "SimpleName",
                                      "name": "",
                                      "line": 34,
                                      "column": 13,
                                      "endLine": 34,
                                      "endColumn": 16
                                    }
                                  ]
                                },
                                {
                                  "type": "FieldAccessExpr",
                                  "name": "parent",
                                  "line": 34,
                                  "column": 21,
                                  "endLine": 34,
                                  "endColumn": 31,
                                  "children": [
                                    {
                                      "type": "NameExpr",
                                      "name": "node",
                                      "line": 34,
                                      "column": 21,
                                      "endLine": 34,
                                      "endColumn": 24,
                                      "children": [
                                        {
                                          "type": "SimpleName",
                                          "name": "",
                                          "line": 34,
                                          "column": 21,
                                          "endLine": 34,
                                          "endColumn": 24
                                        }
                                      ]
                                    },
                                    {
                                      "type": "SimpleName",
                                      "name": "",
                                      "line": 34,
                                      "column": 26,
                                      "endLine": 34,
                                      "endColumn": 31
                                    }
                                  ]
                                }
                              ]
                            },
                            {
                              "type": "BlockStmt",
                              "name": "",
                              "line": 34,
                              "column": 34,
                              "endLine": 36,
                              "endColumn": 9,
                              "children": [
                                {
                                  "type": "ExpressionStmt",
                                  "name": "",
                                  "line": 35,
                                  "column": 13,
                                  "endLine": 35,
                                  "endColumn": 47,
                                  "attrs": {
                                    "code": "node.parent = findSet(node.parent)"
                                  },
                                  "children": [
                                    {
                                      "type": "AssignExpr",
                                      "name": "",
                                      "line": 35,
                                      "column": 13,
                                      "endLine": 35,
                                      "endColumn": 46,
                                      "attrs": {
                                        "code": "node.parent = findSet(node.parent)"
                                      },
                                      "children": [
                                        {
                                          "type": "FieldAccessExpr",
                                          "name": "parent",
                                          "line": 35,
                                          "column": 13,
                                          "endLine": 35,
                                          "endColumn": 23,
                                          "children": [
                                            {
                                              "type": "NameExpr",
                                              "name": "node",
                                              "line": 35,
                                              "column": 13,
                                              "endLine": 35,
                                              "endColumn": 16,
                                              "children": [
                                                {
                                                  "type": "SimpleName",
                                                  "name": "",
                                                  "line": 35,
                                                  "column": 13,
                                                  "endLine": 35,
                                                  "endColumn": 16
                                                }
                                              ]
                                            },
                                            {
                                              "type": "SimpleName",
                                              "name": "",
                                              "line": 35,
                                              "column": 18,
                                              "endLine": 35,
                                              "endColumn": 23
                                            }
                                          ]
                                        },
                                        {
                                          "type": "MethodCallExpr",
                                          "name": "findSet",
                                          "line": 35,
                                          "column": 27,
                                          "endLine": 35,
                                          "endColumn": 46,
                                          "attrs": {
                                            "args": "[node.parent]",
                                            "code": "findSet(node.parent)"
                                          },
                                          "children": [
                                            {
                                              "type": "SimpleName",
                                              "name": "",
                                              "line": 35,
                                              "column": 27,
                                              "endLine": 35,
                                              "endColumn": 33
                                            },
                                            {
                                              "type": "FieldAccessExpr",
                                              "name": "parent",
                                              "line": 35,
                                              "column": 35,
                                              "endLine": 35,
                                              "endColumn": 45,
                                              "children": [
                                                {
                                                  "type": "NameExpr",
                                                  "name": "node",
                                                  "line": 35,
                                                  "column": 35,
                                                  "endLine": 35,
                                                  "endColumn": 38,
                                                  "children": [
                                                    {
                                                      "type": "SimpleName",
                                                      "name": "",
                                                      "line": 35,
                                                      "column": 35,
                                                      "endLine": 35,
                                                      "endColumn": 38
                                                    }
                                                  ]
                                                },
                                                {
                                                  "type": "SimpleName",
                                                  "name": "",
                                                  "line": 35,
                                                  "column": 40,
                                                  "endLine": 35,
                                                  "endColumn": 45
                                                }
                                              ]
                                            }
                                          ]
                                        }
                                      ]
                                    }
                                  ]
                                }
                              ]
                            }
                          ]
                        },
                        {
                          "type": "ReturnStmt",
                          "name": "return",
                          "line": 37,
                          "column": 9,
                          "endLine": 37,
                          "endColumn": 27,
                          "attrs": {
                            "expr": "node.parent"
                          },
                          "children": [
                            {
                              "type": "FieldAccessExpr",
                              "name": "parent",
                              "line": 37,
                              "column": 16,
                              "endLine": 37,
                              "endColumn": 26,
                              "children": [
                                {
                                  "type": "NameExpr",
                                  "name": "node",
                                  "line": 37,
                                  "column": 16,
                                  "endLine": 37,
                                  "endColumn": 19,
                                  "children": [
                                    {
                                      "type": "SimpleName",
                                      "name": "",
                                      "line": 37,
                                      "column": 16,
                                      "endLine": 37,
                                      "endColumn": 19
                                    }
                                  ]
                                },
                                {
                                  "type": "SimpleName",
                                  "name": "",
                                  "line": 37,
                                  "column": 21,
                                  "endLine": 37,
                                  "endColumn": 26
                                }
                              ]
                            }
                          ]
                        }
                      ]
                    }
                  ]
                },
                {
                  "type": "MethodDeclaration",
                  "name": "unionSets",
                  "line": 47,
                  "column": 5,
                  "endLine": 64,
                  "endColumn": 5,
                  "value": "void",
                  "attrs": {
                    "modifiers": "[public ]",
                    "typeParams": "[]",
                    "throws": "[]",
                    "annotations": "[]",
                    "type": "void",
                    "params": "[Node<T> x, Node<T> y]"
                  },
                  "children": [
                    {
                      "type": "Javadoc",
                      "name": "",
                      "line": 40,
                      "column": 5,
                      "endLine": 46,
                      "endColumn": 7,
                      "value": "\n     * Merges the sets containing the two given nodes. Union by rank is used to attach the smaller tree under the larger one.\n     * If both sets have the same rank, one becomes the parent and its rank is incremented.\n     *\n     * @param x a node in the first set\n     * @param y a node in the second set\n     "
                    },
                    {
                      "type": "Modifier",
                      "name": "",
                      "line": 47,
                      "column": 5,
                      "endLine": 47,
                      "endColumn": 10
                    },
                    {
                      "type": "SimpleName",
                      "name": "",
                      "line": 47,
                      "column": 17,
                      "endLine": 47,
                      "endColumn": 25
                    },
                    {
                      "type": "Parameter",
                      "name": "x",
                      "line": 47,
                      "column": 27,
                      "endLine": 47,
                      "endColumn": 35,
                      "attrs": {
                        "modifiers": "[]",
                        "type": "Node<T>",
                        "isVarArgs": "false",
                        "annotations": "[]"
                      },
                      "children": [
                        {
                          "type": "ClassOrInterfaceType",
                          "name": "Node",
                          "line": 47,
                          "column": 27,
                          "endLine": 47,
                          "endColumn": 33,
                          "attrs": {
                            "typeArgs": "[T]"
                          },
                          "children": [
                            {
                              "type": "SimpleName",
                              "name": "",
                              "line": 47,
                              "column": 27,
                              "endLine": 47,
                              "endColumn": 30
                            },
                            {
                              "type": "ClassOrInterfaceType",
                              "name": "T",
                              "line": 47,
                              "column": 32,
                              "endLine": 47,
                              "endColumn": 32,
                              "children": [
                                {
                                  "type": "SimpleName",
                                  "name": "",
                                  "line": 47,
                                  "column": 32,
                                  "endLine": 47,
                                  "endColumn": 32
                                }
                              ]
                            }
                          ]
                        },
                        {
                          "type": "SimpleName",
                          "name": "",
                          "line": 47,
                          "column": 35,
                          "endLine": 47,
                          "endColumn": 35
                        }
                      ]
                    },
                    {
                      "type": "Parameter",
                      "name": "y",
                      "line": 47,
                      "column": 38,
                      "endLine": 47,
                      "endColumn": 46,
                      "attrs": {
                        "modifiers": "[]",
                        "type": "Node<T>",
                        "isVarArgs": "false",
                        "annotations": "[]"
                      },
                      "children": [
                        {
                          "type": "ClassOrInterfaceType",
                          "name": "Node",
                          "line": 47,
                          "column": 38,
                          "endLine": 47,
                          "endColumn": 44,
                          "attrs": {
                            "typeArgs": "[T]"
                          },
                          "children": [
                            {
                              "type": "SimpleName",
                              "name": "",
                              "line": 47,
                              "column": 38,
                              "endLine": 47,
                              "endColumn": 41
                            },
                            {
                              "type": "ClassOrInterfaceType",
                              "name": "T",
                              "line": 47,
                              "column": 43,
                              "endLine": 47,
                              "endColumn": 43,
                              "children": [
                                {
                                  "type": "SimpleName",
                                  "name": "",
                                  "line": 47,
                                  "column": 43,
                                  "endLine": 47,
                                  "endColumn": 43
                                }
                              ]
                            }
                          ]
                        },
                        {
                          "type": "SimpleName",
                          "name": "",
                          "line": 47,
                          "column": 46,
                          "endLine": 47,
                          "endColumn": 46
                        }
                      ]
                    },
                    {
                      "type": "VoidType",
                      "name": "",
                      "line": 47,
                      "column": 12,
                      "endLine": 47,
                      "endColumn": 15
                    },
                    {
                      "type": "BlockStmt",
                      "name": "",
                      "line": 47,
                      "column": 49,
                      "endLine": 64,
                      "endColumn": 5,
                      "children": [
                        {
                          "type": "ExpressionStmt",
                          "name": "",
                          "line": 48,
                          "column": 9,
                          "endLine": 48,
                          "endColumn": 35,
                          "attrs": {
                            "code": "Node<T> rootX = findSet(x)"
                          },
                          "children": [
                            {
                              "type": "VariableDeclarationExpr",
                              "name": "",
                              "line": 48,
                              "column": 9,
                              "endLine": 48,
                              "endColumn": 34,
                              "attrs": {
                                "modifiers": "[]",
                                "code": "Node<T> rootX = findSet(x)"
                              },
                              "children": [
                                {
                                  "type": "VariableDeclarator",
                                  "name": "rootX",
                                  "line": 48,
                                  "column": 17,
                                  "endLine": 48,
                                  "endColumn": 34,
                                  "value": "Node<T>",
                                  "attrs": {
                                    "initializer": "findSet(x)",
                                    "type": "Node<T>"
                                  },
                                  "children": [
                                    {
                                      "type": "ClassOrInterfaceType",
                                      "name": "Node",
                                      "line": 48,
                                      "column": 9,
                                      "endLine": 48,
                                      "endColumn": 15,
                                      "attrs": {
                                        "typeArgs": "[T]"
                                      },
                                      "children": [
                                        {
                                          "type": "SimpleName",
                                          "name": "",
                                          "line": 48,
                                          "column": 9,
                                          "endLine": 48,
                                          "endColumn": 12
                                        },
                                        {
                                          "type": "ClassOrInterfaceType",
                                          "name": "T",
                                          "line": 48,
                                          "column": 14,
                                          "endLine": 48,
                                          "endColumn": 14,
                                          "children": [
                                            {
                                              "type": "SimpleName",
                                              "name": "",
                                              "line": 48,
                                              "column": 14,
                                              "endLine": 48,
                                              "endColumn": 14
                                            }
                                          ]
                                        }
                                      ]
                                    },
                                    {
                                      "type": "SimpleName",
                                      "name": "",
                                      "line": 48,
                                      "column": 17,
                                      "endLine": 48,
                                      "endColumn": 21
                                    },
                                    {
                                      "type": "MethodCallExpr",
                                      "name": "findSet",
                                      "line": 48,
                                      "column": 25,
                                      "endLine": 48,
                                      "endColumn": 34,
                                      "attrs": {
                                        "args": "[x]",
                                        "code": "findSet(x)"
                                      },
                                      "children": [
                                        {
                                          "type": "SimpleName",
                                          "name": "",
                                          "line": 48,
                                          "column": 25,
                                          "endLine": 48,
                                          "endColumn": 31
                                        },
                                        {
                                          "type": "NameExpr",
                                          "name": "x",
                                          "line": 48,
                                          "column": 33,
                                          "endLine": 48,
                                          "endColumn": 33,
                                          "children": [
                                            {
                                              "type": "SimpleName",
                                              "name": "",
                                              "line": 48,
                                              "column": 33,
                                              "endLine": 48,
                                              "endColumn": 33
                                            }
                                          ]
                                        }
                                      ]
                                    }
                                  ]
                                }
                              ]
                            }
                          ]
                        },
                        {
                          "type": "ExpressionStmt",
                          "name": "",
                          "line": 49,
                          "column": 9,
                          "endLine": 49,
                          "endColumn": 35,
                          "attrs": {
                            "code": "Node<T> rootY = findSet(y)"
                          },
                          "children": [
                            {
                              "type": "VariableDeclarationExpr",
                              "name": "",
                              "line": 49,
                              "column": 9,
                              "endLine": 49,
                              "endColumn": 34,
                              "attrs": {
                                "modifiers": "[]",
                                "code": "Node<T> rootY = findSet(y)"
                              },
                              "children": [
                                {
                                  "type": "VariableDeclarator",
                                  "name": "rootY",
                                  "line": 49,
                                  "column": 17,
                                  "endLine": 49,
                                  "endColumn": 34,
                                  "value": "Node<T>",
                                  "attrs": {
                                    "initializer": "findSet(y)",
                                    "type": "Node<T>"
                                  },
                                  "children": [
                                    {
                                      "type": "ClassOrInterfaceType",
                                      "name": "Node",
                                      "line": 49,
                                      "column": 9,
                                      "endLine": 49,
                                      "endColumn": 15,
                                      "attrs": {
                                        "typeArgs": "[T]"
                                      },
                                      "children": [
                                        {
                                          "type": "SimpleName",
                                          "name": "",
                                          "line": 49,
                                          "column": 9,
                                          "endLine": 49,
                                          "endColumn": 12
                                        },
                                        {
                                          "type": "ClassOrInterfaceType",
                                          "name": "T",
                                          "line": 49,
                                          "column": 14,
                                          "endLine": 49,
                                          "endColumn": 14,
                                          "children": [
                                            {
                                              "type": "SimpleName",
                                              "name": "",
                                              "line": 49,
                                              "column": 14,
                                              "endLine": 49,
                                              "endColumn": 14
                                            }
                                          ]
                                        }
                                      ]
                                    },
                                    {
                                      "type": "SimpleName",
                                      "name": "",
                                      "line": 49,
                                      "column": 17,
                                      "endLine": 49,
                                      "endColumn": 21
                                    },
                                    {
                                      "type": "MethodCallExpr",
                                      "name": "findSet",
                                      "line": 49,
                                      "column": 25,
                                      "endLine": 49,
                                      "endColumn": 34,
                                      "attrs": {
                                        "args": "[y]",
                                        "code": "findSet(y)"
                                      },
                                      "children": [
                                        {
                                          "type": "SimpleName",
                                          "name": "",
                                          "line": 49,
                                          "column": 25,
                                          "endLine": 49,
                                          "endColumn": 31
                                        },
                                        {
                                          "type": "NameExpr",
                                          "name": "y",
                                          "line": 49,
                                          "column": 33,
                                          "endLine": 49,
                                          "endColumn": 33,
                                          "children": [
                                            {
                                              "type": "SimpleName",
                                              "name": "",
                                              "line": 49,
                                              "column": 33,
                                              "endLine": 49,
                                              "endColumn": 33
                                            }
                                          ]
                                        }
                                      ]
                                    }
                                  ]
                                }
                              ]
                            }
                          ]
                        },
                        {
                          "type": "IfStmt",
                          "name": "if(rootX == rootY)",
                          "line": 51,
                          "column": 9,
                          "endLine": 53,
                          "endColumn": 9,
                          "attrs": {
                            "condition": "rootX == rootY"
                          },
                          "children": [
                            {
                              "type": "BinaryExpr",
                              "name": "",
                              "line": 51,
                              "column": 13,
                              "endLine": 51,
                              "endColumn": 26,
                              "children": [
                                {
                                  "type": "NameExpr",
                                  "name": "rootX",
                                  "line": 51,
                                  "column": 13,
                                  "endLine": 51,
                                  "endColumn": 17,
                                  "children": [
                                    {
                                      "type": "SimpleName",
                                      "name": "",
                                      "line": 51,
                                      "column": 13,
                                      "endLine": 51,
                                      "endColumn": 17
                                    }
                                  ]
                                },
                                {
                                  "type": "NameExpr",
                                  "name": "rootY",
                                  "line": 51,
                                  "column": 22,
                                  "endLine": 51,
                                  "endColumn": 26,
                                  "children": [
                                    {
                                      "type": "SimpleName",
                                      "name": "",
                                      "line": 51,
                                      "column": 22,
                                      "endLine": 51,
                                      "endColumn": 26
                                    }
                                  ]
                                }
                              ]
                            },
                            {
                              "type": "BlockStmt",
                              "name": "",
                              "line": 51,
                              "column": 29,
                              "endLine": 53,
                              "endColumn": 9,
                              "children": [
                                {
                                  "type": "ReturnStmt",
                                  "name": "return",
                                  "line": 52,
                                  "column": 13,
                                  "endLine": 52,
                                  "endColumn": 19,
                                  "attrs": {
                                    "expr": ""
                                  },
                                  "children": [
                                    {
                                      "type": "LineComment",
                                      "name": "",
                                      "line": 52,
                                      "column": 21,
                                      "endLine": 52,
                                      "endColumn": 55,
                                      "value": " They are already in the same set"
                                    }
                                  ]
                                }
                              ]
                            }
                          ]
                        },
                        {
                          "type": "IfStmt",
                          "name": "if(rootX.rank > rootY.rank)",
                          "line": 56,
                          "column": 9,
                          "endLine": 63,
                          "endColumn": 9,
                          "attrs": {
                            "condition": "rootX.rank > rootY.rank"
                          },
                          "children": [
                            {
                              "type": "LineComment",
                              "name": "",
                              "line": 55,
                              "column": 9,
                              "endLine": 55,
                              "endColumn": 113,
                              "value": " to find root of the component. Idea is to attach small components in big, instead of other way around."
                            },
                            {
                              "type": "BinaryExpr",
                              "name": "",
                              "line": 56,
                              "column": 13,
                              "endLine": 56,
                              "endColumn": 35,
                              "children": [
                                {
                                  "type": "FieldAccessExpr",
                                  "name": "rank",
                                  "line": 56,
                                  "column": 13,
                                  "endLine": 56,
                                  "endColumn": 22,
                                  "children": [
                                    {
                                      "type": "NameExpr",
                                      "name": "rootX",
                                      "line": 56,
                                      "column": 13,
                                      "endLine": 56,
                                      "endColumn": 17,
                                      "children": [
                                        {
                                          "type": "SimpleName",
                                          "name": "",
                                          "line": 56,
                                          "column": 13,
                                          "endLine": 56,
                                          "endColumn": 17
                                        }
                                      ]
                                    },
                                    {
                                      "type": "SimpleName",
                                      "name": "",
                                      "line": 56,
                                      "column": 19,
                                      "endLine": 56,
                                      "endColumn": 22
                                    }
                                  ]
                                },
                                {
                                  "type": "FieldAccessExpr",
                                  "name": "rank",
                                  "line": 56,
                                  "column": 26,
                                  "endLine": 56,
                                  "endColumn": 35,
                                  "children": [
                                    {
                                      "type": "NameExpr",
                                      "name": "rootY",
                                      "line": 56,
                                      "column": 26,
                                      "endLine": 56,
                                      "endColumn": 30,
                                      "children": [
                                        {
                                          "type": "SimpleName",
                                          "name": "",
                                          "line": 56,
                                          "column": 26,
                                          "endLine": 56,
                                          "endColumn": 30
                                        }
                                      ]
                                    },
                                    {
                                      "type": "SimpleName",
                                      "name": "",
                                      "line": 56,
                                      "column": 32,
                                      "endLine": 56,
                                      "endColumn": 35
                                    }
                                  ]
                                }
                              ]
                            },
                            {
                              "type": "BlockStmt",
                              "name": "",
                              "line": 56,
                              "column": 38,
                              "endLine": 58,
                              "endColumn": 9,
                              "children": [
                                {
                                  "type": "ExpressionStmt",
                                  "name": "",
                                  "line": 57,
                                  "column": 13,
                                  "endLine": 57,
                                  "endColumn": 33,
                                  "attrs": {
                                    "code": "rootY.parent = rootX"
                                  },
                                  "children": [
                                    {
                                      "type": "AssignExpr",
                                      "name": "",
                                      "line": 57,
                                      "column": 13,
                                      "endLine": 57,
                                      "endColumn": 32,
                                      "attrs": {
                                        "code": "rootY.parent = rootX"
                                      },
                                      "children": [
                                        {
                                          "type": "FieldAccessExpr",
                                          "name": "parent",
                                          "line": 57,
                                          "column": 13,
                                          "endLine": 57,
                                          "endColumn": 24,
                                          "children": [
                                            {
                                              "type": "NameExpr",
                                              "name": "rootY",
                                              "line": 57,
                                              "column": 13,
                                              "endLine": 57,
                                              "endColumn": 17,
                                              "children": [
                                                {
                                                  "type": "SimpleName",
                                                  "name": "",
                                                  "line": 57,
                                                  "column": 13,
                                                  "endLine": 57,
                                                  "endColumn": 17
                                                }
                                              ]
                                            },
                                            {
                                              "type": "SimpleName",
                                              "name": "",
                                              "line": 57,
                                              "column": 19,
                                              "endLine": 57,
                                              "endColumn": 24
                                            }
                                          ]
                                        },
                                        {
                                          "type": "NameExpr",
                                          "name": "rootX",
                                          "line": 57,
                                          "column": 28,
                                          "endLine": 57,
                                          "endColumn": 32,
                                          "children": [
                                            {
                                              "type": "SimpleName",
                                              "name": "",
                                              "line": 57,
                                              "column": 28,
                                              "endLine": 57,
                                              "endColumn": 32
                                            }
                                          ]
                                        }
                                      ]
                                    }
                                  ]
                                }
                              ]
                            },
                            {
                              "type": "IfStmt",
                              "name": "if(rootY.rank > rootX.rank)",
                              "line": 58,
                              "column": 16,
                              "endLine": 63,
                              "endColumn": 9,
                              "attrs": {
                                "condition": "rootY.rank > rootX.rank"
                              },
                              "children": [
                                {
                                  "type": "BinaryExpr",
                                  "name": "",
                                  "line": 58,
                                  "column": 20,
                                  "endLine": 58,
                                  "endColumn": 42,
                                  "children": [
                                    {
                                      "type": "FieldAccessExpr",
                                      "name": "rank",
                                      "line": 58,
                                      "column": 20,
                                      "endLine": 58,
                                      "endColumn": 29,
                                      "children": [
                                        {
                                          "type": "NameExpr",
                                          "name": "rootY",
                                          "line": 58,
                                          "column": 20,
                                          "endLine": 58,
                                          "endColumn": 24,
                                          "children": [
                                            {
                                              "type": "SimpleName",
                                              "name": "",
                                              "line": 58,
                                              "column": 20,
                                              "endLine": 58,
                                              "endColumn": 24
                                            }
                                          ]
                                        },
                                        {
                                          "type": "SimpleName",
                                          "name": "",
                                          "line": 58,
                                          "column": 26,
                                          "endLine": 58,
                                          "endColumn": 29
                                        }
                                      ]
                                    },
                                    {
                                      "type": "FieldAccessExpr",
                                      "name": "rank",
                                      "line": 58,
                                      "column": 33,
                                      "endLine": 58,
                                      "endColumn": 42,
                                      "children": [
                                        {
                                          "type": "NameExpr",
                                          "name": "rootX",
                                          "line": 58,
                                          "column": 33,
                                          "endLine": 58,
                                          "endColumn": 37,
                                          "children": [
                                            {
                                              "type": "SimpleName",
                                              "name": "",
                                              "line": 58,
                                              "column": 33,
                                              "endLine": 58,
                                              "endColumn": 37
                                            }
                                          ]
                                        },
                                        {
                                          "type": "SimpleName",
                                          "name": "",
                                          "line": 58,
                                          "column": 39,
                                          "endLine": 58,
                                          "endColumn": 42
                                        }
                                      ]
                                    }
                                  ]
                                },
                                {
                                  "type": "BlockStmt",
                                  "name": "",
                                  "line": 58,
                                  "column": 45,
                                  "endLine": 60,
                                  "endColumn": 9,
                                  "children": [
                                    {
                                      "type": "ExpressionStmt",
                                      "name": "",
                                      "line": 59,
                                      "column": 13,
                                      "endLine": 59,
                                      "endColumn": 33,
                                      "attrs": {
                                        "code": "rootX.parent = rootY"
                                      },
                                      "children": [
                                        {
                                          "type": "AssignExpr",
                                          "name": "",
                                          "line": 59,
                                          "column": 13,
                                          "endLine": 59,
                                          "endColumn": 32,
                                          "attrs": {
                                            "code": "rootX.parent = rootY"
                                          },
                                          "children": [
                                            {
                                              "type": "FieldAccessExpr",
                                              "name": "parent",
                                              "line": 59,
                                              "column": 13,
                                              "endLine": 59,
                                              "endColumn": 24,
                                              "children": [
                                                {
                                                  "type": "NameExpr",
                                                  "name": "rootX",
                                                  "line": 59,
                                                  "column": 13,
                                                  "endLine": 59,
                                                  "endColumn": 17,
                                                  "children": [
                                                    {
                                                      "type": "SimpleName",
                                                      "name": "",
                                                      "line": 59,
                                                      "column": 13,
                                                      "endLine": 59,
                                                      "endColumn": 17
                                                    }
                                                  ]
                                                },
                                                {
                                                  "type": "SimpleName",
                                                  "name": "",
                                                  "line": 59,
                                                  "column": 19,
                                                  "endLine": 59,
                                                  "endColumn": 24
                                                }
                                              ]
                                            },
                                            {
                                              "type": "NameExpr",
                                              "name": "rootY",
                                              "line": 59,
                                              "column": 28,
                                              "endLine": 59,
                                              "endColumn": 32,
                                              "children": [
                                                {
                                                  "type": "SimpleName",
                                                  "name": "",
                                                  "line": 59,
                                                  "column": 28,
                                                  "endLine": 59,
                                                  "endColumn": 32
                                                }
                                              ]
                                            }
                                          ]
                                        }
                                      ]
                                    }
                                  ]
                                },
                                {
                                  "type": "BlockStmt",
                                  "name": "",
                                  "line": 60,
                                  "column": 16,
                                  "endLine": 63,
                                  "endColumn": 9,
                                  "children": [
                                    {
                                      "type": "ExpressionStmt",
                                      "name": "",
                                      "line": 61,
                                      "column": 13,
                                      "endLine": 61,
                                      "endColumn": 33,
                                      "attrs": {
                                        "code": "rootY.parent = rootX"
                                      },
                                      "children": [
                                        {
                                          "type": "AssignExpr",
                                          "name": "",
                                          "line": 61,
                                          "column": 13,
                                          "endLine": 61,
                                          "endColumn": 32,
                                          "attrs": {
                                            "code": "rootY.parent = rootX"
                                          },
                                          "children": [
                                            {
                                              "type": "FieldAccessExpr",
                                              "name": "parent",
                                              "line": 61,
                                              "column": 13,
                                              "endLine": 61,
                                              "endColumn": 24,
                                              "children": [
                                                {
                                                  "type": "NameExpr",
                                                  "name": "rootY",
                                                  "line": 61,
                                                  "column": 13,
                                                  "endLine": 61,
                                                  "endColumn": 17,
                                                  "children": [
                                                    {
                                                      "type": "SimpleName",
                                                      "name": "",
                                                      "line": 61,
                                                      "column": 13,
                                                      "endLine": 61,
                                                      "endColumn": 17
                                                    }
                                                  ]
                                                },
                                                {
                                                  "type": "SimpleName",
                                                  "name": "",
                                                  "line": 61,
                                                  "column": 19,
                                                  "endLine": 61,
                                                  "endColumn": 24
                                                }
                                              ]
                                            },
                                            {
                                              "type": "NameExpr",
                                              "name": "rootX",
                                              "line": 61,
                                              "column": 28,
                                              "endLine": 61,
                                              "endColumn": 32,
                                              "children": [
                                                {
                                                  "type": "SimpleName",
                                                  "name": "",
                                                  "line": 61,
                                                  "column": 28,
                                                  "endLine": 61,
                                                  "endColumn": 32
                                                }
                                              ]
                                            }
                                          ]
                                        }
                                      ]
                                    },
                                    {
                                      "type": "ExpressionStmt",
                                      "name": "",
                                      "line": 62,
                                      "column": 13,
                                      "endLine": 62,
                                      "endColumn": 25,
                                      "attrs": {
                                        "code": "rootX.rank++"
                                      },
                                      "children": [
                                        {
                                          "type": "UnaryExpr",
                                          "name": "",
                                          "line": 62,
                                          "column": 13,
                                          "endLine": 62,
                                          "endColumn": 24,
                                          "children": [
                                            {
                                              "type": "FieldAccessExpr",
                                              "name": "rank",
                                              "line": 62,
                                              "column": 13,
                                              "endLine": 62,
                                              "endColumn": 22,
                                              "children": [
                                                {
                                                  "type": "NameExpr",
                                                  "name": "rootX",
                                                  "line": 62,
                                                  "column": 13,
                                                  "endLine": 62,
                                                  "endColumn": 17,
                                                  "children": [
                                                    {
                                                      "type": "SimpleName",
                                                      "name": "",
                                                      "line": 62,
                                                      "column": 13,
                                                      "endLine": 62,
                                                      "endColumn": 17
                                                    }
                                                  ]
                                                },
                                                {
                                                  "type": "SimpleName",
                                                  "name": "",
                                                  "line": 62,
                                                  "column": 19,
                                                  "endLine": 62,
                                                  "endColumn": 22
                                                }
                                              ]
                                            }
                                          ]
                                        }
                                      ]
                                    }
                                  ]
                                }
                              ]
                            }
                          ]
                        },
                        {
                          "type": "LineComment",
                          "name": "",
                          "line": 54,
                          "column": 9,
                          "endLine": 54,
                          "endColumn": 110
                        }
                      ]
                    }
                  ]
                },
                {
                  "type": "TypeParameter",
                  "name": "T",
                  "line": 14,
                  "column": 31,
                  "endLine": 14,
                  "endColumn": 31,
                  "children": [
                    {
                      "type": "SimpleName",
                      "name": "",
                      "line": 14,
                      "column": 31,
                      "endLine": 14,
                      "endColumn": 31
                    }
                  ]
                }
              ]
            }
          ]
        }
      ]
    }
  ]
}