{
  "type": "Project",
  "name": "Project",
  "children": [
    {
      "type": "File",
      "name": "TreeNode.java",
      "value": "D:\\py-java-transform\\java to py\\java-to-python_user\\java-to-python-main\\java to python-result\\197\\TreeNode.java",
      "children": [
        {
          "type": "CompilationUnit",
          "name": "",
          "line": 1,
          "column": 1,
          "endLine": 78,
          "endColumn": 2,
          "children": [
            {
              "type": "PackageDeclaration",
              "name": "com.thealgorithms.devutils.nodes",
              "line": 1,
              "column": 1,
              "endLine": 1,
              "endColumn": 41,
              "attrs": {
                "name": "com.thealgorithms.devutils.nodes"
              },
              "children": [
                {
                  "type": "Name",
                  "name": "",
                  "line": 1,
                  "column": 9,
                  "endLine": 1,
                  "endColumn": 40,
                  "children": [
                    {
                      "type": "Name",
                      "name": "",
                      "line": 1,
                      "column": 9,
                      "endLine": 1,
                      "endColumn": 34,
                      "children": [
                        {
                          "type": "Name",
                          "name": "",
                          "line": 1,
                          "column": 9,
                          "endLine": 1,
                          "endColumn": 25,
                          "children": [
                            {
                              "type": "Name",
                              "name": "",
                              "line": 1,
                              "column": 9,
                              "endLine": 1,
                              "endColumn": 11
                            }
                          ]
                        }
                      ]
                    }
                  ]
                }
              ]
            },
            {
              "type": "ClassOrInterfaceDeclaration",
              "name": "TreeNode",
              "line": 12,
              "column": 1,
              "endLine": 78,
              "endColumn": 1,
              "value": "class",
              "attrs": {
                "modifiers": "[public , abstract ]",
                "typeParams": "[E]",
                "extends": "[Node<E>]",
                "implements": "[]",
                "annotations": "[]"
              },
              "children": [
                {
                  "type": "Javadoc",
                  "name": "",
                  "line": 3,
                  "column": 1,
                  "endLine": 11,
                  "endColumn": 3,
                  "value": "\n * Base class for any tree node which holds a reference to the parent node.\n *\n * All known subclasses: {@link SimpleTreeNode}, {@link LargeTreeNode}.\n *\n * @param <E> The type of the data held in the Node.\n *\n * @author <a href=\"https://github.com/aitorfi\">aitorfi</a>\n "
                },
                {
                  "type": "Modifier",
                  "name": "",
                  "line": 12,
                  "column": 1,
                  "endLine": 12,
                  "endColumn": 6
                },
                {
                  "type": "Modifier",
                  "name": "",
                  "line": 12,
                  "column": 8,
                  "endLine": 12,
                  "endColumn": 15
                },
                {
                  "type": "SimpleName",
                  "name": "",
                  "line": 12,
                  "column": 23,
                  "endLine": 12,
                  "endColumn": 30
                },
                {
                  "type": "FieldDeclaration",
                  "name": "",
                  "line": 17,
                  "column": 5,
                  "endLine": 17,
                  "endColumn": 35,
                  "value": "TreeNode<E>",
                  "attrs": {
                    "modifiers": "[private ]",
                    "annotations": "[]"
                  },
                  "children": [
                    {
                      "type": "Javadoc",
                      "name": "",
                      "line": 14,
                      "column": 5,
                      "endLine": 16,
                      "endColumn": 7,
                      "value": "\n     * Reference to the parent Node.\n     "
                    },
                    {
                      "type": "Modifier",
                      "name": "",
                      "line": 17,
                      "column": 5,
                      "endLine": 17,
                      "endColumn": 11
                    },
                    {
                      "type": "VariableDeclarator",
                      "name": "parentNode",
                      "line": 17,
                      "column": 25,
                      "endLine": 17,
                      "endColumn": 34,
                      "value": "TreeNode<E>",
                      "attrs": {
                        "type": "TreeNode<E>"
                      },
                      "children": [
                        {
                          "type": "ClassOrInterfaceType",
                          "name": "TreeNode",
                          "line": 17,
                          "column": 13,
                          "endLine": 17,
                          "endColumn": 23,
                          "attrs": {
                            "typeArgs": "[E]"
                          },
                          "children": [
                            {
                              "type": "SimpleName",
                              "name": "",
                              "line": 17,
                              "column": 13,
                              "endLine": 17,
                              "endColumn": 20
                            },
                            {
                              "type": "ClassOrInterfaceType",
                              "name": "E",
                              "line": 17,
                              "column": 22,
                              "endLine": 17,
                              "endColumn": 22,
                              "children": [
                                {
                                  "type": "SimpleName",
                                  "name": "",
                                  "line": 17,
                                  "column": 22,
                                  "endLine": 17,
                                  "endColumn": 22
                                }
                              ]
                            }
                          ]
                        },
                        {
                          "type": "SimpleName",
                          "name": "",
                          "line": 17,
                          "column": 25,
                          "endLine": 17,
                          "endColumn": 34
                        }
                      ]
                    }
                  ]
                },
                {
                  "type": "FieldDeclaration",
                  "name": "",
                  "line": 21,
                  "column": 5,
                  "endLine": 21,
                  "endColumn": 22,
                  "value": "int",
                  "attrs": {
                    "modifiers": "[private ]",
                    "annotations": "[]"
                  },
                  "children": [
                    {
                      "type": "Javadoc",
                      "name": "",
                      "line": 18,
                      "column": 5,
                      "endLine": 20,
                      "endColumn": 7,
                      "value": "\n     * Indicates the depth at which this node is in the tree.\n     "
                    },
                    {
                      "type": "Modifier",
                      "name": "",
                      "line": 21,
                      "column": 5,
                      "endLine": 21,
                      "endColumn": 11
                    },
                    {
                      "type": "VariableDeclarator",
                      "name": "depth",
                      "line": 21,
                      "column": 17,
                      "endLine": 21,
                      "endColumn": 21,
                      "value": "int",
                      "attrs": {
                        "type": "int"
                      },
                      "children": [
                        {
                          "type": "PrimitiveType",
                          "name": "",
                          "line": 21,
                          "column": 13,
                          "endLine": 21,
                          "endColumn": 15
                        },
                        {
                          "type": "SimpleName",
                          "name": "",
                          "line": 21,
                          "column": 17,
                          "endLine": 21,
                          "endColumn": 21
                        }
                      ]
                    }
                  ]
                },
                {
                  "type": "ConstructorDeclaration",
                  "name": "TreeNode",
                  "line": 26,
                  "column": 5,
                  "endLine": 29,
                  "endColumn": 5,
                  "attrs": {
                    "modifiers": "[public ]",
                    "throws": "[]",
                    "annotations": "[]",
                    "params": "[]"
                  },
                  "children": [
                    {
                      "type": "Javadoc",
                      "name": "",
                      "line": 23,
                      "column": 5,
                      "endLine": 25,
                      "endColumn": 7,
                      "value": "\n     * Empty constructor.\n     "
                    },
                    {
                      "type": "Modifier",
                      "name": "",
                      "line": 26,
                      "column": 5,
                      "endLine": 26,
                      "endColumn": 10
                    },
                    {
                      "type": "SimpleName",
                      "name": "",
                      "line": 26,
                      "column": 12,
                      "endLine": 26,
                      "endColumn": 19
                    },
                    {
                      "type": "BlockStmt",
                      "name": "",
                      "line": 26,
                      "column": 23,
                      "endLine": 29,
                      "endColumn": 5,
                      "children": [
                        {
                          "type": "ExplicitConstructorInvocationStmt",
                          "name": "",
                          "line": 27,
                          "column": 9,
                          "endLine": 27,
                          "endColumn": 16,
                          "attrs": {
                            "args": "[]"
                          }
                        },
                        {
                          "type": "ExpressionStmt",
                          "name": "",
                          "line": 28,
                          "column": 9,
                          "endLine": 28,
                          "endColumn": 18,
                          "attrs": {
                            "code": "depth = 0"
                          },
                          "children": [
                            {
                              "type": "AssignExpr",
                              "name": "",
                              "line": 28,
                              "column": 9,
                              "endLine": 28,
                              "endColumn": 17,
                              "attrs": {
                                "code": "depth = 0"
                              },
                              "children": [
                                {
                                  "type": "NameExpr",
                                  "name": "depth",
                                  "line": 28,
                                  "column": 9,
                                  "endLine": 28,
                                  "endColumn": 13,
                                  "children": [
                                    {
                                      "type": "SimpleName",
                                      "name": "",
                                      "line": 28,
                                      "column": 9,
                                      "endLine": 28,
                                      "endColumn": 13
                                    }
                                  ]
                                },
                                {
                                  "type": "IntegerLiteralExpr",
                                  "name": "",
                                  "line": 28,
                                  "column": 17,
                                  "endLine": 28,
                                  "endColumn": 17
                                }
                              ]
                            }
                          ]
                        }
                      ]
                    }
                  ]
                },
                {
                  "type": "ConstructorDeclaration",
                  "name": "TreeNode",
                  "line": 37,
                  "column": 5,
                  "endLine": 40,
                  "endColumn": 5,
                  "attrs": {
                    "modifiers": "[public ]",
                    "throws": "[]",
                    "annotations": "[]",
                    "params": "[E data]"
                  },
                  "children": [
                    {
                      "type": "Javadoc",
                      "name": "",
                      "line": 31,
                      "column": 5,
                      "endLine": 36,
                      "endColumn": 7,
                      "value": "\n     * Initializes the Nodes' data.\n     *\n     * @param data Value to which data will be initialized.\n     * @see Node#Node(Object)\n     "
                    },
                    {
                      "type": "Modifier",
                      "name": "",
                      "line": 37,
                      "column": 5,
                      "endLine": 37,
                      "endColumn": 10
                    },
                    {
                      "type": "SimpleName",
                      "name": "",
                      "line": 37,
                      "column": 12,
                      "endLine": 37,
                      "endColumn": 19
                    },
                    {
                      "type": "Parameter",
                      "name": "data",
                      "line": 37,
                      "column": 21,
                      "endLine": 37,
                      "endColumn": 26,
                      "attrs": {
                        "modifiers": "[]",
                        "type": "E",
                        "isVarArgs": "false",
                        "annotations": "[]"
                      },
                      "children": [
                        {
                          "type": "ClassOrInterfaceType",
                          "name": "E",
                          "line": 37,
                          "column": 21,
                          "endLine": 37,
                          "endColumn": 21,
                          "children": [
                            {
                              "type": "SimpleName",
                              "name": "",
                              "line": 37,
                              "column": 21,
                              "endLine": 37,
                              "endColumn": 21
                            }
                          ]
                        },
                        {
                          "type": "SimpleName",
                          "name": "",
                          "line": 37,
                          "column": 23,
                          "endLine": 37,
                          "endColumn": 26
                        }
                      ]
                    },
                    {
                      "type": "BlockStmt",
                      "name": "",
                      "line": 37,
                      "column": 29,
                      "endLine": 40,
                      "endColumn": 5,
                      "children": [
                        {
                          "type": "ExplicitConstructorInvocationStmt",
                          "name": "",
                          "line": 38,
                          "column": 9,
                          "endLine": 38,
                          "endColumn": 20,
                          "attrs": {
                            "args": "[data]"
                          },
                          "children": [
                            {
                              "type": "NameExpr",
                              "name": "data",
                              "line": 38,
                              "column": 15,
                              "endLine": 38,
                              "endColumn": 18,
                              "children": [
                                {
                                  "type": "SimpleName",
                                  "name": "",
                                  "line": 38,
                                  "column": 15,
                                  "endLine": 38,
                                  "endColumn": 18
                                }
                              ]
                            }
                          ]
                        },
                        {
                          "type": "ExpressionStmt",
                          "name": "",
                          "line": 39,
                          "column": 9,
                          "endLine": 39,
                          "endColumn": 18,
                          "attrs": {
                            "code": "depth = 0"
                          },
                          "children": [
                            {
                              "type": "AssignExpr",
                              "name": "",
                              "line": 39,
                              "column": 9,
                              "endLine": 39,
                              "endColumn": 17,
                              "attrs": {
                                "code": "depth = 0"
                              },
                              "children": [
                                {
                                  "type": "NameExpr",
                                  "name": "depth",
                                  "line": 39,
                                  "column": 9,
                                  "endLine": 39,
                                  "endColumn": 13,
                                  "children": [
                                    {
                                      "type": "SimpleName",
                                      "name": "",
                                      "line": 39,
                                      "column": 9,
                                      "endLine": 39,
                                      "endColumn": 13
                                    }
                                  ]
                                },
                                {
                                  "type": "IntegerLiteralExpr",
                                  "name": "",
                                  "line": 39,
                                  "column": 17,
                                  "endLine": 39,
                                  "endColumn": 17
                                }
                              ]
                            }
                          ]
                        }
                      ]
                    }
                  ]
                },
                {
                  "type": "ConstructorDeclaration",
                  "name": "TreeNode",
                  "line": 48,
                  "column": 5,
                  "endLine": 52,
                  "endColumn": 5,
                  "attrs": {
                    "modifiers": "[public ]",
                    "throws": "[]",
                    "annotations": "[]",
                    "params": "[E data, TreeNode<E> parentNode]"
                  },
                  "children": [
                    {
                      "type": "Javadoc",
                      "name": "",
                      "line": 42,
                      "column": 5,
                      "endLine": 47,
                      "endColumn": 7,
                      "value": "\n     * Initializes the Nodes' data and parent node reference.\n     *\n     * @param data Value to which data will be initialized.\n     * @param parentNode Value to which the nodes' parent reference will be set.\n     "
                    },
                    {
                      "type": "Modifier",
                      "name": "",
                      "line": 48,
                      "column": 5,
                      "endLine": 48,
                      "endColumn": 10
                    },
                    {
                      "type": "SimpleName",
                      "name": "",
                      "line": 48,
                      "column": 12,
                      "endLine": 48,
                      "endColumn": 19
                    },
                    {
                      "type": "Parameter",
                      "name": "data",
                      "line": 48,
                      "column": 21,
                      "endLine": 48,
                      "endColumn": 26,
                      "attrs": {
                        "modifiers": "[]",
                        "type": "E",
                        "isVarArgs": "false",
                        "annotations": "[]"
                      },
                      "children": [
                        {
                          "type": "ClassOrInterfaceType",
                          "name": "E",
                          "line": 48,
                          "column": 21,
                          "endLine": 48,
                          "endColumn": 21,
                          "children": [
                            {
                              "type": "SimpleName",
                              "name": "",
                              "line": 48,
                              "column": 21,
                              "endLine": 48,
                              "endColumn": 21
                            }
                          ]
                        },
                        {
                          "type": "SimpleName",
                          "name": "",
                          "line": 48,
                          "column": 23,
                          "endLine": 48,
                          "endColumn": 26
                        }
                      ]
                    },
                    {
                      "type": "Parameter",
                      "name": "parentNode",
                      "line": 48,
                      "column": 29,
                      "endLine": 48,
                      "endColumn": 50,
                      "attrs": {
                        "modifiers": "[]",
                        "type": "TreeNode<E>",
                        "isVarArgs": "false",
                        "annotations": "[]"
                      },
                      "children": [
                        {
                          "type": "ClassOrInterfaceType",
                          "name": "TreeNode",
                          "line": 48,
                          "column": 29,
                          "endLine": 48,
                          "endColumn": 39,
                          "attrs": {
                            "typeArgs": "[E]"
                          },
                          "children": [
                            {
                              "type": "SimpleName",
                              "name": "",
                              "line": 48,
                              "column": 29,
                              "endLine": 48,
                              "endColumn": 36
                            },
                            {
                              "type": "ClassOrInterfaceType",
                              "name": "E",
                              "line": 48,
                              "column": 38,
                              "endLine": 48,
                              "endColumn": 38,
                              "children": [
                                {
                                  "type": "SimpleName",
                                  "name": "",
                                  "line": 48,
                                  "column": 38,
                                  "endLine": 48,
                                  "endColumn": 38
                                }
                              ]
                            }
                          ]
                        },
                        {
                          "type": "SimpleName",
                          "name": "",
                          "line": 48,
                          "column": 41,
                          "endLine": 48,
                          "endColumn": 50
                        }
                      ]
                    },
                    {
                      "type": "BlockStmt",
                      "name": "",
                      "line": 48,
                      "column": 53,
                      "endLine": 52,
                      "endColumn": 5,
                      "children": [
                        {
                          "type": "ExplicitConstructorInvocationStmt",
                          "name": "",
                          "line": 49,
                          "column": 9,
                          "endLine": 49,
                          "endColumn": 20,
                          "attrs": {
                            "args": "[data]"
                          },
                          "children": [
                            {
                              "type": "NameExpr",
                              "name": "data",
                              "line": 49,
                              "column": 15,
                              "endLine": 49,
                              "endColumn": 18,
                              "children": [
                                {
                                  "type": "SimpleName",
                                  "name": "",
                                  "line": 49,
                                  "column": 15,
                                  "endLine": 49,
                                  "endColumn": 18
                                }
                              ]
                            }
                          ]
                        },
                        {
                          "type": "ExpressionStmt",
                          "name": "",
                          "line": 50,
                          "column": 9,
                          "endLine": 50,
                          "endColumn": 37,
                          "attrs": {
                            "code": "this.parentNode = parentNode"
                          },
                          "children": [
                            {
                              "type": "AssignExpr",
                              "name": "",
                              "line": 50,
                              "column": 9,
                              "endLine": 50,
                              "endColumn": 36,
                              "attrs": {
                                "code": "this.parentNode = parentNode"
                              },
                              "children": [
                                {
                                  "type": "FieldAccessExpr",
                                  "name": "parentNode",
                                  "line": 50,
                                  "column": 9,
                                  "endLine": 50,
                                  "endColumn": 23,
                                  "children": [
                                    {
                                      "type": "ThisExpr",
                                      "name": "",
                                      "line": 50,
                                      "column": 9,
                                      "endLine": 50,
                                      "endColumn": 12
                                    },
                                    {
                                      "type": "SimpleName",
                                      "name": "",
                                      "line": 50,
                                      "column": 14,
                                      "endLine": 50,
                                      "endColumn": 23
                                    }
                                  ]
                                },
                                {
                                  "type": "NameExpr",
                                  "name": "parentNode",
                                  "line": 50,
                                  "column": 27,
                                  "endLine": 50,
                                  "endColumn": 36,
                                  "children": [
                                    {
                                      "type": "SimpleName",
                                      "name": "",
                                      "line": 50,
                                      "column": 27,
                                      "endLine": 50,
                                      "endColumn": 36
                                    }
                                  ]
                                }
                              ]
                            }
                          ]
                        },
                        {
                          "type": "ExpressionStmt",
                          "name": "",
                          "line": 51,
                          "column": 9,
                          "endLine": 51,
                          "endColumn": 47,
                          "attrs": {
                            "code": "depth = this.parentNode.getDepth() + 1"
                          },
                          "children": [
                            {
                              "type": "AssignExpr",
                              "name": "",
                              "line": 51,
                              "column": 9,
                              "endLine": 51,
                              "endColumn": 46,
                              "attrs": {
                                "code": "depth = this.parentNode.getDepth() + 1"
                              },
                              "children": [
                                {
                                  "type": "NameExpr",
                                  "name": "depth",
                                  "line": 51,
                                  "column": 9,
                                  "endLine": 51,
                                  "endColumn": 13,
                                  "children": [
                                    {
                                      "type": "SimpleName",
                                      "name": "",
                                      "line": 51,
                                      "column": 9,
                                      "endLine": 51,
                                      "endColumn": 13
                                    }
                                  ]
                                },
                                {
                                  "type": "BinaryExpr",
                                  "name": "",
                                  "line": 51,
                                  "column": 17,
                                  "endLine": 51,
                                  "endColumn": 46,
                                  "children": [
                                    {
                                      "type": "MethodCallExpr",
                                      "name": "getDepth",
                                      "line": 51,
                                      "column": 17,
                                      "endLine": 51,
                                      "endColumn": 42,
                                      "attrs": {
                                        "args": "[]",
                                        "code": "this.parentNode.getDepth()"
                                      },
                                      "children": [
                                        {
                                          "type": "FieldAccessExpr",
                                          "name": "parentNode",
                                          "line": 51,
                                          "column": 17,
                                          "endLine": 51,
                                          "endColumn": 31,
                                          "children": [
                                            {
                                              "type": "ThisExpr",
                                              "name": "",
                                              "line": 51,
                                              "column": 17,
                                              "endLine": 51,
                                              "endColumn": 20
                                            },
                                            {
                                              "type": "SimpleName",
                                              "name": "",
                                              "line": 51,
                                              "column": 22,
                                              "endLine": 51,
                                              "endColumn": 31
                                            }
                                          ]
                                        },
                                        {
                                          "type": "SimpleName",
                                          "name": "",
                                          "line": 51,
                                          "column": 33,
                                          "endLine": 51,
                                          "endColumn": 40
                                        }
                                      ]
                                    },
                                    {
                                      "type": "IntegerLiteralExpr",
                                      "name": "",
                                      "line": 51,
                                      "column": 46,
                                      "endLine": 51,
                                      "endColumn": 46
                                    }
                                  ]
                                }
                              ]
                            }
                          ]
                        }
                      ]
                    }
                  ]
                },
                {
                  "type": "MethodDeclaration",
                  "name": "isLeafNode",
                  "line": 57,
                  "column": 5,
                  "endLine": 57,
                  "endColumn": 41,
                  "value": "boolean",
                  "attrs": {
                    "modifiers": "[public , abstract ]",
                    "typeParams": "[]",
                    "throws": "[]",
                    "annotations": "[]",
                    "type": "boolean",
                    "params": "[]"
                  },
                  "children": [
                    {
                      "type": "Javadoc",
                      "name": "",
                      "line": 54,
                      "column": 5,
                      "endLine": 56,
                      "endColumn": 7,
                      "value": "\n     * @return True if the node is a leaf node, otherwise false.\n     "
                    },
                    {
                      "type": "Modifier",
                      "name": "",
                      "line": 57,
                      "column": 5,
                      "endLine": 57,
                      "endColumn": 10
                    },
                    {
                      "type": "Modifier",
                      "name": "",
                      "line": 57,
                      "column": 12,
                      "endLine": 57,
                      "endColumn": 19
                    },
                    {
                      "type": "SimpleName",
                      "name": "",
                      "line": 57,
                      "column": 29,
                      "endLine": 57,
                      "endColumn": 38
                    },
                    {
                      "type": "PrimitiveType",
                      "name": "",
                      "line": 57,
                      "column": 21,
                      "endLine": 57,
                      "endColumn": 27
                    }
                  ]
                },
                {
                  "type": "MethodDeclaration",
                  "name": "isRootNode",
                  "line": 62,
                  "column": 5,
                  "endLine": 64,
                  "endColumn": 5,
                  "value": "boolean",
                  "attrs": {
                    "modifiers": "[public ]",
                    "typeParams": "[]",
                    "throws": "[]",
                    "annotations": "[]",
                    "type": "boolean",
                    "params": "[]"
                  },
                  "children": [
                    {
                      "type": "Javadoc",
                      "name": "",
                      "line": 59,
                      "column": 5,
                      "endLine": 61,
                      "endColumn": 7,
                      "value": "\n     * @return True if the node is the root node, otherwise false.\n     "
                    },
                    {
                      "type": "Modifier",
                      "name": "",
                      "line": 62,
                      "column": 5,
                      "endLine": 62,
                      "endColumn": 10
                    },
                    {
                      "type": "SimpleName",
                      "name": "",
                      "line": 62,
                      "column": 20,
                      "endLine": 62,
                      "endColumn": 29
                    },
                    {
                      "type": "PrimitiveType",
                      "name": "",
                      "line": 62,
                      "column": 12,
                      "endLine": 62,
                      "endColumn": 18
                    },
                    {
                      "type": "BlockStmt",
                      "name": "",
                      "line": 62,
                      "column": 33,
                      "endLine": 64,
                      "endColumn": 5,
                      "children": [
                        {
                          "type": "ReturnStmt",
                          "name": "return",
                          "line": 63,
                          "column": 9,
                          "endLine": 63,
                          "endColumn": 36,
                          "attrs": {
                            "expr": "(parentNode == null)"
                          },
                          "children": [
                            {
                              "type": "EnclosedExpr",
                              "name": "",
                              "line": 63,
                              "column": 16,
                              "endLine": 63,
                              "endColumn": 35,
                              "children": [
                                {
                                  "type": "BinaryExpr",
                                  "name": "",
                                  "line": 63,
                                  "column": 17,
                                  "endLine": 63,
                                  "endColumn": 34,
                                  "children": [
                                    {
                                      "type": "NameExpr",
                                      "name": "parentNode",
                                      "line": 63,
                                      "column": 17,
                                      "endLine": 63,
                                      "endColumn": 26,
                                      "children": [
                                        {
                                          "type": "SimpleName",
                                          "name": "",
                                          "line": 63,
                                          "column": 17,
                                          "endLine": 63,
                                          "endColumn": 26
                                        }
                                      ]
                                    },
                                    {
                                      "type": "NullLiteralExpr",
                                      "name": "",
                                      "line": 63,
                                      "column": 31,
                                      "endLine": 63,
                                      "endColumn": 34
                                    }
                                  ]
                                }
                              ]
                            }
                          ]
                        }
                      ]
                    }
                  ]
                },
                {
                  "type": "MethodDeclaration",
                  "name": "getParent",
                  "line": 66,
                  "column": 5,
                  "endLine": 68,
                  "endColumn": 5,
                  "value": "TreeNode<E>",
                  "attrs": {
                    "modifiers": "[public ]",
                    "typeParams": "[]",
                    "throws": "[]",
                    "annotations": "[]",
                    "type": "TreeNode<E>",
                    "params": "[]"
                  },
                  "children": [
                    {
                      "type": "Modifier",
                      "name": "",
                      "line": 66,
                      "column": 5,
                      "endLine": 66,
                      "endColumn": 10
                    },
                    {
                      "type": "SimpleName",
                      "name": "",
                      "line": 66,
                      "column": 24,
                      "endLine": 66,
                      "endColumn": 32
                    },
                    {
                      "type": "ClassOrInterfaceType",
                      "name": "TreeNode",
                      "line": 66,
                      "column": 12,
                      "endLine": 66,
                      "endColumn": 22,
                      "attrs": {
                        "typeArgs": "[E]"
                      },
                      "children": [
                        {
                          "type": "SimpleName",
                          "name": "",
                          "line": 66,
                          "column": 12,
                          "endLine": 66,
                          "endColumn": 19
                        },
                        {
                          "type": "ClassOrInterfaceType",
                          "name": "E",
                          "line": 66,
                          "column": 21,
                          "endLine": 66,
                          "endColumn": 21,
                          "children": [
                            {
                              "type": "SimpleName",
                              "name": "",
                              "line": 66,
                              "column": 21,
                              "endLine": 66,
                              "endColumn": 21
                            }
                          ]
                        }
                      ]
                    },
                    {
                      "type": "BlockStmt",
                      "name": "",
                      "line": 66,
                      "column": 36,
                      "endLine": 68,
                      "endColumn": 5,
                      "children": [
                        {
                          "type": "ReturnStmt",
                          "name": "return",
                          "line": 67,
                          "column": 9,
                          "endLine": 67,
                          "endColumn": 26,
                          "attrs": {
                            "expr": "parentNode"
                          },
                          "children": [
                            {
                              "type": "NameExpr",
                              "name": "parentNode",
                              "line": 67,
                              "column": 16,
                              "endLine": 67,
                              "endColumn": 25,
                              "children": [
                                {
                                  "type": "SimpleName",
                                  "name": "",
                                  "line": 67,
                                  "column": 16,
                                  "endLine": 67,
                                  "endColumn": 25
                                }
                              ]
                            }
                          ]
                        }
                      ]
                    }
                  ]
                },
                {
                  "type": "MethodDeclaration",
                  "name": "setParent",
                  "line": 70,
                  "column": 5,
                  "endLine": 73,
                  "endColumn": 5,
                  "value": "void",
                  "attrs": {
                    "modifiers": "[public ]",
                    "typeParams": "[]",
                    "throws": "[]",
                    "annotations": "[]",
                    "type": "void",
                    "params": "[TreeNode<E> parentNode]"
                  },
                  "children": [
                    {
                      "type": "Modifier",
                      "name": "",
                      "line": 70,
                      "column": 5,
                      "endLine": 70,
                      "endColumn": 10
                    },
                    {
                      "type": "SimpleName",
                      "name": "",
                      "line": 70,
                      "column": 17,
                      "endLine": 70,
                      "endColumn": 25
                    },
                    {
                      "type": "Parameter",
                      "name": "parentNode",
                      "line": 70,
                      "column": 27,
                      "endLine": 70,
                      "endColumn": 48,
                      "attrs": {
                        "modifiers": "[]",
                        "type": "TreeNode<E>",
                        "isVarArgs": "false",
                        "annotations": "[]"
                      },
                      "children": [
                        {
                          "type": "ClassOrInterfaceType",
                          "name": "TreeNode",
                          "line": 70,
                          "column": 27,
                          "endLine": 70,
                          "endColumn": 37,
                          "attrs": {
                            "typeArgs": "[E]"
                          },
                          "children": [
                            {
                              "type": "SimpleName",
                              "name": "",
                              "line": 70,
                              "column": 27,
                              "endLine": 70,
                              "endColumn": 34
                            },
                            {
                              "type": "ClassOrInterfaceType",
                              "name": "E",
                              "line": 70,
                              "column": 36,
                              "endLine": 70,
                              "endColumn": 36,
                              "children": [
                                {
                                  "type": "SimpleName",
                                  "name": "",
                                  "line": 70,
                                  "column": 36,
                                  "endLine": 70,
                                  "endColumn": 36
                                }
                              ]
                            }
                          ]
                        },
                        {
                          "type": "SimpleName",
                          "name": "",
                          "line": 70,
                          "column": 39,
                          "endLine": 70,
                          "endColumn": 48
                        }
                      ]
                    },
                    {
                      "type": "VoidType",
                      "name": "",
                      "line": 70,
                      "column": 12,
                      "endLine": 70,
                      "endColumn": 15
                    },
                    {
                      "type": "BlockStmt",
                      "name": "",
                      "line": 70,
                      "column": 51,
                      "endLine": 73,
                      "endColumn": 5,
                      "children": [
                        {
                          "type": "ExpressionStmt",
                          "name": "",
                          "line": 71,
                          "column": 9,
                          "endLine": 71,
                          "endColumn": 37,
                          "attrs": {
                            "code": "this.parentNode = parentNode"
                          },
                          "children": [
                            {
                              "type": "AssignExpr",
                              "name": "",
                              "line": 71,
                              "column": 9,
                              "endLine": 71,
                              "endColumn": 36,
                              "attrs": {
                                "code": "this.parentNode = parentNode"
                              },
                              "children": [
                                {
                                  "type": "FieldAccessExpr",
                                  "name": "parentNode",
                                  "line": 71,
                                  "column": 9,
                                  "endLine": 71,
                                  "endColumn": 23,
                                  "children": [
                                    {
                                      "type": "ThisExpr",
                                      "name": "",
                                      "line": 71,
                                      "column": 9,
                                      "endLine": 71,
                                      "endColumn": 12
                                    },
                                    {
                                      "type": "SimpleName",
                                      "name": "",
                                      "line": 71,
                                      "column": 14,
                                      "endLine": 71,
                                      "endColumn": 23
                                    }
                                  ]
                                },
                                {
                                  "type": "NameExpr",
                                  "name": "parentNode",
                                  "line": 71,
                                  "column": 27,
                                  "endLine": 71,
                                  "endColumn": 36,
                                  "children": [
                                    {
                                      "type": "SimpleName",
                                      "name": "",
                                      "line": 71,
                                      "column": 27,
                                      "endLine": 71,
                                      "endColumn": 36
                                    }
                                  ]
                                }
                              ]
                            }
                          ]
                        },
                        {
                          "type": "ExpressionStmt",
                          "name": "",
                          "line": 72,
                          "column": 9,
                          "endLine": 72,
                          "endColumn": 47,
                          "attrs": {
                            "code": "depth = this.parentNode.getDepth() + 1"
                          },
                          "children": [
                            {
                              "type": "AssignExpr",
                              "name": "",
                              "line": 72,
                              "column": 9,
                              "endLine": 72,
                              "endColumn": 46,
                              "attrs": {
                                "code": "depth = this.parentNode.getDepth() + 1"
                              },
                              "children": [
                                {
                                  "type": "NameExpr",
                                  "name": "depth",
                                  "line": 72,
                                  "column": 9,
                                  "endLine": 72,
                                  "endColumn": 13,
                                  "children": [
                                    {
                                      "type": "SimpleName",
                                      "name": "",
                                      "line": 72,
                                      "column": 9,
                                      "endLine": 72,
                                      "endColumn": 13
                                    }
                                  ]
                                },
                                {
                                  "type": "BinaryExpr",
                                  "name": "",
                                  "line": 72,
                                  "column": 17,
                                  "endLine": 72,
                                  "endColumn": 46,
                                  "children": [
                                    {
                                      "type": "MethodCallExpr",
                                      "name": "getDepth",
                                      "line": 72,
                                      "column": 17,
                                      "endLine": 72,
                                      "endColumn": 42,
                                      "attrs": {
                                        "args": "[]",
                                        "code": "this.parentNode.getDepth()"
                                      },
                                      "children": [
                                        {
                                          "type": "FieldAccessExpr",
                                          "name": "parentNode",
                                          "line": 72,
                                          "column": 17,
                                          "endLine": 72,
                                          "endColumn": 31,
                                          "children": [
                                            {
                                              "type": "ThisExpr",
                                              "name": "",
                                              "line": 72,
                                              "column": 17,
                                              "endLine": 72,
                                              "endColumn": 20
                                            },
                                            {
                                              "type": "SimpleName",
                                              "name": "",
                                              "line": 72,
                                              "column": 22,
                                              "endLine": 72,
                                              "endColumn": 31
                                            }
                                          ]
                                        },
                                        {
                                          "type": "SimpleName",
                                          "name": "",
                                          "line": 72,
                                          "column": 33,
                                          "endLine": 72,
                                          "endColumn": 40
                                        }
                                      ]
                                    },
                                    {
                                      "type": "IntegerLiteralExpr",
                                      "name": "",
                                      "line": 72,
                                      "column": 46,
                                      "endLine": 72,
                                      "endColumn": 46
                                    }
                                  ]
                                }
                              ]
                            }
                          ]
                        }
                      ]
                    }
                  ]
                },
                {
                  "type": "MethodDeclaration",
                  "name": "getDepth",
                  "line": 75,
                  "column": 5,
                  "endLine": 77,
                  "endColumn": 5,
                  "value": "int",
                  "attrs": {
                    "modifiers": "[public ]",
                    "typeParams": "[]",
                    "throws": "[]",
                    "annotations": "[]",
                    "type": "int",
                    "params": "[]"
                  },
                  "children": [
                    {
                      "type": "Modifier",
                      "name": "",
                      "line": 75,
                      "column": 5,
                      "endLine": 75,
                      "endColumn": 10
                    },
                    {
                      "type": "SimpleName",
                      "name": "",
                      "line": 75,
                      "column": 16,
                      "endLine": 75,
                      "endColumn": 23
                    },
                    {
                      "type": "PrimitiveType",
                      "name": "",
                      "line": 75,
                      "column": 12,
                      "endLine": 75,
                      "endColumn": 14
                    },
                    {
                      "type": "BlockStmt",
                      "name": "",
                      "line": 75,
                      "column": 27,
                      "endLine": 77,
                      "endColumn": 5,
                      "children": [
                        {
                          "type": "ReturnStmt",
                          "name": "return",
                          "line": 76,
                          "column": 9,
                          "endLine": 76,
                          "endColumn": 21,
                          "attrs": {
                            "expr": "depth"
                          },
                          "children": [
                            {
                              "type": "NameExpr",
                              "name": "depth",
                              "line": 76,
                              "column": 16,
                              "endLine": 76,
                              "endColumn": 20,
                              "children": [
                                {
                                  "type": "SimpleName",
                                  "name": "",
                                  "line": 76,
                                  "column": 16,
                                  "endLine": 76,
                                  "endColumn": 20
                                }
                              ]
                            }
                          ]
                        }
                      ]
                    }
                  ]
                },
                {
                  "type": "TypeParameter",
                  "name": "E",
                  "line": 12,
                  "column": 32,
                  "endLine": 12,
                  "endColumn": 32,
                  "children": [
                    {
                      "type": "SimpleName",
                      "name": "",
                      "line": 12,
                      "column": 32,
                      "endLine": 12,
                      "endColumn": 32
                    }
                  ]
                },
                {
                  "type": "ClassOrInterfaceType",
                  "name": "Node",
                  "line": 12,
                  "column": 43,
                  "endLine": 12,
                  "endColumn": 49,
                  "attrs": {
                    "typeArgs": "[E]"
                  },
                  "children": [
                    {
                      "type": "SimpleName",
                      "name": "",
                      "line": 12,
                      "column": 43,
                      "endLine": 12,
                      "endColumn": 46
                    },
                    {
                      "type": "ClassOrInterfaceType",
                      "name": "E",
                      "line": 12,
                      "column": 48,
                      "endLine": 12,
                      "endColumn": 48,
                      "children": [
                        {
                          "type": "SimpleName",
                          "name": "",
                          "line": 12,
                          "column": 48,
                          "endLine": 12,
                          "endColumn": 48
                        }
                      ]
                    }
                  ]
                }
              ]
            }
          ]
        }
      ]
    }
  ]
}