{
  "type": "Project",
  "name": "Project",
  "children": [
    {
      "type": "File",
      "name": "HigherLowerPowerOfTwo.java",
      "value": "D:\\py-java-transform\\java to py\\java-to-python_user\\java-to-python-main\\java to python-result\\173\\HigherLowerPowerOfTwo.java",
      "children": [
        {
          "type": "CompilationUnit",
          "name": "",
          "line": 1,
          "column": 1,
          "endLine": 54,
          "endColumn": 2,
          "children": [
            {
              "type": "PackageDeclaration",
              "name": "com.thealgorithms.bitmanipulation",
              "line": 1,
              "column": 1,
              "endLine": 1,
              "endColumn": 42,
              "attrs": {
                "name": "com.thealgorithms.bitmanipulation"
              },
              "children": [
                {
                  "type": "Name",
                  "name": "",
                  "line": 1,
                  "column": 9,
                  "endLine": 1,
                  "endColumn": 41,
                  "children": [
                    {
                      "type": "Name",
                      "name": "",
                      "line": 1,
                      "column": 9,
                      "endLine": 1,
                      "endColumn": 25,
                      "children": [
                        {
                          "type": "Name",
                          "name": "",
                          "line": 1,
                          "column": 9,
                          "endLine": 1,
                          "endColumn": 11
                        }
                      ]
                    }
                  ]
                }
              ]
            },
            {
              "type": "ClassOrInterfaceDeclaration",
              "name": "HigherLowerPowerOfTwo",
              "line": 19,
              "column": 1,
              "endLine": 54,
              "endColumn": 1,
              "value": "class",
              "attrs": {
                "modifiers": "[public , final ]",
                "typeParams": "[]",
                "extends": "[]",
                "implements": "[]",
                "annotations": "[]"
              },
              "children": [
                {
                  "type": "Javadoc",
                  "name": "",
                  "line": 3,
                  "column": 1,
                  "endLine": 18,
                  "endColumn": 3,
                  "value": "\n * HigherLowerPowerOfTwo class has two methods to find the next higher and lower power of two.\n * <p>\n *     nextHigherPowerOfTwo method finds the next higher power of two.\n *     nextLowerPowerOfTwo method finds the next lower power of two.\n *     Both methods take an integer as input and return the next higher or lower power of two.\n *     If the input is less than 1, the next higher power of two is 1.\n *     If the input is less than or equal to 1, the next lower power of two is 0.\n *     nextHigherPowerOfTwo method uses bitwise operations to find the next higher power of two.\n *     nextLowerPowerOfTwo method uses Integer.highestOneBit method to find the next lower power of two.\n *     The time complexity of both methods is O(1).\n *     The space complexity of both methods is O(1).\n * </p>\n *\n * @author Hardvan\n "
                },
                {
                  "type": "Modifier",
                  "name": "",
                  "line": 19,
                  "column": 1,
                  "endLine": 19,
                  "endColumn": 6
                },
                {
                  "type": "Modifier",
                  "name": "",
                  "line": 19,
                  "column": 8,
                  "endLine": 19,
                  "endColumn": 12
                },
                {
                  "type": "SimpleName",
                  "name": "",
                  "line": 19,
                  "column": 20,
                  "endLine": 19,
                  "endColumn": 40
                },
                {
                  "type": "ConstructorDeclaration",
                  "name": "HigherLowerPowerOfTwo",
                  "line": 20,
                  "column": 5,
                  "endLine": 21,
                  "endColumn": 5,
                  "attrs": {
                    "modifiers": "[private ]",
                    "throws": "[]",
                    "annotations": "[]",
                    "params": "[]"
                  },
                  "children": [
                    {
                      "type": "Modifier",
                      "name": "",
                      "line": 20,
                      "column": 5,
                      "endLine": 20,
                      "endColumn": 11
                    },
                    {
                      "type": "SimpleName",
                      "name": "",
                      "line": 20,
                      "column": 13,
                      "endLine": 20,
                      "endColumn": 33
                    },
                    {
                      "type": "BlockStmt",
                      "name": "",
                      "line": 20,
                      "column": 37,
                      "endLine": 21,
                      "endColumn": 5
                    }
                  ]
                },
                {
                  "type": "MethodDeclaration",
                  "name": "nextHigherPowerOfTwo",
                  "line": 29,
                  "column": 5,
                  "endLine": 40,
                  "endColumn": 5,
                  "value": "int",
                  "attrs": {
                    "modifiers": "[public , static ]",
                    "typeParams": "[]",
                    "throws": "[]",
                    "annotations": "[]",
                    "type": "int",
                    "params": "[int x]"
                  },
                  "children": [
                    {
                      "type": "Javadoc",
                      "name": "",
                      "line": 23,
                      "column": 5,
                      "endLine": 28,
                      "endColumn": 7,
                      "value": "\n     * Finds the next higher power of two.\n     *\n     * @param x The given number.\n     * @return The next higher power of two.\n     "
                    },
                    {
                      "type": "Modifier",
                      "name": "",
                      "line": 29,
                      "column": 5,
                      "endLine": 29,
                      "endColumn": 10
                    },
                    {
                      "type": "Modifier",
                      "name": "",
                      "line": 29,
                      "column": 12,
                      "endLine": 29,
                      "endColumn": 17
                    },
                    {
                      "type": "SimpleName",
                      "name": "",
                      "line": 29,
                      "column": 23,
                      "endLine": 29,
                      "endColumn": 42
                    },
                    {
                      "type": "Parameter",
                      "name": "x",
                      "line": 29,
                      "column": 44,
                      "endLine": 29,
                      "endColumn": 48,
                      "attrs": {
                        "modifiers": "[]",
                        "type": "int",
                        "isVarArgs": "false",
                        "annotations": "[]"
                      },
                      "children": [
                        {
                          "type": "PrimitiveType",
                          "name": "",
                          "line": 29,
                          "column": 44,
                          "endLine": 29,
                          "endColumn": 46
                        },
                        {
                          "type": "SimpleName",
                          "name": "",
                          "line": 29,
                          "column": 48,
                          "endLine": 29,
                          "endColumn": 48
                        }
                      ]
                    },
                    {
                      "type": "PrimitiveType",
                      "name": "",
                      "line": 29,
                      "column": 19,
                      "endLine": 29,
                      "endColumn": 21
                    },
                    {
                      "type": "BlockStmt",
                      "name": "",
                      "line": 29,
                      "column": 51,
                      "endLine": 40,
                      "endColumn": 5,
                      "children": [
                        {
                          "type": "IfStmt",
                          "name": "if(x < 1)",
                          "line": 30,
                          "column": 9,
                          "endLine": 32,
                          "endColumn": 9,
                          "attrs": {
                            "condition": "x < 1"
                          },
                          "children": [
                            {
                              "type": "BinaryExpr",
                              "name": "",
                              "line": 30,
                              "column": 13,
                              "endLine": 30,
                              "endColumn": 17,
                              "children": [
                                {
                                  "type": "NameExpr",
                                  "name": "x",
                                  "line": 30,
                                  "column": 13,
                                  "endLine": 30,
                                  "endColumn": 13,
                                  "children": [
                                    {
                                      "type": "SimpleName",
                                      "name": "",
                                      "line": 30,
                                      "column": 13,
                                      "endLine": 30,
                                      "endColumn": 13
                                    }
                                  ]
                                },
                                {
                                  "type": "IntegerLiteralExpr",
                                  "name": "",
                                  "line": 30,
                                  "column": 17,
                                  "endLine": 30,
                                  "endColumn": 17
                                }
                              ]
                            },
                            {
                              "type": "BlockStmt",
                              "name": "",
                              "line": 30,
                              "column": 20,
                              "endLine": 32,
                              "endColumn": 9,
                              "children": [
                                {
                                  "type": "ReturnStmt",
                                  "name": "return",
                                  "line": 31,
                                  "column": 13,
                                  "endLine": 31,
                                  "endColumn": 21,
                                  "attrs": {
                                    "expr": "1"
                                  },
                                  "children": [
                                    {
                                      "type": "IntegerLiteralExpr",
                                      "name": "",
                                      "line": 31,
                                      "column": 20,
                                      "endLine": 31,
                                      "endColumn": 20
                                    }
                                  ]
                                }
                              ]
                            }
                          ]
                        },
                        {
                          "type": "ExpressionStmt",
                          "name": "",
                          "line": 33,
                          "column": 9,
                          "endLine": 33,
                          "endColumn": 12,
                          "attrs": {
                            "code": "x--"
                          },
                          "children": [
                            {
                              "type": "UnaryExpr",
                              "name": "",
                              "line": 33,
                              "column": 9,
                              "endLine": 33,
                              "endColumn": 11,
                              "children": [
                                {
                                  "type": "NameExpr",
                                  "name": "x",
                                  "line": 33,
                                  "column": 9,
                                  "endLine": 33,
                                  "endColumn": 9,
                                  "children": [
                                    {
                                      "type": "SimpleName",
                                      "name": "",
                                      "line": 33,
                                      "column": 9,
                                      "endLine": 33,
                                      "endColumn": 9
                                    }
                                  ]
                                }
                              ]
                            }
                          ]
                        },
                        {
                          "type": "ExpressionStmt",
                          "name": "",
                          "line": 34,
                          "column": 9,
                          "endLine": 34,
                          "endColumn": 20,
                          "attrs": {
                            "code": "x |= x >> 1"
                          },
                          "children": [
                            {
                              "type": "AssignExpr",
                              "name": "",
                              "line": 34,
                              "column": 9,
                              "endLine": 34,
                              "endColumn": 19,
                              "attrs": {
                                "code": "x |= x >> 1"
                              },
                              "children": [
                                {
                                  "type": "NameExpr",
                                  "name": "x",
                                  "line": 34,
                                  "column": 9,
                                  "endLine": 34,
                                  "endColumn": 9,
                                  "children": [
                                    {
                                      "type": "SimpleName",
                                      "name": "",
                                      "line": 34,
                                      "column": 9,
                                      "endLine": 34,
                                      "endColumn": 9
                                    }
                                  ]
                                },
                                {
                                  "type": "BinaryExpr",
                                  "name": "",
                                  "line": 34,
                                  "column": 14,
                                  "endLine": 34,
                                  "endColumn": 19,
                                  "children": [
                                    {
                                      "type": "NameExpr",
                                      "name": "x",
                                      "line": 34,
                                      "column": 14,
                                      "endLine": 34,
                                      "endColumn": 14,
                                      "children": [
                                        {
                                          "type": "SimpleName",
                                          "name": "",
                                          "line": 34,
                                          "column": 14,
                                          "endLine": 34,
                                          "endColumn": 14
                                        }
                                      ]
                                    },
                                    {
                                      "type": "IntegerLiteralExpr",
                                      "name": "",
                                      "line": 34,
                                      "column": 19,
                                      "endLine": 34,
                                      "endColumn": 19
                                    }
                                  ]
                                }
                              ]
                            }
                          ]
                        },
                        {
                          "type": "ExpressionStmt",
                          "name": "",
                          "line": 35,
                          "column": 9,
                          "endLine": 35,
                          "endColumn": 20,
                          "attrs": {
                            "code": "x |= x >> 2"
                          },
                          "children": [
                            {
                              "type": "AssignExpr",
                              "name": "",
                              "line": 35,
                              "column": 9,
                              "endLine": 35,
                              "endColumn": 19,
                              "attrs": {
                                "code": "x |= x >> 2"
                              },
                              "children": [
                                {
                                  "type": "NameExpr",
                                  "name": "x",
                                  "line": 35,
                                  "column": 9,
                                  "endLine": 35,
                                  "endColumn": 9,
                                  "children": [
                                    {
                                      "type": "SimpleName",
                                      "name": "",
                                      "line": 35,
                                      "column": 9,
                                      "endLine": 35,
                                      "endColumn": 9
                                    }
                                  ]
                                },
                                {
                                  "type": "BinaryExpr",
                                  "name": "",
                                  "line": 35,
                                  "column": 14,
                                  "endLine": 35,
                                  "endColumn": 19,
                                  "children": [
                                    {
                                      "type": "NameExpr",
                                      "name": "x",
                                      "line": 35,
                                      "column": 14,
                                      "endLine": 35,
                                      "endColumn": 14,
                                      "children": [
                                        {
                                          "type": "SimpleName",
                                          "name": "",
                                          "line": 35,
                                          "column": 14,
                                          "endLine": 35,
                                          "endColumn": 14
                                        }
                                      ]
                                    },
                                    {
                                      "type": "IntegerLiteralExpr",
                                      "name": "",
                                      "line": 35,
                                      "column": 19,
                                      "endLine": 35,
                                      "endColumn": 19
                                    }
                                  ]
                                }
                              ]
                            }
                          ]
                        },
                        {
                          "type": "ExpressionStmt",
                          "name": "",
                          "line": 36,
                          "column": 9,
                          "endLine": 36,
                          "endColumn": 20,
                          "attrs": {
                            "code": "x |= x >> 4"
                          },
                          "children": [
                            {
                              "type": "AssignExpr",
                              "name": "",
                              "line": 36,
                              "column": 9,
                              "endLine": 36,
                              "endColumn": 19,
                              "attrs": {
                                "code": "x |= x >> 4"
                              },
                              "children": [
                                {
                                  "type": "NameExpr",
                                  "name": "x",
                                  "line": 36,
                                  "column": 9,
                                  "endLine": 36,
                                  "endColumn": 9,
                                  "children": [
                                    {
                                      "type": "SimpleName",
                                      "name": "",
                                      "line": 36,
                                      "column": 9,
                                      "endLine": 36,
                                      "endColumn": 9
                                    }
                                  ]
                                },
                                {
                                  "type": "BinaryExpr",
                                  "name": "",
                                  "line": 36,
                                  "column": 14,
                                  "endLine": 36,
                                  "endColumn": 19,
                                  "children": [
                                    {
                                      "type": "NameExpr",
                                      "name": "x",
                                      "line": 36,
                                      "column": 14,
                                      "endLine": 36,
                                      "endColumn": 14,
                                      "children": [
                                        {
                                          "type": "SimpleName",
                                          "name": "",
                                          "line": 36,
                                          "column": 14,
                                          "endLine": 36,
                                          "endColumn": 14
                                        }
                                      ]
                                    },
                                    {
                                      "type": "IntegerLiteralExpr",
                                      "name": "",
                                      "line": 36,
                                      "column": 19,
                                      "endLine": 36,
                                      "endColumn": 19
                                    }
                                  ]
                                }
                              ]
                            }
                          ]
                        },
                        {
                          "type": "ExpressionStmt",
                          "name": "",
                          "line": 37,
                          "column": 9,
                          "endLine": 37,
                          "endColumn": 20,
                          "attrs": {
                            "code": "x |= x >> 8"
                          },
                          "children": [
                            {
                              "type": "AssignExpr",
                              "name": "",
                              "line": 37,
                              "column": 9,
                              "endLine": 37,
                              "endColumn": 19,
                              "attrs": {
                                "code": "x |= x >> 8"
                              },
                              "children": [
                                {
                                  "type": "NameExpr",
                                  "name": "x",
                                  "line": 37,
                                  "column": 9,
                                  "endLine": 37,
                                  "endColumn": 9,
                                  "children": [
                                    {
                                      "type": "SimpleName",
                                      "name": "",
                                      "line": 37,
                                      "column": 9,
                                      "endLine": 37,
                                      "endColumn": 9
                                    }
                                  ]
                                },
                                {
                                  "type": "BinaryExpr",
                                  "name": "",
                                  "line": 37,
                                  "column": 14,
                                  "endLine": 37,
                                  "endColumn": 19,
                                  "children": [
                                    {
                                      "type": "NameExpr",
                                      "name": "x",
                                      "line": 37,
                                      "column": 14,
                                      "endLine": 37,
                                      "endColumn": 14,
                                      "children": [
                                        {
                                          "type": "SimpleName",
                                          "name": "",
                                          "line": 37,
                                          "column": 14,
                                          "endLine": 37,
                                          "endColumn": 14
                                        }
                                      ]
                                    },
                                    {
                                      "type": "IntegerLiteralExpr",
                                      "name": "",
                                      "line": 37,
                                      "column": 19,
                                      "endLine": 37,
                                      "endColumn": 19
                                    }
                                  ]
                                }
                              ]
                            }
                          ]
                        },
                        {
                          "type": "ExpressionStmt",
                          "name": "",
                          "line": 38,
                          "column": 9,
                          "endLine": 38,
                          "endColumn": 21,
                          "attrs": {
                            "code": "x |= x >> 16"
                          },
                          "children": [
                            {
                              "type": "AssignExpr",
                              "name": "",
                              "line": 38,
                              "column": 9,
                              "endLine": 38,
                              "endColumn": 20,
                              "attrs": {
                                "code": "x |= x >> 16"
                              },
                              "children": [
                                {
                                  "type": "NameExpr",
                                  "name": "x",
                                  "line": 38,
                                  "column": 9,
                                  "endLine": 38,
                                  "endColumn": 9,
                                  "children": [
                                    {
                                      "type": "SimpleName",
                                      "name": "",
                                      "line": 38,
                                      "column": 9,
                                      "endLine": 38,
                                      "endColumn": 9
                                    }
                                  ]
                                },
                                {
                                  "type": "BinaryExpr",
                                  "name": "",
                                  "line": 38,
                                  "column": 14,
                                  "endLine": 38,
                                  "endColumn": 20,
                                  "children": [
                                    {
                                      "type": "NameExpr",
                                      "name": "x",
                                      "line": 38,
                                      "column": 14,
                                      "endLine": 38,
                                      "endColumn": 14,
                                      "children": [
                                        {
                                          "type": "SimpleName",
                                          "name": "",
                                          "line": 38,
                                          "column": 14,
                                          "endLine": 38,
                                          "endColumn": 14
                                        }
                                      ]
                                    },
                                    {
                                      "type": "IntegerLiteralExpr",
                                      "name": "",
                                      "line": 38,
                                      "column": 19,
                                      "endLine": 38,
                                      "endColumn": 20
                                    }
                                  ]
                                }
                              ]
                            }
                          ]
                        },
                        {
                          "type": "ReturnStmt",
                          "name": "return",
                          "line": 39,
                          "column": 9,
                          "endLine": 39,
                          "endColumn": 21,
                          "attrs": {
                            "expr": "x + 1"
                          },
                          "children": [
                            {
                              "type": "BinaryExpr",
                              "name": "",
                              "line": 39,
                              "column": 16,
                              "endLine": 39,
                              "endColumn": 20,
                              "children": [
                                {
                                  "type": "NameExpr",
                                  "name": "x",
                                  "line": 39,
                                  "column": 16,
                                  "endLine": 39,
                                  "endColumn": 16,
                                  "children": [
                                    {
                                      "type": "SimpleName",
                                      "name": "",
                                      "line": 39,
                                      "column": 16,
                                      "endLine": 39,
                                      "endColumn": 16
                                    }
                                  ]
                                },
                                {
                                  "type": "IntegerLiteralExpr",
                                  "name": "",
                                  "line": 39,
                                  "column": 20,
                                  "endLine": 39,
                                  "endColumn": 20
                                }
                              ]
                            }
                          ]
                        }
                      ]
                    }
                  ]
                },
                {
                  "type": "MethodDeclaration",
                  "name": "nextLowerPowerOfTwo",
                  "line": 48,
                  "column": 5,
                  "endLine": 53,
                  "endColumn": 5,
                  "value": "int",
                  "attrs": {
                    "modifiers": "[public , static ]",
                    "typeParams": "[]",
                    "throws": "[]",
                    "annotations": "[]",
                    "type": "int",
                    "params": "[int x]"
                  },
                  "children": [
                    {
                      "type": "Javadoc",
                      "name": "",
                      "line": 42,
                      "column": 5,
                      "endLine": 47,
                      "endColumn": 7,
                      "value": "\n     * Finds the next lower power of two.\n     *\n     * @param x The given number.\n     * @return The next lower power of two.\n     "
                    },
                    {
                      "type": "Modifier",
                      "name": "",
                      "line": 48,
                      "column": 5,
                      "endLine": 48,
                      "endColumn": 10
                    },
                    {
                      "type": "Modifier",
                      "name": "",
                      "line": 48,
                      "column": 12,
                      "endLine": 48,
                      "endColumn": 17
                    },
                    {
                      "type": "SimpleName",
                      "name": "",
                      "line": 48,
                      "column": 23,
                      "endLine": 48,
                      "endColumn": 41
                    },
                    {
                      "type": "Parameter",
                      "name": "x",
                      "line": 48,
                      "column": 43,
                      "endLine": 48,
                      "endColumn": 47,
                      "attrs": {
                        "modifiers": "[]",
                        "type": "int",
                        "isVarArgs": "false",
                        "annotations": "[]"
                      },
                      "children": [
                        {
                          "type": "PrimitiveType",
                          "name": "",
                          "line": 48,
                          "column": 43,
                          "endLine": 48,
                          "endColumn": 45
                        },
                        {
                          "type": "SimpleName",
                          "name": "",
                          "line": 48,
                          "column": 47,
                          "endLine": 48,
                          "endColumn": 47
                        }
                      ]
                    },
                    {
                      "type": "PrimitiveType",
                      "name": "",
                      "line": 48,
                      "column": 19,
                      "endLine": 48,
                      "endColumn": 21
                    },
                    {
                      "type": "BlockStmt",
                      "name": "",
                      "line": 48,
                      "column": 50,
                      "endLine": 53,
                      "endColumn": 5,
                      "children": [
                        {
                          "type": "IfStmt",
                          "name": "if(x < 1)",
                          "line": 49,
                          "column": 9,
                          "endLine": 51,
                          "endColumn": 9,
                          "attrs": {
                            "condition": "x < 1"
                          },
                          "children": [
                            {
                              "type": "BinaryExpr",
                              "name": "",
                              "line": 49,
                              "column": 13,
                              "endLine": 49,
                              "endColumn": 17,
                              "children": [
                                {
                                  "type": "NameExpr",
                                  "name": "x",
                                  "line": 49,
                                  "column": 13,
                                  "endLine": 49,
                                  "endColumn": 13,
                                  "children": [
                                    {
                                      "type": "SimpleName",
                                      "name": "",
                                      "line": 49,
                                      "column": 13,
                                      "endLine": 49,
                                      "endColumn": 13
                                    }
                                  ]
                                },
                                {
                                  "type": "IntegerLiteralExpr",
                                  "name": "",
                                  "line": 49,
                                  "column": 17,
                                  "endLine": 49,
                                  "endColumn": 17
                                }
                              ]
                            },
                            {
                              "type": "BlockStmt",
                              "name": "",
                              "line": 49,
                              "column": 20,
                              "endLine": 51,
                              "endColumn": 9,
                              "children": [
                                {
                                  "type": "ReturnStmt",
                                  "name": "return",
                                  "line": 50,
                                  "column": 13,
                                  "endLine": 50,
                                  "endColumn": 21,
                                  "attrs": {
                                    "expr": "0"
                                  },
                                  "children": [
                                    {
                                      "type": "IntegerLiteralExpr",
                                      "name": "",
                                      "line": 50,
                                      "column": 20,
                                      "endLine": 50,
                                      "endColumn": 20
                                    }
                                  ]
                                }
                              ]
                            }
                          ]
                        },
                        {
                          "type": "ReturnStmt",
                          "name": "return",
                          "line": 52,
                          "column": 9,
                          "endLine": 52,
                          "endColumn": 40,
                          "attrs": {
                            "expr": "Integer.highestOneBit(x)"
                          },
                          "children": [
                            {
                              "type": "MethodCallExpr",
                              "name": "highestOneBit",
                              "line": 52,
                              "column": 16,
                              "endLine": 52,
                              "endColumn": 39,
                              "attrs": {
                                "args": "[x]",
                                "code": "Integer.highestOneBit(x)"
                              },
                              "children": [
                                {
                                  "type": "NameExpr",
                                  "name": "Integer",
                                  "line": 52,
                                  "column": 16,
                                  "endLine": 52,
                                  "endColumn": 22,
                                  "children": [
                                    {
                                      "type": "SimpleName",
                                      "name": "",
                                      "line": 52,
                                      "column": 16,
                                      "endLine": 52,
                                      "endColumn": 22
                                    }
                                  ]
                                },
                                {
                                  "type": "SimpleName",
                                  "name": "",
                                  "line": 52,
                                  "column": 24,
                                  "endLine": 52,
                                  "endColumn": 36
                                },
                                {
                                  "type": "NameExpr",
                                  "name": "x",
                                  "line": 52,
                                  "column": 38,
                                  "endLine": 52,
                                  "endColumn": 38,
                                  "children": [
                                    {
                                      "type": "SimpleName",
                                      "name": "",
                                      "line": 52,
                                      "column": 38,
                                      "endLine": 52,
                                      "endColumn": 38
                                    }
                                  ]
                                }
                              ]
                            }
                          ]
                        }
                      ]
                    }
                  ]
                }
              ]
            }
          ]
        }
      ]
    }
  ]
}