{
  "type": "Project",
  "name": "Project",
  "children": [
    {
      "type": "File",
      "name": "UndirectedAdjacencyListGraph.java",
      "value": "D:\\py-java-transform\\java to py\\java-to-python-main\\java-to-python-main\\src\\com\\example\\example\\java\\com\\thealgorithms\\datastructures\\graphs\\UndirectedAdjacencyListGraph\\UndirectedAdjacencyListGraph.java",
      "children": [
        {
          "type": "CompilationUnit",
          "name": "",
          "line": 1,
          "column": 1,
          "endLine": 69,
          "endColumn": 2,
          "children": [
            {
              "type": "PackageDeclaration",
              "name": "com.thealgorithms.datastructures.graphs",
              "line": 1,
              "column": 1,
              "endLine": 1,
              "endColumn": 48,
              "attrs": {
                "name": "com.thealgorithms.datastructures.graphs"
              },
              "children": [
                {
                  "type": "Name",
                  "name": "",
                  "line": 1,
                  "column": 9,
                  "endLine": 1,
                  "endColumn": 47,
                  "children": [
                    {
                      "type": "Name",
                      "name": "",
                      "line": 1,
                      "column": 9,
                      "endLine": 1,
                      "endColumn": 40,
                      "children": [
                        {
                          "type": "Name",
                          "name": "",
                          "line": 1,
                          "column": 9,
                          "endLine": 1,
                          "endColumn": 25,
                          "children": [
                            {
                              "type": "Name",
                              "name": "",
                              "line": 1,
                              "column": 9,
                              "endLine": 1,
                              "endColumn": 11
                            }
                          ]
                        }
                      ]
                    }
                  ]
                }
              ]
            },
            {
              "type": "ImportDeclaration",
              "name": "java.util.ArrayList",
              "line": 3,
              "column": 1,
              "endLine": 3,
              "endColumn": 27,
              "attrs": {
                "name": "java.util.ArrayList",
                "isStatic": "false",
                "isAsterisk": "false"
              },
              "children": [
                {
                  "type": "Name",
                  "name": "",
                  "line": 3,
                  "column": 8,
                  "endLine": 3,
                  "endColumn": 26,
                  "children": [
                    {
                      "type": "Name",
                      "name": "",
                      "line": 3,
                      "column": 8,
                      "endLine": 3,
                      "endColumn": 16,
                      "children": [
                        {
                          "type": "Name",
                          "name": "",
                          "line": 3,
                          "column": 8,
                          "endLine": 3,
                          "endColumn": 11
                        }
                      ]
                    }
                  ]
                }
              ]
            },
            {
              "type": "ImportDeclaration",
              "name": "java.util.HashMap",
              "line": 4,
              "column": 1,
              "endLine": 4,
              "endColumn": 25,
              "attrs": {
                "name": "java.util.HashMap",
                "isStatic": "false",
                "isAsterisk": "false"
              },
              "children": [
                {
                  "type": "Name",
                  "name": "",
                  "line": 4,
                  "column": 8,
                  "endLine": 4,
                  "endColumn": 24,
                  "children": [
                    {
                      "type": "Name",
                      "name": "",
                      "line": 4,
                      "column": 8,
                      "endLine": 4,
                      "endColumn": 16,
                      "children": [
                        {
                          "type": "Name",
                          "name": "",
                          "line": 4,
                          "column": 8,
                          "endLine": 4,
                          "endColumn": 11
                        }
                      ]
                    }
                  ]
                }
              ]
            },
            {
              "type": "ImportDeclaration",
              "name": "java.util.HashSet",
              "line": 5,
              "column": 1,
              "endLine": 5,
              "endColumn": 25,
              "attrs": {
                "name": "java.util.HashSet",
                "isStatic": "false",
                "isAsterisk": "false"
              },
              "children": [
                {
                  "type": "Name",
                  "name": "",
                  "line": 5,
                  "column": 8,
                  "endLine": 5,
                  "endColumn": 24,
                  "children": [
                    {
                      "type": "Name",
                      "name": "",
                      "line": 5,
                      "column": 8,
                      "endLine": 5,
                      "endColumn": 16,
                      "children": [
                        {
                          "type": "Name",
                          "name": "",
                          "line": 5,
                          "column": 8,
                          "endLine": 5,
                          "endColumn": 11
                        }
                      ]
                    }
                  ]
                }
              ]
            },
            {
              "type": "ClassOrInterfaceDeclaration",
              "name": "UndirectedAdjacencyListGraph",
              "line": 7,
              "column": 1,
              "endLine": 69,
              "endColumn": 1,
              "value": "class",
              "attrs": {
                "modifiers": "[public ]",
                "typeParams": "[]",
                "extends": "[]",
                "implements": "[]",
                "annotations": "[]"
              },
              "children": [
                {
                  "type": "Modifier",
                  "name": "",
                  "line": 7,
                  "column": 1,
                  "endLine": 7,
                  "endColumn": 6
                },
                {
                  "type": "SimpleName",
                  "name": "",
                  "line": 7,
                  "column": 14,
                  "endLine": 7,
                  "endColumn": 41
                },
                {
                  "type": "FieldDeclaration",
                  "name": "",
                  "line": 8,
                  "column": 5,
                  "endLine": 8,
                  "endColumn": 83,
                  "value": "ArrayList<HashMap<Integer,Integer>>",
                  "attrs": {
                    "modifiers": "[private ]",
                    "annotations": "[]"
                  },
                  "children": [
                    {
                      "type": "Modifier",
                      "name": "",
                      "line": 8,
                      "column": 5,
                      "endLine": 8,
                      "endColumn": 11
                    },
                    {
                      "type": "VariableDeclarator",
                      "name": "adjacencyList",
                      "line": 8,
                      "column": 50,
                      "endLine": 8,
                      "endColumn": 82,
                      "value": "ArrayList<HashMap<Integer,Integer>>",
                      "attrs": {
                        "initializer": "new ArrayList<>()",
                        "type": "ArrayList<HashMap<Integer, Integer>>"
                      },
                      "children": [
                        {
                          "type": "ClassOrInterfaceType",
                          "name": "ArrayList",
                          "line": 8,
                          "column": 13,
                          "endLine": 8,
                          "endColumn": 48,
                          "attrs": {
                            "typeArgs": "[HashMap<Integer, Integer>]"
                          },
                          "children": [
                            {
                              "type": "SimpleName",
                              "name": "",
                              "line": 8,
                              "column": 13,
                              "endLine": 8,
                              "endColumn": 21
                            },
                            {
                              "type": "ClassOrInterfaceType",
                              "name": "HashMap",
                              "line": 8,
                              "column": 23,
                              "endLine": 8,
                              "endColumn": 47,
                              "attrs": {
                                "typeArgs": "[Integer, Integer]"
                              },
                              "children": [
                                {
                                  "type": "SimpleName",
                                  "name": "",
                                  "line": 8,
                                  "column": 23,
                                  "endLine": 8,
                                  "endColumn": 29
                                },
                                {
                                  "type": "ClassOrInterfaceType",
                                  "name": "Integer",
                                  "line": 8,
                                  "column": 31,
                                  "endLine": 8,
                                  "endColumn": 37,
                                  "children": [
                                    {
                                      "type": "SimpleName",
                                      "name": "",
                                      "line": 8,
                                      "column": 31,
                                      "endLine": 8,
                                      "endColumn": 37
                                    }
                                  ]
                                },
                                {
                                  "type": "ClassOrInterfaceType",
                                  "name": "Integer",
                                  "line": 8,
                                  "column": 40,
                                  "endLine": 8,
                                  "endColumn": 46,
                                  "children": [
                                    {
                                      "type": "SimpleName",
                                      "name": "",
                                      "line": 8,
                                      "column": 40,
                                      "endLine": 8,
                                      "endColumn": 46
                                    }
                                  ]
                                }
                              ]
                            }
                          ]
                        },
                        {
                          "type": "SimpleName",
                          "name": "",
                          "line": 8,
                          "column": 50,
                          "endLine": 8,
                          "endColumn": 62
                        },
                        {
                          "type": "ObjectCreationExpr",
                          "name": "new ArrayList<>",
                          "line": 8,
                          "column": 66,
                          "endLine": 8,
                          "endColumn": 82,
                          "attrs": {
                            "type": "ArrayList<>",
                            "hasAnonymousClassBody": "false",
                            "args": "[]"
                          },
                          "children": [
                            {
                              "type": "ClassOrInterfaceType",
                              "name": "ArrayList",
                              "line": 8,
                              "column": 70,
                              "endLine": 8,
                              "endColumn": 80,
                              "attrs": {
                                "typeArgs": "[]"
                              },
                              "children": [
                                {
                                  "type": "SimpleName",
                                  "name": "",
                                  "line": 8,
                                  "column": 70,
                                  "endLine": 8,
                                  "endColumn": 78
                                }
                              ]
                            }
                          ]
                        }
                      ]
                    }
                  ]
                },
                {
                  "type": "MethodDeclaration",
                  "name": "addNode",
                  "line": 14,
                  "column": 5,
                  "endLine": 17,
                  "endColumn": 5,
                  "value": "int",
                  "attrs": {
                    "modifiers": "[public ]",
                    "typeParams": "[]",
                    "throws": "[]",
                    "annotations": "[]",
                    "type": "int",
                    "params": "[]"
                  },
                  "children": [
                    {
                      "type": "Javadoc",
                      "name": "",
                      "line": 10,
                      "column": 5,
                      "endLine": 13,
                      "endColumn": 7,
                      "value": "\n     * Adds a new node to the graph by adding an empty HashMap for its neighbors.\n     * @return the index of the newly added node in the adjacency list\n     "
                    },
                    {
                      "type": "Modifier",
                      "name": "",
                      "line": 14,
                      "column": 5,
                      "endLine": 14,
                      "endColumn": 10
                    },
                    {
                      "type": "SimpleName",
                      "name": "",
                      "line": 14,
                      "column": 16,
                      "endLine": 14,
                      "endColumn": 22
                    },
                    {
                      "type": "PrimitiveType",
                      "name": "",
                      "line": 14,
                      "column": 12,
                      "endLine": 14,
                      "endColumn": 14
                    },
                    {
                      "type": "BlockStmt",
                      "name": "",
                      "line": 14,
                      "column": 26,
                      "endLine": 17,
                      "endColumn": 5,
                      "children": [
                        {
                          "type": "ExpressionStmt",
                          "name": "",
                          "line": 15,
                          "column": 9,
                          "endLine": 15,
                          "endColumn": 43,
                          "attrs": {
                            "code": "adjacencyList.add(new HashMap<>())"
                          },
                          "children": [
                            {
                              "type": "MethodCallExpr",
                              "name": "add",
                              "line": 15,
                              "column": 9,
                              "endLine": 15,
                              "endColumn": 42,
                              "attrs": {
                                "args": "[new HashMap<>()]",
                                "code": "adjacencyList.add(new HashMap<>())"
                              },
                              "children": [
                                {
                                  "type": "NameExpr",
                                  "name": "adjacencyList",
                                  "line": 15,
                                  "column": 9,
                                  "endLine": 15,
                                  "endColumn": 21,
                                  "children": [
                                    {
                                      "type": "SimpleName",
                                      "name": "",
                                      "line": 15,
                                      "column": 9,
                                      "endLine": 15,
                                      "endColumn": 21
                                    }
                                  ]
                                },
                                {
                                  "type": "SimpleName",
                                  "name": "",
                                  "line": 15,
                                  "column": 23,
                                  "endLine": 15,
                                  "endColumn": 25
                                },
                                {
                                  "type": "ObjectCreationExpr",
                                  "name": "new HashMap<>",
                                  "line": 15,
                                  "column": 27,
                                  "endLine": 15,
                                  "endColumn": 41,
                                  "attrs": {
                                    "type": "HashMap<>",
                                    "hasAnonymousClassBody": "false",
                                    "args": "[]"
                                  },
                                  "children": [
                                    {
                                      "type": "ClassOrInterfaceType",
                                      "name": "HashMap",
                                      "line": 15,
                                      "column": 31,
                                      "endLine": 15,
                                      "endColumn": 39,
                                      "attrs": {
                                        "typeArgs": "[]"
                                      },
                                      "children": [
                                        {
                                          "type": "SimpleName",
                                          "name": "",
                                          "line": 15,
                                          "column": 31,
                                          "endLine": 15,
                                          "endColumn": 37
                                        }
                                      ]
                                    }
                                  ]
                                }
                              ]
                            }
                          ]
                        },
                        {
                          "type": "ReturnStmt",
                          "name": "return",
                          "line": 16,
                          "column": 9,
                          "endLine": 16,
                          "endColumn": 40,
                          "attrs": {
                            "expr": "adjacencyList.size() - 1"
                          },
                          "children": [
                            {
                              "type": "BinaryExpr",
                              "name": "",
                              "line": 16,
                              "column": 16,
                              "endLine": 16,
                              "endColumn": 39,
                              "children": [
                                {
                                  "type": "MethodCallExpr",
                                  "name": "size",
                                  "line": 16,
                                  "column": 16,
                                  "endLine": 16,
                                  "endColumn": 35,
                                  "attrs": {
                                    "args": "[]",
                                    "code": "adjacencyList.size()"
                                  },
                                  "children": [
                                    {
                                      "type": "NameExpr",
                                      "name": "adjacencyList",
                                      "line": 16,
                                      "column": 16,
                                      "endLine": 16,
                                      "endColumn": 28,
                                      "children": [
                                        {
                                          "type": "SimpleName",
                                          "name": "",
                                          "line": 16,
                                          "column": 16,
                                          "endLine": 16,
                                          "endColumn": 28
                                        }
                                      ]
                                    },
                                    {
                                      "type": "SimpleName",
                                      "name": "",
                                      "line": 16,
                                      "column": 30,
                                      "endLine": 16,
                                      "endColumn": 33
                                    }
                                  ]
                                },
                                {
                                  "type": "IntegerLiteralExpr",
                                  "name": "",
                                  "line": 16,
                                  "column": 39,
                                  "endLine": 16,
                                  "endColumn": 39
                                }
                              ]
                            }
                          ]
                        }
                      ]
                    }
                  ]
                },
                {
                  "type": "MethodDeclaration",
                  "name": "addEdge",
                  "line": 27,
                  "column": 5,
                  "endLine": 40,
                  "endColumn": 5,
                  "value": "boolean",
                  "attrs": {
                    "modifiers": "[public ]",
                    "typeParams": "[]",
                    "throws": "[]",
                    "annotations": "[]",
                    "type": "boolean",
                    "params": "[int orig, int dest, int weight]"
                  },
                  "children": [
                    {
                      "type": "Javadoc",
                      "name": "",
                      "line": 19,
                      "column": 5,
                      "endLine": 26,
                      "endColumn": 7,
                      "value": "\n     * Adds an undirected edge between the origin node (@orig) and the destination node (@dest) with the specified weight.\n     * If the edge already exists, no changes are made.\n     * @param orig the index of the origin node\n     * @param dest the index of the destination node\n     * @param weight the weight of the edge between @orig and @dest\n     * @return true if the edge was successfully added, false if the edge already exists or if any node index is invalid\n     "
                    },
                    {
                      "type": "Modifier",
                      "name": "",
                      "line": 27,
                      "column": 5,
                      "endLine": 27,
                      "endColumn": 10
                    },
                    {
                      "type": "SimpleName",
                      "name": "",
                      "line": 27,
                      "column": 20,
                      "endLine": 27,
                      "endColumn": 26
                    },
                    {
                      "type": "Parameter",
                      "name": "orig",
                      "line": 27,
                      "column": 28,
                      "endLine": 27,
                      "endColumn": 35,
                      "attrs": {
                        "modifiers": "[]",
                        "type": "int",
                        "isVarArgs": "false",
                        "annotations": "[]"
                      },
                      "children": [
                        {
                          "type": "PrimitiveType",
                          "name": "",
                          "line": 27,
                          "column": 28,
                          "endLine": 27,
                          "endColumn": 30
                        },
                        {
                          "type": "SimpleName",
                          "name": "",
                          "line": 27,
                          "column": 32,
                          "endLine": 27,
                          "endColumn": 35
                        }
                      ]
                    },
                    {
                      "type": "Parameter",
                      "name": "dest",
                      "line": 27,
                      "column": 38,
                      "endLine": 27,
                      "endColumn": 45,
                      "attrs": {
                        "modifiers": "[]",
                        "type": "int",
                        "isVarArgs": "false",
                        "annotations": "[]"
                      },
                      "children": [
                        {
                          "type": "PrimitiveType",
                          "name": "",
                          "line": 27,
                          "column": 38,
                          "endLine": 27,
                          "endColumn": 40
                        },
                        {
                          "type": "SimpleName",
                          "name": "",
                          "line": 27,
                          "column": 42,
                          "endLine": 27,
                          "endColumn": 45
                        }
                      ]
                    },
                    {
                      "type": "Parameter",
                      "name": "weight",
                      "line": 27,
                      "column": 48,
                      "endLine": 27,
                      "endColumn": 57,
                      "attrs": {
                        "modifiers": "[]",
                        "type": "int",
                        "isVarArgs": "false",
                        "annotations": "[]"
                      },
                      "children": [
                        {
                          "type": "PrimitiveType",
                          "name": "",
                          "line": 27,
                          "column": 48,
                          "endLine": 27,
                          "endColumn": 50
                        },
                        {
                          "type": "SimpleName",
                          "name": "",
                          "line": 27,
                          "column": 52,
                          "endLine": 27,
                          "endColumn": 57
                        }
                      ]
                    },
                    {
                      "type": "PrimitiveType",
                      "name": "",
                      "line": 27,
                      "column": 12,
                      "endLine": 27,
                      "endColumn": 18
                    },
                    {
                      "type": "BlockStmt",
                      "name": "",
                      "line": 27,
                      "column": 60,
                      "endLine": 40,
                      "endColumn": 5,
                      "children": [
                        {
                          "type": "ExpressionStmt",
                          "name": "",
                          "line": 28,
                          "column": 9,
                          "endLine": 28,
                          "endColumn": 44,
                          "attrs": {
                            "code": "int numNodes = adjacencyList.size()"
                          },
                          "children": [
                            {
                              "type": "VariableDeclarationExpr",
                              "name": "",
                              "line": 28,
                              "column": 9,
                              "endLine": 28,
                              "endColumn": 43,
                              "attrs": {
                                "modifiers": "[]",
                                "code": "int numNodes = adjacencyList.size()"
                              },
                              "children": [
                                {
                                  "type": "VariableDeclarator",
                                  "name": "numNodes",
                                  "line": 28,
                                  "column": 13,
                                  "endLine": 28,
                                  "endColumn": 43,
                                  "value": "int",
                                  "attrs": {
                                    "initializer": "adjacencyList.size()",
                                    "type": "int"
                                  },
                                  "children": [
                                    {
                                      "type": "PrimitiveType",
                                      "name": "",
                                      "line": 28,
                                      "column": 9,
                                      "endLine": 28,
                                      "endColumn": 11
                                    },
                                    {
                                      "type": "SimpleName",
                                      "name": "",
                                      "line": 28,
                                      "column": 13,
                                      "endLine": 28,
                                      "endColumn": 20
                                    },
                                    {
                                      "type": "MethodCallExpr",
                                      "name": "size",
                                      "line": 28,
                                      "column": 24,
                                      "endLine": 28,
                                      "endColumn": 43,
                                      "attrs": {
                                        "args": "[]",
                                        "code": "adjacencyList.size()"
                                      },
                                      "children": [
                                        {
                                          "type": "NameExpr",
                                          "name": "adjacencyList",
                                          "line": 28,
                                          "column": 24,
                                          "endLine": 28,
                                          "endColumn": 36,
                                          "children": [
                                            {
                                              "type": "SimpleName",
                                              "name": "",
                                              "line": 28,
                                              "column": 24,
                                              "endLine": 28,
                                              "endColumn": 36
                                            }
                                          ]
                                        },
                                        {
                                          "type": "SimpleName",
                                          "name": "",
                                          "line": 28,
                                          "column": 38,
                                          "endLine": 28,
                                          "endColumn": 41
                                        }
                                      ]
                                    }
                                  ]
                                }
                              ]
                            }
                          ]
                        },
                        {
                          "type": "IfStmt",
                          "name": "if(orig >= numNodes || dest >= numNodes || orig < 0 || dest < 0)",
                          "line": 29,
                          "column": 9,
                          "endLine": 31,
                          "endColumn": 9,
                          "attrs": {
                            "condition": "orig >= numNodes || dest >= numNodes || orig < 0 || dest < 0"
                          },
                          "children": [
                            {
                              "type": "BinaryExpr",
                              "name": "",
                              "line": 29,
                              "column": 13,
                              "endLine": 29,
                              "endColumn": 72,
                              "children": [
                                {
                                  "type": "BinaryExpr",
                                  "name": "",
                                  "line": 29,
                                  "column": 13,
                                  "endLine": 29,
                                  "endColumn": 60,
                                  "children": [
                                    {
                                      "type": "BinaryExpr",
                                      "name": "",
                                      "line": 29,
                                      "column": 13,
                                      "endLine": 29,
                                      "endColumn": 48,
                                      "children": [
                                        {
                                          "type": "BinaryExpr",
                                          "name": "",
                                          "line": 29,
                                          "column": 13,
                                          "endLine": 29,
                                          "endColumn": 28,
                                          "children": [
                                            {
                                              "type": "NameExpr",
                                              "name": "orig",
                                              "line": 29,
                                              "column": 13,
                                              "endLine": 29,
                                              "endColumn": 16,
                                              "children": [
                                                {
                                                  "type": "SimpleName",
                                                  "name": "",
                                                  "line": 29,
                                                  "column": 13,
                                                  "endLine": 29,
                                                  "endColumn": 16
                                                }
                                              ]
                                            },
                                            {
                                              "type": "NameExpr",
                                              "name": "numNodes",
                                              "line": 29,
                                              "column": 21,
                                              "endLine": 29,
                                              "endColumn": 28,
                                              "children": [
                                                {
                                                  "type": "SimpleName",
                                                  "name": "",
                                                  "line": 29,
                                                  "column": 21,
                                                  "endLine": 29,
                                                  "endColumn": 28
                                                }
                                              ]
                                            }
                                          ]
                                        },
                                        {
                                          "type": "BinaryExpr",
                                          "name": "",
                                          "line": 29,
                                          "column": 33,
                                          "endLine": 29,
                                          "endColumn": 48,
                                          "children": [
                                            {
                                              "type": "NameExpr",
                                              "name": "dest",
                                              "line": 29,
                                              "column": 33,
                                              "endLine": 29,
                                              "endColumn": 36,
                                              "children": [
                                                {
                                                  "type": "SimpleName",
                                                  "name": "",
                                                  "line": 29,
                                                  "column": 33,
                                                  "endLine": 29,
                                                  "endColumn": 36
                                                }
                                              ]
                                            },
                                            {
                                              "type": "NameExpr",
                                              "name": "numNodes",
                                              "line": 29,
                                              "column": 41,
                                              "endLine": 29,
                                              "endColumn": 48,
                                              "children": [
                                                {
                                                  "type": "SimpleName",
                                                  "name": "",
                                                  "line": 29,
                                                  "column": 41,
                                                  "endLine": 29,
                                                  "endColumn": 48
                                                }
                                              ]
                                            }
                                          ]
                                        }
                                      ]
                                    },
                                    {
                                      "type": "BinaryExpr",
                                      "name": "",
                                      "line": 29,
                                      "column": 53,
                                      "endLine": 29,
                                      "endColumn": 60,
                                      "children": [
                                        {
                                          "type": "NameExpr",
                                          "name": "orig",
                                          "line": 29,
                                          "column": 53,
                                          "endLine": 29,
                                          "endColumn": 56,
                                          "children": [
                                            {
                                              "type": "SimpleName",
                                              "name": "",
                                              "line": 29,
                                              "column": 53,
                                              "endLine": 29,
                                              "endColumn": 56
                                            }
                                          ]
                                        },
                                        {
                                          "type": "IntegerLiteralExpr",
                                          "name": "",
                                          "line": 29,
                                          "column": 60,
                                          "endLine": 29,
                                          "endColumn": 60
                                        }
                                      ]
                                    }
                                  ]
                                },
                                {
                                  "type": "BinaryExpr",
                                  "name": "",
                                  "line": 29,
                                  "column": 65,
                                  "endLine": 29,
                                  "endColumn": 72,
                                  "children": [
                                    {
                                      "type": "NameExpr",
                                      "name": "dest",
                                      "line": 29,
                                      "column": 65,
                                      "endLine": 29,
                                      "endColumn": 68,
                                      "children": [
                                        {
                                          "type": "SimpleName",
                                          "name": "",
                                          "line": 29,
                                          "column": 65,
                                          "endLine": 29,
                                          "endColumn": 68
                                        }
                                      ]
                                    },
                                    {
                                      "type": "IntegerLiteralExpr",
                                      "name": "",
                                      "line": 29,
                                      "column": 72,
                                      "endLine": 29,
                                      "endColumn": 72
                                    }
                                  ]
                                }
                              ]
                            },
                            {
                              "type": "BlockStmt",
                              "name": "",
                              "line": 29,
                              "column": 75,
                              "endLine": 31,
                              "endColumn": 9,
                              "children": [
                                {
                                  "type": "ReturnStmt",
                                  "name": "return",
                                  "line": 30,
                                  "column": 13,
                                  "endLine": 30,
                                  "endColumn": 25,
                                  "attrs": {
                                    "expr": "false"
                                  },
                                  "children": [
                                    {
                                      "type": "BooleanLiteralExpr",
                                      "name": "",
                                      "line": 30,
                                      "column": 20,
                                      "endLine": 30,
                                      "endColumn": 24
                                    }
                                  ]
                                }
                              ]
                            }
                          ]
                        },
                        {
                          "type": "IfStmt",
                          "name": "if(adjacencyList.get(orig).containsKey(dest))",
                          "line": 33,
                          "column": 9,
                          "endLine": 35,
                          "endColumn": 9,
                          "attrs": {
                            "condition": "adjacencyList.get(orig).containsKey(dest)"
                          },
                          "children": [
                            {
                              "type": "MethodCallExpr",
                              "name": "containsKey",
                              "line": 33,
                              "column": 13,
                              "endLine": 33,
                              "endColumn": 53,
                              "attrs": {
                                "args": "[dest]",
                                "code": "adjacencyList.get(orig).containsKey(dest)"
                              },
                              "children": [
                                {
                                  "type": "MethodCallExpr",
                                  "name": "get",
                                  "line": 33,
                                  "column": 13,
                                  "endLine": 33,
                                  "endColumn": 35,
                                  "attrs": {
                                    "args": "[orig]",
                                    "code": "adjacencyList.get(orig)"
                                  },
                                  "children": [
                                    {
                                      "type": "NameExpr",
                                      "name": "adjacencyList",
                                      "line": 33,
                                      "column": 13,
                                      "endLine": 33,
                                      "endColumn": 25,
                                      "children": [
                                        {
                                          "type": "SimpleName",
                                          "name": "",
                                          "line": 33,
                                          "column": 13,
                                          "endLine": 33,
                                          "endColumn": 25
                                        }
                                      ]
                                    },
                                    {
                                      "type": "SimpleName",
                                      "name": "",
                                      "line": 33,
                                      "column": 27,
                                      "endLine": 33,
                                      "endColumn": 29
                                    },
                                    {
                                      "type": "NameExpr",
                                      "name": "orig",
                                      "line": 33,
                                      "column": 31,
                                      "endLine": 33,
                                      "endColumn": 34,
                                      "children": [
                                        {
                                          "type": "SimpleName",
                                          "name": "",
                                          "line": 33,
                                          "column": 31,
                                          "endLine": 33,
                                          "endColumn": 34
                                        }
                                      ]
                                    }
                                  ]
                                },
                                {
                                  "type": "SimpleName",
                                  "name": "",
                                  "line": 33,
                                  "column": 37,
                                  "endLine": 33,
                                  "endColumn": 47
                                },
                                {
                                  "type": "NameExpr",
                                  "name": "dest",
                                  "line": 33,
                                  "column": 49,
                                  "endLine": 33,
                                  "endColumn": 52,
                                  "children": [
                                    {
                                      "type": "SimpleName",
                                      "name": "",
                                      "line": 33,
                                      "column": 49,
                                      "endLine": 33,
                                      "endColumn": 52
                                    }
                                  ]
                                }
                              ]
                            },
                            {
                              "type": "BlockStmt",
                              "name": "",
                              "line": 33,
                              "column": 56,
                              "endLine": 35,
                              "endColumn": 9,
                              "children": [
                                {
                                  "type": "ReturnStmt",
                                  "name": "return",
                                  "line": 34,
                                  "column": 13,
                                  "endLine": 34,
                                  "endColumn": 25,
                                  "attrs": {
                                    "expr": "false"
                                  },
                                  "children": [
                                    {
                                      "type": "BooleanLiteralExpr",
                                      "name": "",
                                      "line": 34,
                                      "column": 20,
                                      "endLine": 34,
                                      "endColumn": 24
                                    }
                                  ]
                                }
                              ]
                            }
                          ]
                        },
                        {
                          "type": "ExpressionStmt",
                          "name": "",
                          "line": 37,
                          "column": 9,
                          "endLine": 37,
                          "endColumn": 50,
                          "attrs": {
                            "code": "adjacencyList.get(orig).put(dest, weight)"
                          },
                          "children": [
                            {
                              "type": "MethodCallExpr",
                              "name": "put",
                              "line": 37,
                              "column": 9,
                              "endLine": 37,
                              "endColumn": 49,
                              "attrs": {
                                "args": "[dest, weight]",
                                "code": "adjacencyList.get(orig).put(dest, weight)"
                              },
                              "children": [
                                {
                                  "type": "MethodCallExpr",
                                  "name": "get",
                                  "line": 37,
                                  "column": 9,
                                  "endLine": 37,
                                  "endColumn": 31,
                                  "attrs": {
                                    "args": "[orig]",
                                    "code": "adjacencyList.get(orig)"
                                  },
                                  "children": [
                                    {
                                      "type": "NameExpr",
                                      "name": "adjacencyList",
                                      "line": 37,
                                      "column": 9,
                                      "endLine": 37,
                                      "endColumn": 21,
                                      "children": [
                                        {
                                          "type": "SimpleName",
                                          "name": "",
                                          "line": 37,
                                          "column": 9,
                                          "endLine": 37,
                                          "endColumn": 21
                                        }
                                      ]
                                    },
                                    {
                                      "type": "SimpleName",
                                      "name": "",
                                      "line": 37,
                                      "column": 23,
                                      "endLine": 37,
                                      "endColumn": 25
                                    },
                                    {
                                      "type": "NameExpr",
                                      "name": "orig",
                                      "line": 37,
                                      "column": 27,
                                      "endLine": 37,
                                      "endColumn": 30,
                                      "children": [
                                        {
                                          "type": "SimpleName",
                                          "name": "",
                                          "line": 37,
                                          "column": 27,
                                          "endLine": 37,
                                          "endColumn": 30
                                        }
                                      ]
                                    }
                                  ]
                                },
                                {
                                  "type": "SimpleName",
                                  "name": "",
                                  "line": 37,
                                  "column": 33,
                                  "endLine": 37,
                                  "endColumn": 35
                                },
                                {
                                  "type": "NameExpr",
                                  "name": "dest",
                                  "line": 37,
                                  "column": 37,
                                  "endLine": 37,
                                  "endColumn": 40,
                                  "children": [
                                    {
                                      "type": "SimpleName",
                                      "name": "",
                                      "line": 37,
                                      "column": 37,
                                      "endLine": 37,
                                      "endColumn": 40
                                    }
                                  ]
                                },
                                {
                                  "type": "NameExpr",
                                  "name": "weight",
                                  "line": 37,
                                  "column": 43,
                                  "endLine": 37,
                                  "endColumn": 48,
                                  "children": [
                                    {
                                      "type": "SimpleName",
                                      "name": "",
                                      "line": 37,
                                      "column": 43,
                                      "endLine": 37,
                                      "endColumn": 48
                                    }
                                  ]
                                }
                              ]
                            }
                          ]
                        },
                        {
                          "type": "ExpressionStmt",
                          "name": "",
                          "line": 38,
                          "column": 9,
                          "endLine": 38,
                          "endColumn": 50,
                          "attrs": {
                            "code": "adjacencyList.get(dest).put(orig, weight)"
                          },
                          "children": [
                            {
                              "type": "MethodCallExpr",
                              "name": "put",
                              "line": 38,
                              "column": 9,
                              "endLine": 38,
                              "endColumn": 49,
                              "attrs": {
                                "args": "[orig, weight]",
                                "code": "adjacencyList.get(dest).put(orig, weight)"
                              },
                              "children": [
                                {
                                  "type": "MethodCallExpr",
                                  "name": "get",
                                  "line": 38,
                                  "column": 9,
                                  "endLine": 38,
                                  "endColumn": 31,
                                  "attrs": {
                                    "args": "[dest]",
                                    "code": "adjacencyList.get(dest)"
                                  },
                                  "children": [
                                    {
                                      "type": "NameExpr",
                                      "name": "adjacencyList",
                                      "line": 38,
                                      "column": 9,
                                      "endLine": 38,
                                      "endColumn": 21,
                                      "children": [
                                        {
                                          "type": "SimpleName",
                                          "name": "",
                                          "line": 38,
                                          "column": 9,
                                          "endLine": 38,
                                          "endColumn": 21
                                        }
                                      ]
                                    },
                                    {
                                      "type": "SimpleName",
                                      "name": "",
                                      "line": 38,
                                      "column": 23,
                                      "endLine": 38,
                                      "endColumn": 25
                                    },
                                    {
                                      "type": "NameExpr",
                                      "name": "dest",
                                      "line": 38,
                                      "column": 27,
                                      "endLine": 38,
                                      "endColumn": 30,
                                      "children": [
                                        {
                                          "type": "SimpleName",
                                          "name": "",
                                          "line": 38,
                                          "column": 27,
                                          "endLine": 38,
                                          "endColumn": 30
                                        }
                                      ]
                                    }
                                  ]
                                },
                                {
                                  "type": "SimpleName",
                                  "name": "",
                                  "line": 38,
                                  "column": 33,
                                  "endLine": 38,
                                  "endColumn": 35
                                },
                                {
                                  "type": "NameExpr",
                                  "name": "orig",
                                  "line": 38,
                                  "column": 37,
                                  "endLine": 38,
                                  "endColumn": 40,
                                  "children": [
                                    {
                                      "type": "SimpleName",
                                      "name": "",
                                      "line": 38,
                                      "column": 37,
                                      "endLine": 38,
                                      "endColumn": 40
                                    }
                                  ]
                                },
                                {
                                  "type": "NameExpr",
                                  "name": "weight",
                                  "line": 38,
                                  "column": 43,
                                  "endLine": 38,
                                  "endColumn": 48,
                                  "children": [
                                    {
                                      "type": "SimpleName",
                                      "name": "",
                                      "line": 38,
                                      "column": 43,
                                      "endLine": 38,
                                      "endColumn": 48
                                    }
                                  ]
                                }
                              ]
                            }
                          ]
                        },
                        {
                          "type": "ReturnStmt",
                          "name": "return",
                          "line": 39,
                          "column": 9,
                          "endLine": 39,
                          "endColumn": 20,
                          "attrs": {
                            "expr": "true"
                          },
                          "children": [
                            {
                              "type": "BooleanLiteralExpr",
                              "name": "",
                              "line": 39,
                              "column": 16,
                              "endLine": 39,
                              "endColumn": 19
                            }
                          ]
                        }
                      ]
                    }
                  ]
                },
                {
                  "type": "MethodDeclaration",
                  "name": "getNeighbors",
                  "line": 47,
                  "column": 5,
                  "endLine": 49,
                  "endColumn": 5,
                  "value": "HashSet<Integer>",
                  "attrs": {
                    "modifiers": "[public ]",
                    "typeParams": "[]",
                    "throws": "[]",
                    "annotations": "[]",
                    "type": "HashSet<Integer>",
                    "params": "[int node]"
                  },
                  "children": [
                    {
                      "type": "Javadoc",
                      "name": "",
                      "line": 42,
                      "column": 5,
                      "endLine": 46,
                      "endColumn": 7,
                      "value": "\n     * Returns the set of all adjacent nodes (neighbors) for the given node.\n     * @param node the index of the node whose neighbors are to be retrieved\n     * @return a HashSet containing the indices of all neighboring nodes\n     "
                    },
                    {
                      "type": "Modifier",
                      "name": "",
                      "line": 47,
                      "column": 5,
                      "endLine": 47,
                      "endColumn": 10
                    },
                    {
                      "type": "SimpleName",
                      "name": "",
                      "line": 47,
                      "column": 29,
                      "endLine": 47,
                      "endColumn": 40
                    },
                    {
                      "type": "Parameter",
                      "name": "node",
                      "line": 47,
                      "column": 42,
                      "endLine": 47,
                      "endColumn": 49,
                      "attrs": {
                        "modifiers": "[]",
                        "type": "int",
                        "isVarArgs": "false",
                        "annotations": "[]"
                      },
                      "children": [
                        {
                          "type": "PrimitiveType",
                          "name": "",
                          "line": 47,
                          "column": 42,
                          "endLine": 47,
                          "endColumn": 44
                        },
                        {
                          "type": "SimpleName",
                          "name": "",
                          "line": 47,
                          "column": 46,
                          "endLine": 47,
                          "endColumn": 49
                        }
                      ]
                    },
                    {
                      "type": "ClassOrInterfaceType",
                      "name": "HashSet",
                      "line": 47,
                      "column": 12,
                      "endLine": 47,
                      "endColumn": 27,
                      "attrs": {
                        "typeArgs": "[Integer]"
                      },
                      "children": [
                        {
                          "type": "SimpleName",
                          "name": "",
                          "line": 47,
                          "column": 12,
                          "endLine": 47,
                          "endColumn": 18
                        },
                        {
                          "type": "ClassOrInterfaceType",
                          "name": "Integer",
                          "line": 47,
                          "column": 20,
                          "endLine": 47,
                          "endColumn": 26,
                          "children": [
                            {
                              "type": "SimpleName",
                              "name": "",
                              "line": 47,
                              "column": 20,
                              "endLine": 47,
                              "endColumn": 26
                            }
                          ]
                        }
                      ]
                    },
                    {
                      "type": "BlockStmt",
                      "name": "",
                      "line": 47,
                      "column": 52,
                      "endLine": 49,
                      "endColumn": 5,
                      "children": [
                        {
                          "type": "ReturnStmt",
                          "name": "return",
                          "line": 48,
                          "column": 9,
                          "endLine": 48,
                          "endColumn": 63,
                          "attrs": {
                            "expr": "new HashSet<>(adjacencyList.get(node).keySet())"
                          },
                          "children": [
                            {
                              "type": "ObjectCreationExpr",
                              "name": "new HashSet<>",
                              "line": 48,
                              "column": 16,
                              "endLine": 48,
                              "endColumn": 62,
                              "attrs": {
                                "type": "HashSet<>",
                                "hasAnonymousClassBody": "false",
                                "args": "[adjacencyList.get(node).keySet()]"
                              },
                              "children": [
                                {
                                  "type": "ClassOrInterfaceType",
                                  "name": "HashSet",
                                  "line": 48,
                                  "column": 20,
                                  "endLine": 48,
                                  "endColumn": 28,
                                  "attrs": {
                                    "typeArgs": "[]"
                                  },
                                  "children": [
                                    {
                                      "type": "SimpleName",
                                      "name": "",
                                      "line": 48,
                                      "column": 20,
                                      "endLine": 48,
                                      "endColumn": 26
                                    }
                                  ]
                                },
                                {
                                  "type": "MethodCallExpr",
                                  "name": "keySet",
                                  "line": 48,
                                  "column": 30,
                                  "endLine": 48,
                                  "endColumn": 61,
                                  "attrs": {
                                    "args": "[]",
                                    "code": "adjacencyList.get(node).keySet()"
                                  },
                                  "children": [
                                    {
                                      "type": "MethodCallExpr",
                                      "name": "get",
                                      "line": 48,
                                      "column": 30,
                                      "endLine": 48,
                                      "endColumn": 52,
                                      "attrs": {
                                        "args": "[node]",
                                        "code": "adjacencyList.get(node)"
                                      },
                                      "children": [
                                        {
                                          "type": "NameExpr",
                                          "name": "adjacencyList",
                                          "line": 48,
                                          "column": 30,
                                          "endLine": 48,
                                          "endColumn": 42,
                                          "children": [
                                            {
                                              "type": "SimpleName",
                                              "name": "",
                                              "line": 48,
                                              "column": 30,
                                              "endLine": 48,
                                              "endColumn": 42
                                            }
                                          ]
                                        },
                                        {
                                          "type": "SimpleName",
                                          "name": "",
                                          "line": 48,
                                          "column": 44,
                                          "endLine": 48,
                                          "endColumn": 46
                                        },
                                        {
                                          "type": "NameExpr",
                                          "name": "node",
                                          "line": 48,
                                          "column": 48,
                                          "endLine": 48,
                                          "endColumn": 51,
                                          "children": [
                                            {
                                              "type": "SimpleName",
                                              "name": "",
                                              "line": 48,
                                              "column": 48,
                                              "endLine": 48,
                                              "endColumn": 51
                                            }
                                          ]
                                        }
                                      ]
                                    },
                                    {
                                      "type": "SimpleName",
                                      "name": "",
                                      "line": 48,
                                      "column": 54,
                                      "endLine": 48,
                                      "endColumn": 59
                                    }
                                  ]
                                }
                              ]
                            }
                          ]
                        }
                      ]
                    }
                  ]
                },
                {
                  "type": "MethodDeclaration",
                  "name": "getEdgeWeight",
                  "line": 58,
                  "column": 5,
                  "endLine": 60,
                  "endColumn": 5,
                  "value": "Integer",
                  "attrs": {
                    "modifiers": "[public ]",
                    "typeParams": "[]",
                    "throws": "[]",
                    "annotations": "[]",
                    "type": "Integer",
                    "params": "[int orig, int dest]"
                  },
                  "children": [
                    {
                      "type": "Javadoc",
                      "name": "",
                      "line": 51,
                      "column": 5,
                      "endLine": 57,
                      "endColumn": 7,
                      "value": "\n     * Returns the weight of the edge between the origin node (@orig) and the destination node (@dest).\n     * If no edge exists, returns null.\n     * @param orig the index of the origin node\n     * @param dest the index of the destination node\n     * @return the weight of the edge between @orig and @dest, or null if no edge exists\n     "
                    },
                    {
                      "type": "Modifier",
                      "name": "",
                      "line": 58,
                      "column": 5,
                      "endLine": 58,
                      "endColumn": 10
                    },
                    {
                      "type": "SimpleName",
                      "name": "",
                      "line": 58,
                      "column": 20,
                      "endLine": 58,
                      "endColumn": 32
                    },
                    {
                      "type": "Parameter",
                      "name": "orig",
                      "line": 58,
                      "column": 34,
                      "endLine": 58,
                      "endColumn": 41,
                      "attrs": {
                        "modifiers": "[]",
                        "type": "int",
                        "isVarArgs": "false",
                        "annotations": "[]"
                      },
                      "children": [
                        {
                          "type": "PrimitiveType",
                          "name": "",
                          "line": 58,
                          "column": 34,
                          "endLine": 58,
                          "endColumn": 36
                        },
                        {
                          "type": "SimpleName",
                          "name": "",
                          "line": 58,
                          "column": 38,
                          "endLine": 58,
                          "endColumn": 41
                        }
                      ]
                    },
                    {
                      "type": "Parameter",
                      "name": "dest",
                      "line": 58,
                      "column": 44,
                      "endLine": 58,
                      "endColumn": 51,
                      "attrs": {
                        "modifiers": "[]",
                        "type": "int",
                        "isVarArgs": "false",
                        "annotations": "[]"
                      },
                      "children": [
                        {
                          "type": "PrimitiveType",
                          "name": "",
                          "line": 58,
                          "column": 44,
                          "endLine": 58,
                          "endColumn": 46
                        },
                        {
                          "type": "SimpleName",
                          "name": "",
                          "line": 58,
                          "column": 48,
                          "endLine": 58,
                          "endColumn": 51
                        }
                      ]
                    },
                    {
                      "type": "ClassOrInterfaceType",
                      "name": "Integer",
                      "line": 58,
                      "column": 12,
                      "endLine": 58,
                      "endColumn": 18,
                      "children": [
                        {
                          "type": "SimpleName",
                          "name": "",
                          "line": 58,
                          "column": 12,
                          "endLine": 58,
                          "endColumn": 18
                        }
                      ]
                    },
                    {
                      "type": "BlockStmt",
                      "name": "",
                      "line": 58,
                      "column": 54,
                      "endLine": 60,
                      "endColumn": 5,
                      "children": [
                        {
                          "type": "ReturnStmt",
                          "name": "return",
                          "line": 59,
                          "column": 9,
                          "endLine": 59,
                          "endColumn": 64,
                          "attrs": {
                            "expr": "adjacencyList.get(orig).getOrDefault(dest, null)"
                          },
                          "children": [
                            {
                              "type": "MethodCallExpr",
                              "name": "getOrDefault",
                              "line": 59,
                              "column": 16,
                              "endLine": 59,
                              "endColumn": 63,
                              "attrs": {
                                "args": "[dest, null]",
                                "code": "adjacencyList.get(orig).getOrDefault(dest, null)"
                              },
                              "children": [
                                {
                                  "type": "MethodCallExpr",
                                  "name": "get",
                                  "line": 59,
                                  "column": 16,
                                  "endLine": 59,
                                  "endColumn": 38,
                                  "attrs": {
                                    "args": "[orig]",
                                    "code": "adjacencyList.get(orig)"
                                  },
                                  "children": [
                                    {
                                      "type": "NameExpr",
                                      "name": "adjacencyList",
                                      "line": 59,
                                      "column": 16,
                                      "endLine": 59,
                                      "endColumn": 28,
                                      "children": [
                                        {
                                          "type": "SimpleName",
                                          "name": "",
                                          "line": 59,
                                          "column": 16,
                                          "endLine": 59,
                                          "endColumn": 28
                                        }
                                      ]
                                    },
                                    {
                                      "type": "SimpleName",
                                      "name": "",
                                      "line": 59,
                                      "column": 30,
                                      "endLine": 59,
                                      "endColumn": 32
                                    },
                                    {
                                      "type": "NameExpr",
                                      "name": "orig",
                                      "line": 59,
                                      "column": 34,
                                      "endLine": 59,
                                      "endColumn": 37,
                                      "children": [
                                        {
                                          "type": "SimpleName",
                                          "name": "",
                                          "line": 59,
                                          "column": 34,
                                          "endLine": 59,
                                          "endColumn": 37
                                        }
                                      ]
                                    }
                                  ]
                                },
                                {
                                  "type": "SimpleName",
                                  "name": "",
                                  "line": 59,
                                  "column": 40,
                                  "endLine": 59,
                                  "endColumn": 51
                                },
                                {
                                  "type": "NameExpr",
                                  "name": "dest",
                                  "line": 59,
                                  "column": 53,
                                  "endLine": 59,
                                  "endColumn": 56,
                                  "children": [
                                    {
                                      "type": "SimpleName",
                                      "name": "",
                                      "line": 59,
                                      "column": 53,
                                      "endLine": 59,
                                      "endColumn": 56
                                    }
                                  ]
                                },
                                {
                                  "type": "NullLiteralExpr",
                                  "name": "",
                                  "line": 59,
                                  "column": 59,
                                  "endLine": 59,
                                  "endColumn": 62
                                }
                              ]
                            }
                          ]
                        }
                      ]
                    }
                  ]
                },
                {
                  "type": "MethodDeclaration",
                  "name": "size",
                  "line": 66,
                  "column": 5,
                  "endLine": 68,
                  "endColumn": 5,
                  "value": "int",
                  "attrs": {
                    "modifiers": "[public ]",
                    "typeParams": "[]",
                    "throws": "[]",
                    "annotations": "[]",
                    "type": "int",
                    "params": "[]"
                  },
                  "children": [
                    {
                      "type": "Javadoc",
                      "name": "",
                      "line": 62,
                      "column": 5,
                      "endLine": 65,
                      "endColumn": 7,
                      "value": "\n     * Returns the number of nodes currently in the graph.\n     * @return the number of nodes in the graph\n     "
                    },
                    {
                      "type": "Modifier",
                      "name": "",
                      "line": 66,
                      "column": 5,
                      "endLine": 66,
                      "endColumn": 10
                    },
                    {
                      "type": "SimpleName",
                      "name": "",
                      "line": 66,
                      "column": 16,
                      "endLine": 66,
                      "endColumn": 19
                    },
                    {
                      "type": "PrimitiveType",
                      "name": "",
                      "line": 66,
                      "column": 12,
                      "endLine": 66,
                      "endColumn": 14
                    },
                    {
                      "type": "BlockStmt",
                      "name": "",
                      "line": 66,
                      "column": 23,
                      "endLine": 68,
                      "endColumn": 5,
                      "children": [
                        {
                          "type": "ReturnStmt",
                          "name": "return",
                          "line": 67,
                          "column": 9,
                          "endLine": 67,
                          "endColumn": 36,
                          "attrs": {
                            "expr": "adjacencyList.size()"
                          },
                          "children": [
                            {
                              "type": "MethodCallExpr",
                              "name": "size",
                              "line": 67,
                              "column": 16,
                              "endLine": 67,
                              "endColumn": 35,
                              "attrs": {
                                "args": "[]",
                                "code": "adjacencyList.size()"
                              },
                              "children": [
                                {
                                  "type": "NameExpr",
                                  "name": "adjacencyList",
                                  "line": 67,
                                  "column": 16,
                                  "endLine": 67,
                                  "endColumn": 28,
                                  "children": [
                                    {
                                      "type": "SimpleName",
                                      "name": "",
                                      "line": 67,
                                      "column": 16,
                                      "endLine": 67,
                                      "endColumn": 28
                                    }
                                  ]
                                },
                                {
                                  "type": "SimpleName",
                                  "name": "",
                                  "line": 67,
                                  "column": 30,
                                  "endLine": 67,
                                  "endColumn": 33
                                }
                              ]
                            }
                          ]
                        }
                      ]
                    }
                  ]
                }
              ]
            }
          ]
        }
      ]
    }
  ]
}