{
  "type": "Project",
  "name": "Project",
  "children": [
    {
      "type": "File",
      "name": "NumbersDifferentSigns.java",
      "value": "D:\\py-java-transform\\java to py\\java-to-python_user\\java-to-python-main\\java to python-result\\183\\NumbersDifferentSigns.java",
      "children": [
        {
          "type": "CompilationUnit",
          "name": "",
          "line": 1,
          "column": 1,
          "endLine": 30,
          "endColumn": 2,
          "children": [
            {
              "type": "PackageDeclaration",
              "name": "com.thealgorithms.bitmanipulation",
              "line": 1,
              "column": 1,
              "endLine": 1,
              "endColumn": 42,
              "attrs": {
                "name": "com.thealgorithms.bitmanipulation"
              },
              "children": [
                {
                  "type": "Name",
                  "name": "",
                  "line": 1,
                  "column": 9,
                  "endLine": 1,
                  "endColumn": 41,
                  "children": [
                    {
                      "type": "Name",
                      "name": "",
                      "line": 1,
                      "column": 9,
                      "endLine": 1,
                      "endColumn": 25,
                      "children": [
                        {
                          "type": "Name",
                          "name": "",
                          "line": 1,
                          "column": 9,
                          "endLine": 1,
                          "endColumn": 11
                        }
                      ]
                    }
                  ]
                }
              ]
            },
            {
              "type": "ClassOrInterfaceDeclaration",
              "name": "NumbersDifferentSigns",
              "line": 16,
              "column": 1,
              "endLine": 30,
              "endColumn": 1,
              "value": "class",
              "attrs": {
                "modifiers": "[public , final ]",
                "typeParams": "[]",
                "extends": "[]",
                "implements": "[]",
                "annotations": "[]"
              },
              "children": [
                {
                  "type": "Javadoc",
                  "name": "",
                  "line": 3,
                  "column": 1,
                  "endLine": 15,
                  "endColumn": 3,
                  "value": "\n * This class provides a method to determine whether two integers have\n * different signs. It utilizes the XOR operation on the two numbers:\n *\n * - If two numbers have different signs, their most significant bits\n *   (sign bits) will differ, resulting in a negative XOR result.\n * - If two numbers have the same sign, the XOR result will be non-negative.\n *\n * Time Complexity: O(1) - Constant time operation.\n * Space Complexity: O(1) - No extra space used.\n *\n * @author Bama Charan Chhandogi\n "
                },
                {
                  "type": "Modifier",
                  "name": "",
                  "line": 16,
                  "column": 1,
                  "endLine": 16,
                  "endColumn": 6
                },
                {
                  "type": "Modifier",
                  "name": "",
                  "line": 16,
                  "column": 8,
                  "endLine": 16,
                  "endColumn": 12
                },
                {
                  "type": "SimpleName",
                  "name": "",
                  "line": 16,
                  "column": 20,
                  "endLine": 16,
                  "endColumn": 40
                },
                {
                  "type": "ConstructorDeclaration",
                  "name": "NumbersDifferentSigns",
                  "line": 17,
                  "column": 5,
                  "endLine": 18,
                  "endColumn": 5,
                  "attrs": {
                    "modifiers": "[private ]",
                    "throws": "[]",
                    "annotations": "[]",
                    "params": "[]"
                  },
                  "children": [
                    {
                      "type": "Modifier",
                      "name": "",
                      "line": 17,
                      "column": 5,
                      "endLine": 17,
                      "endColumn": 11
                    },
                    {
                      "type": "SimpleName",
                      "name": "",
                      "line": 17,
                      "column": 13,
                      "endLine": 17,
                      "endColumn": 33
                    },
                    {
                      "type": "BlockStmt",
                      "name": "",
                      "line": 17,
                      "column": 37,
                      "endLine": 18,
                      "endColumn": 5
                    }
                  ]
                },
                {
                  "type": "MethodDeclaration",
                  "name": "differentSigns",
                  "line": 27,
                  "column": 5,
                  "endLine": 29,
                  "endColumn": 5,
                  "value": "boolean",
                  "attrs": {
                    "modifiers": "[public , static ]",
                    "typeParams": "[]",
                    "throws": "[]",
                    "annotations": "[]",
                    "type": "boolean",
                    "params": "[int num1, int num2]"
                  },
                  "children": [
                    {
                      "type": "Javadoc",
                      "name": "",
                      "line": 20,
                      "column": 5,
                      "endLine": 26,
                      "endColumn": 7,
                      "value": "\n     * Determines if two integers have different signs using bitwise XOR.\n     *\n     * @param num1 the first integer\n     * @param num2 the second integer\n     * @return true if the two numbers have different signs, false otherwise\n     "
                    },
                    {
                      "type": "Modifier",
                      "name": "",
                      "line": 27,
                      "column": 5,
                      "endLine": 27,
                      "endColumn": 10
                    },
                    {
                      "type": "Modifier",
                      "name": "",
                      "line": 27,
                      "column": 12,
                      "endLine": 27,
                      "endColumn": 17
                    },
                    {
                      "type": "SimpleName",
                      "name": "",
                      "line": 27,
                      "column": 27,
                      "endLine": 27,
                      "endColumn": 40
                    },
                    {
                      "type": "Parameter",
                      "name": "num1",
                      "line": 27,
                      "column": 42,
                      "endLine": 27,
                      "endColumn": 49,
                      "attrs": {
                        "modifiers": "[]",
                        "type": "int",
                        "isVarArgs": "false",
                        "annotations": "[]"
                      },
                      "children": [
                        {
                          "type": "PrimitiveType",
                          "name": "",
                          "line": 27,
                          "column": 42,
                          "endLine": 27,
                          "endColumn": 44
                        },
                        {
                          "type": "SimpleName",
                          "name": "",
                          "line": 27,
                          "column": 46,
                          "endLine": 27,
                          "endColumn": 49
                        }
                      ]
                    },
                    {
                      "type": "Parameter",
                      "name": "num2",
                      "line": 27,
                      "column": 52,
                      "endLine": 27,
                      "endColumn": 59,
                      "attrs": {
                        "modifiers": "[]",
                        "type": "int",
                        "isVarArgs": "false",
                        "annotations": "[]"
                      },
                      "children": [
                        {
                          "type": "PrimitiveType",
                          "name": "",
                          "line": 27,
                          "column": 52,
                          "endLine": 27,
                          "endColumn": 54
                        },
                        {
                          "type": "SimpleName",
                          "name": "",
                          "line": 27,
                          "column": 56,
                          "endLine": 27,
                          "endColumn": 59
                        }
                      ]
                    },
                    {
                      "type": "PrimitiveType",
                      "name": "",
                      "line": 27,
                      "column": 19,
                      "endLine": 27,
                      "endColumn": 25
                    },
                    {
                      "type": "BlockStmt",
                      "name": "",
                      "line": 27,
                      "column": 62,
                      "endLine": 29,
                      "endColumn": 5,
                      "children": [
                        {
                          "type": "ReturnStmt",
                          "name": "return",
                          "line": 28,
                          "column": 9,
                          "endLine": 28,
                          "endColumn": 33,
                          "attrs": {
                            "expr": "(num1 ^ num2) < 0"
                          },
                          "children": [
                            {
                              "type": "BinaryExpr",
                              "name": "",
                              "line": 28,
                              "column": 16,
                              "endLine": 28,
                              "endColumn": 32,
                              "children": [
                                {
                                  "type": "EnclosedExpr",
                                  "name": "",
                                  "line": 28,
                                  "column": 16,
                                  "endLine": 28,
                                  "endColumn": 28,
                                  "children": [
                                    {
                                      "type": "BinaryExpr",
                                      "name": "",
                                      "line": 28,
                                      "column": 17,
                                      "endLine": 28,
                                      "endColumn": 27,
                                      "children": [
                                        {
                                          "type": "NameExpr",
                                          "name": "num1",
                                          "line": 28,
                                          "column": 17,
                                          "endLine": 28,
                                          "endColumn": 20,
                                          "children": [
                                            {
                                              "type": "SimpleName",
                                              "name": "",
                                              "line": 28,
                                              "column": 17,
                                              "endLine": 28,
                                              "endColumn": 20
                                            }
                                          ]
                                        },
                                        {
                                          "type": "NameExpr",
                                          "name": "num2",
                                          "line": 28,
                                          "column": 24,
                                          "endLine": 28,
                                          "endColumn": 27,
                                          "children": [
                                            {
                                              "type": "SimpleName",
                                              "name": "",
                                              "line": 28,
                                              "column": 24,
                                              "endLine": 28,
                                              "endColumn": 27
                                            }
                                          ]
                                        }
                                      ]
                                    }
                                  ]
                                },
                                {
                                  "type": "IntegerLiteralExpr",
                                  "name": "",
                                  "line": 28,
                                  "column": 32,
                                  "endLine": 28,
                                  "endColumn": 32
                                }
                              ]
                            }
                          ]
                        }
                      ]
                    }
                  ]
                }
              ]
            }
          ]
        }
      ]
    }
  ]
}