{
  "type": "Project",
  "name": "Project",
  "children": [
    {
      "type": "File",
      "name": "GrayCodeConversion.java",
      "value": "D:\\py-java-transform\\java to py\\java-to-python_user\\java-to-python-main\\java to python-result\\171\\GrayCodeConversion.java",
      "children": [
        {
          "type": "CompilationUnit",
          "name": "",
          "line": 1,
          "column": 1,
          "endLine": 44,
          "endColumn": 2,
          "children": [
            {
              "type": "PackageDeclaration",
              "name": "com.thealgorithms.bitmanipulation",
              "line": 1,
              "column": 1,
              "endLine": 1,
              "endColumn": 42,
              "attrs": {
                "name": "com.thealgorithms.bitmanipulation"
              },
              "children": [
                {
                  "type": "Name",
                  "name": "",
                  "line": 1,
                  "column": 9,
                  "endLine": 1,
                  "endColumn": 41,
                  "children": [
                    {
                      "type": "Name",
                      "name": "",
                      "line": 1,
                      "column": 9,
                      "endLine": 1,
                      "endColumn": 25,
                      "children": [
                        {
                          "type": "Name",
                          "name": "",
                          "line": 1,
                          "column": 9,
                          "endLine": 1,
                          "endColumn": 11
                        }
                      ]
                    }
                  ]
                }
              ]
            },
            {
              "type": "ClassOrInterfaceDeclaration",
              "name": "GrayCodeConversion",
              "line": 16,
              "column": 1,
              "endLine": 44,
              "endColumn": 1,
              "value": "class",
              "attrs": {
                "modifiers": "[public , final ]",
                "typeParams": "[]",
                "extends": "[]",
                "implements": "[]",
                "annotations": "[]"
              },
              "children": [
                {
                  "type": "Javadoc",
                  "name": "",
                  "line": 3,
                  "column": 1,
                  "endLine": 15,
                  "endColumn": 3,
                  "value": "\n * Gray code is a binary numeral system where two successive values differ in only one bit.\n * This is a simple conversion between binary and Gray code.\n * Example:\n * 7 -> 0111 -> 0100 -> 4\n * 4 -> 0100 -> 0111 -> 7\n * 0 -> 0000 -> 0000 -> 0\n * 1 -> 0001 -> 0000 -> 0\n * 2 -> 0010 -> 0011 -> 3\n * 3 -> 0011 -> 0010 -> 2\n *\n * @author Hardvan\n "
                },
                {
                  "type": "Modifier",
                  "name": "",
                  "line": 16,
                  "column": 1,
                  "endLine": 16,
                  "endColumn": 6
                },
                {
                  "type": "Modifier",
                  "name": "",
                  "line": 16,
                  "column": 8,
                  "endLine": 16,
                  "endColumn": 12
                },
                {
                  "type": "SimpleName",
                  "name": "",
                  "line": 16,
                  "column": 20,
                  "endLine": 16,
                  "endColumn": 37
                },
                {
                  "type": "ConstructorDeclaration",
                  "name": "GrayCodeConversion",
                  "line": 17,
                  "column": 5,
                  "endLine": 18,
                  "endColumn": 5,
                  "attrs": {
                    "modifiers": "[private ]",
                    "throws": "[]",
                    "annotations": "[]",
                    "params": "[]"
                  },
                  "children": [
                    {
                      "type": "Modifier",
                      "name": "",
                      "line": 17,
                      "column": 5,
                      "endLine": 17,
                      "endColumn": 11
                    },
                    {
                      "type": "SimpleName",
                      "name": "",
                      "line": 17,
                      "column": 13,
                      "endLine": 17,
                      "endColumn": 30
                    },
                    {
                      "type": "BlockStmt",
                      "name": "",
                      "line": 17,
                      "column": 34,
                      "endLine": 18,
                      "endColumn": 5
                    }
                  ]
                },
                {
                  "type": "MethodDeclaration",
                  "name": "binaryToGray",
                  "line": 26,
                  "column": 5,
                  "endLine": 28,
                  "endColumn": 5,
                  "value": "int",
                  "attrs": {
                    "modifiers": "[public , static ]",
                    "typeParams": "[]",
                    "throws": "[]",
                    "annotations": "[]",
                    "type": "int",
                    "params": "[int num]"
                  },
                  "children": [
                    {
                      "type": "Javadoc",
                      "name": "",
                      "line": 20,
                      "column": 5,
                      "endLine": 25,
                      "endColumn": 7,
                      "value": "\n     * Converts a binary number to Gray code.\n     *\n     * @param num The binary number.\n     * @return The corresponding Gray code.\n     "
                    },
                    {
                      "type": "Modifier",
                      "name": "",
                      "line": 26,
                      "column": 5,
                      "endLine": 26,
                      "endColumn": 10
                    },
                    {
                      "type": "Modifier",
                      "name": "",
                      "line": 26,
                      "column": 12,
                      "endLine": 26,
                      "endColumn": 17
                    },
                    {
                      "type": "SimpleName",
                      "name": "",
                      "line": 26,
                      "column": 23,
                      "endLine": 26,
                      "endColumn": 34
                    },
                    {
                      "type": "Parameter",
                      "name": "num",
                      "line": 26,
                      "column": 36,
                      "endLine": 26,
                      "endColumn": 42,
                      "attrs": {
                        "modifiers": "[]",
                        "type": "int",
                        "isVarArgs": "false",
                        "annotations": "[]"
                      },
                      "children": [
                        {
                          "type": "PrimitiveType",
                          "name": "",
                          "line": 26,
                          "column": 36,
                          "endLine": 26,
                          "endColumn": 38
                        },
                        {
                          "type": "SimpleName",
                          "name": "",
                          "line": 26,
                          "column": 40,
                          "endLine": 26,
                          "endColumn": 42
                        }
                      ]
                    },
                    {
                      "type": "PrimitiveType",
                      "name": "",
                      "line": 26,
                      "column": 19,
                      "endLine": 26,
                      "endColumn": 21
                    },
                    {
                      "type": "BlockStmt",
                      "name": "",
                      "line": 26,
                      "column": 45,
                      "endLine": 28,
                      "endColumn": 5,
                      "children": [
                        {
                          "type": "ReturnStmt",
                          "name": "return",
                          "line": 27,
                          "column": 9,
                          "endLine": 27,
                          "endColumn": 32,
                          "attrs": {
                            "expr": "num ^ (num >> 1)"
                          },
                          "children": [
                            {
                              "type": "BinaryExpr",
                              "name": "",
                              "line": 27,
                              "column": 16,
                              "endLine": 27,
                              "endColumn": 31,
                              "children": [
                                {
                                  "type": "NameExpr",
                                  "name": "num",
                                  "line": 27,
                                  "column": 16,
                                  "endLine": 27,
                                  "endColumn": 18,
                                  "children": [
                                    {
                                      "type": "SimpleName",
                                      "name": "",
                                      "line": 27,
                                      "column": 16,
                                      "endLine": 27,
                                      "endColumn": 18
                                    }
                                  ]
                                },
                                {
                                  "type": "EnclosedExpr",
                                  "name": "",
                                  "line": 27,
                                  "column": 22,
                                  "endLine": 27,
                                  "endColumn": 31,
                                  "children": [
                                    {
                                      "type": "BinaryExpr",
                                      "name": "",
                                      "line": 27,
                                      "column": 23,
                                      "endLine": 27,
                                      "endColumn": 30,
                                      "children": [
                                        {
                                          "type": "NameExpr",
                                          "name": "num",
                                          "line": 27,
                                          "column": 23,
                                          "endLine": 27,
                                          "endColumn": 25,
                                          "children": [
                                            {
                                              "type": "SimpleName",
                                              "name": "",
                                              "line": 27,
                                              "column": 23,
                                              "endLine": 27,
                                              "endColumn": 25
                                            }
                                          ]
                                        },
                                        {
                                          "type": "IntegerLiteralExpr",
                                          "name": "",
                                          "line": 27,
                                          "column": 30,
                                          "endLine": 27,
                                          "endColumn": 30
                                        }
                                      ]
                                    }
                                  ]
                                }
                              ]
                            }
                          ]
                        }
                      ]
                    }
                  ]
                },
                {
                  "type": "MethodDeclaration",
                  "name": "grayToBinary",
                  "line": 36,
                  "column": 5,
                  "endLine": 43,
                  "endColumn": 5,
                  "value": "int",
                  "attrs": {
                    "modifiers": "[public , static ]",
                    "typeParams": "[]",
                    "throws": "[]",
                    "annotations": "[]",
                    "type": "int",
                    "params": "[int gray]"
                  },
                  "children": [
                    {
                      "type": "Javadoc",
                      "name": "",
                      "line": 30,
                      "column": 5,
                      "endLine": 35,
                      "endColumn": 7,
                      "value": "\n     * Converts a Gray code number back to binary.\n     *\n     * @param gray The Gray code number.\n     * @return The corresponding binary number.\n     "
                    },
                    {
                      "type": "Modifier",
                      "name": "",
                      "line": 36,
                      "column": 5,
                      "endLine": 36,
                      "endColumn": 10
                    },
                    {
                      "type": "Modifier",
                      "name": "",
                      "line": 36,
                      "column": 12,
                      "endLine": 36,
                      "endColumn": 17
                    },
                    {
                      "type": "SimpleName",
                      "name": "",
                      "line": 36,
                      "column": 23,
                      "endLine": 36,
                      "endColumn": 34
                    },
                    {
                      "type": "Parameter",
                      "name": "gray",
                      "line": 36,
                      "column": 36,
                      "endLine": 36,
                      "endColumn": 43,
                      "attrs": {
                        "modifiers": "[]",
                        "type": "int",
                        "isVarArgs": "false",
                        "annotations": "[]"
                      },
                      "children": [
                        {
                          "type": "PrimitiveType",
                          "name": "",
                          "line": 36,
                          "column": 36,
                          "endLine": 36,
                          "endColumn": 38
                        },
                        {
                          "type": "SimpleName",
                          "name": "",
                          "line": 36,
                          "column": 40,
                          "endLine": 36,
                          "endColumn": 43
                        }
                      ]
                    },
                    {
                      "type": "PrimitiveType",
                      "name": "",
                      "line": 36,
                      "column": 19,
                      "endLine": 36,
                      "endColumn": 21
                    },
                    {
                      "type": "BlockStmt",
                      "name": "",
                      "line": 36,
                      "column": 46,
                      "endLine": 43,
                      "endColumn": 5,
                      "children": [
                        {
                          "type": "ExpressionStmt",
                          "name": "",
                          "line": 37,
                          "column": 9,
                          "endLine": 37,
                          "endColumn": 26,
                          "attrs": {
                            "code": "int binary = gray"
                          },
                          "children": [
                            {
                              "type": "VariableDeclarationExpr",
                              "name": "",
                              "line": 37,
                              "column": 9,
                              "endLine": 37,
                              "endColumn": 25,
                              "attrs": {
                                "modifiers": "[]",
                                "code": "int binary = gray"
                              },
                              "children": [
                                {
                                  "type": "VariableDeclarator",
                                  "name": "binary",
                                  "line": 37,
                                  "column": 13,
                                  "endLine": 37,
                                  "endColumn": 25,
                                  "value": "int",
                                  "attrs": {
                                    "initializer": "gray",
                                    "type": "int"
                                  },
                                  "children": [
                                    {
                                      "type": "PrimitiveType",
                                      "name": "",
                                      "line": 37,
                                      "column": 9,
                                      "endLine": 37,
                                      "endColumn": 11
                                    },
                                    {
                                      "type": "SimpleName",
                                      "name": "",
                                      "line": 37,
                                      "column": 13,
                                      "endLine": 37,
                                      "endColumn": 18
                                    },
                                    {
                                      "type": "NameExpr",
                                      "name": "gray",
                                      "line": 37,
                                      "column": 22,
                                      "endLine": 37,
                                      "endColumn": 25,
                                      "children": [
                                        {
                                          "type": "SimpleName",
                                          "name": "",
                                          "line": 37,
                                          "column": 22,
                                          "endLine": 37,
                                          "endColumn": 25
                                        }
                                      ]
                                    }
                                  ]
                                }
                              ]
                            }
                          ]
                        },
                        {
                          "type": "WhileStmt",
                          "name": "while(gray > 0)",
                          "line": 38,
                          "column": 9,
                          "endLine": 41,
                          "endColumn": 9,
                          "attrs": {
                            "condition": "gray > 0"
                          },
                          "children": [
                            {
                              "type": "BinaryExpr",
                              "name": "",
                              "line": 38,
                              "column": 16,
                              "endLine": 38,
                              "endColumn": 23,
                              "children": [
                                {
                                  "type": "NameExpr",
                                  "name": "gray",
                                  "line": 38,
                                  "column": 16,
                                  "endLine": 38,
                                  "endColumn": 19,
                                  "children": [
                                    {
                                      "type": "SimpleName",
                                      "name": "",
                                      "line": 38,
                                      "column": 16,
                                      "endLine": 38,
                                      "endColumn": 19
                                    }
                                  ]
                                },
                                {
                                  "type": "IntegerLiteralExpr",
                                  "name": "",
                                  "line": 38,
                                  "column": 23,
                                  "endLine": 38,
                                  "endColumn": 23
                                }
                              ]
                            },
                            {
                              "type": "BlockStmt",
                              "name": "",
                              "line": 38,
                              "column": 26,
                              "endLine": 41,
                              "endColumn": 9,
                              "children": [
                                {
                                  "type": "ExpressionStmt",
                                  "name": "",
                                  "line": 39,
                                  "column": 13,
                                  "endLine": 39,
                                  "endColumn": 23,
                                  "attrs": {
                                    "code": "gray >>= 1"
                                  },
                                  "children": [
                                    {
                                      "type": "AssignExpr",
                                      "name": "",
                                      "line": 39,
                                      "column": 13,
                                      "endLine": 39,
                                      "endColumn": 22,
                                      "attrs": {
                                        "code": "gray >>= 1"
                                      },
                                      "children": [
                                        {
                                          "type": "NameExpr",
                                          "name": "gray",
                                          "line": 39,
                                          "column": 13,
                                          "endLine": 39,
                                          "endColumn": 16,
                                          "children": [
                                            {
                                              "type": "SimpleName",
                                              "name": "",
                                              "line": 39,
                                              "column": 13,
                                              "endLine": 39,
                                              "endColumn": 16
                                            }
                                          ]
                                        },
                                        {
                                          "type": "IntegerLiteralExpr",
                                          "name": "",
                                          "line": 39,
                                          "column": 22,
                                          "endLine": 39,
                                          "endColumn": 22
                                        }
                                      ]
                                    }
                                  ]
                                },
                                {
                                  "type": "ExpressionStmt",
                                  "name": "",
                                  "line": 40,
                                  "column": 13,
                                  "endLine": 40,
                                  "endColumn": 27,
                                  "attrs": {
                                    "code": "binary ^= gray"
                                  },
                                  "children": [
                                    {
                                      "type": "AssignExpr",
                                      "name": "",
                                      "line": 40,
                                      "column": 13,
                                      "endLine": 40,
                                      "endColumn": 26,
                                      "attrs": {
                                        "code": "binary ^= gray"
                                      },
                                      "children": [
                                        {
                                          "type": "NameExpr",
                                          "name": "binary",
                                          "line": 40,
                                          "column": 13,
                                          "endLine": 40,
                                          "endColumn": 18,
                                          "children": [
                                            {
                                              "type": "SimpleName",
                                              "name": "",
                                              "line": 40,
                                              "column": 13,
                                              "endLine": 40,
                                              "endColumn": 18
                                            }
                                          ]
                                        },
                                        {
                                          "type": "NameExpr",
                                          "name": "gray",
                                          "line": 40,
                                          "column": 23,
                                          "endLine": 40,
                                          "endColumn": 26,
                                          "children": [
                                            {
                                              "type": "SimpleName",
                                              "name": "",
                                              "line": 40,
                                              "column": 23,
                                              "endLine": 40,
                                              "endColumn": 26
                                            }
                                          ]
                                        }
                                      ]
                                    }
                                  ]
                                }
                              ]
                            }
                          ]
                        },
                        {
                          "type": "ReturnStmt",
                          "name": "return",
                          "line": 42,
                          "column": 9,
                          "endLine": 42,
                          "endColumn": 22,
                          "attrs": {
                            "expr": "binary"
                          },
                          "children": [
                            {
                              "type": "NameExpr",
                              "name": "binary",
                              "line": 42,
                              "column": 16,
                              "endLine": 42,
                              "endColumn": 21,
                              "children": [
                                {
                                  "type": "SimpleName",
                                  "name": "",
                                  "line": 42,
                                  "column": 16,
                                  "endLine": 42,
                                  "endColumn": 21
                                }
                              ]
                            }
                          ]
                        }
                      ]
                    }
                  ]
                }
              ]
            }
          ]
        }
      ]
    }
  ]
}