{
  "type": "Project",
  "name": "Project",
  "children": [
    {
      "type": "File",
      "name": "ArrayCombination.java",
      "value": "D:\\py-java-transform\\java to py\\java-to-python_user\\java-to-python-main\\java to python-result\\141\\ArrayCombination\\ArrayCombination.java",
      "children": [
        {
          "type": "CompilationUnit",
          "name": "",
          "line": 1,
          "column": 1,
          "endLine": 54,
          "endColumn": 2,
          "children": [
            {
              "type": "PackageDeclaration",
              "name": "com.thealgorithms.backtracking",
              "line": 1,
              "column": 1,
              "endLine": 1,
              "endColumn": 39,
              "attrs": {
                "name": "com.thealgorithms.backtracking"
              },
              "children": [
                {
                  "type": "Name",
                  "name": "",
                  "line": 1,
                  "column": 9,
                  "endLine": 1,
                  "endColumn": 38,
                  "children": [
                    {
                      "type": "Name",
                      "name": "",
                      "line": 1,
                      "column": 9,
                      "endLine": 1,
                      "endColumn": 25,
                      "children": [
                        {
                          "type": "Name",
                          "name": "",
                          "line": 1,
                          "column": 9,
                          "endLine": 1,
                          "endColumn": 11
                        }
                      ]
                    }
                  ]
                }
              ]
            },
            {
              "type": "ImportDeclaration",
              "name": "java.util.ArrayList",
              "line": 3,
              "column": 1,
              "endLine": 3,
              "endColumn": 27,
              "attrs": {
                "name": "java.util.ArrayList",
                "isStatic": "false",
                "isAsterisk": "false"
              },
              "children": [
                {
                  "type": "Name",
                  "name": "",
                  "line": 3,
                  "column": 8,
                  "endLine": 3,
                  "endColumn": 26,
                  "children": [
                    {
                      "type": "Name",
                      "name": "",
                      "line": 3,
                      "column": 8,
                      "endLine": 3,
                      "endColumn": 16,
                      "children": [
                        {
                          "type": "Name",
                          "name": "",
                          "line": 3,
                          "column": 8,
                          "endLine": 3,
                          "endColumn": 11
                        }
                      ]
                    }
                  ]
                }
              ]
            },
            {
              "type": "ImportDeclaration",
              "name": "java.util.List",
              "line": 4,
              "column": 1,
              "endLine": 4,
              "endColumn": 22,
              "attrs": {
                "name": "java.util.List",
                "isStatic": "false",
                "isAsterisk": "false"
              },
              "children": [
                {
                  "type": "Name",
                  "name": "",
                  "line": 4,
                  "column": 8,
                  "endLine": 4,
                  "endColumn": 21,
                  "children": [
                    {
                      "type": "Name",
                      "name": "",
                      "line": 4,
                      "column": 8,
                      "endLine": 4,
                      "endColumn": 16,
                      "children": [
                        {
                          "type": "Name",
                          "name": "",
                          "line": 4,
                          "column": 8,
                          "endLine": 4,
                          "endColumn": 11
                        }
                      ]
                    }
                  ]
                }
              ]
            },
            {
              "type": "ClassOrInterfaceDeclaration",
              "name": "ArrayCombination",
              "line": 10,
              "column": 1,
              "endLine": 54,
              "endColumn": 1,
              "value": "class",
              "attrs": {
                "modifiers": "[public , final ]",
                "typeParams": "[]",
                "extends": "[]",
                "implements": "[]",
                "annotations": "[]"
              },
              "children": [
                {
                  "type": "Javadoc",
                  "name": "",
                  "line": 6,
                  "column": 1,
                  "endLine": 9,
                  "endColumn": 3,
                  "value": "\n * This class provides methods to find all combinations of integers from 0 to n-1\n * of a specified length k using backtracking.\n "
                },
                {
                  "type": "Modifier",
                  "name": "",
                  "line": 10,
                  "column": 1,
                  "endLine": 10,
                  "endColumn": 6
                },
                {
                  "type": "Modifier",
                  "name": "",
                  "line": 10,
                  "column": 8,
                  "endLine": 10,
                  "endColumn": 12
                },
                {
                  "type": "SimpleName",
                  "name": "",
                  "line": 10,
                  "column": 20,
                  "endLine": 10,
                  "endColumn": 35
                },
                {
                  "type": "ConstructorDeclaration",
                  "name": "ArrayCombination",
                  "line": 11,
                  "column": 5,
                  "endLine": 12,
                  "endColumn": 5,
                  "attrs": {
                    "modifiers": "[private ]",
                    "throws": "[]",
                    "annotations": "[]",
                    "params": "[]"
                  },
                  "children": [
                    {
                      "type": "Modifier",
                      "name": "",
                      "line": 11,
                      "column": 5,
                      "endLine": 11,
                      "endColumn": 11
                    },
                    {
                      "type": "SimpleName",
                      "name": "",
                      "line": 11,
                      "column": 13,
                      "endLine": 11,
                      "endColumn": 28
                    },
                    {
                      "type": "BlockStmt",
                      "name": "",
                      "line": 11,
                      "column": 32,
                      "endLine": 12,
                      "endColumn": 5
                    }
                  ]
                },
                {
                  "type": "MethodDeclaration",
                  "name": "combination",
                  "line": 22,
                  "column": 5,
                  "endLine": 30,
                  "endColumn": 5,
                  "value": "List<List<Integer>>",
                  "attrs": {
                    "modifiers": "[public , static ]",
                    "typeParams": "[]",
                    "throws": "[]",
                    "annotations": "[]",
                    "type": "List<List<Integer>>",
                    "params": "[int n, int k]"
                  },
                  "children": [
                    {
                      "type": "Javadoc",
                      "name": "",
                      "line": 14,
                      "column": 5,
                      "endLine": 21,
                      "endColumn": 7,
                      "value": "\n     * Generates all possible combinations of length k from the integers 0 to n-1.\n     *\n     * @param n The total number of elements (0 to n-1).\n     * @param k The desired length of each combination.\n     * @return A list containing all combinations of length k.\n     * @throws IllegalArgumentException if n or k are negative, or if k is greater than n.\n     "
                    },
                    {
                      "type": "Modifier",
                      "name": "",
                      "line": 22,
                      "column": 5,
                      "endLine": 22,
                      "endColumn": 10
                    },
                    {
                      "type": "Modifier",
                      "name": "",
                      "line": 22,
                      "column": 12,
                      "endLine": 22,
                      "endColumn": 17
                    },
                    {
                      "type": "SimpleName",
                      "name": "",
                      "line": 22,
                      "column": 39,
                      "endLine": 22,
                      "endColumn": 49
                    },
                    {
                      "type": "Parameter",
                      "name": "n",
                      "line": 22,
                      "column": 51,
                      "endLine": 22,
                      "endColumn": 55,
                      "attrs": {
                        "modifiers": "[]",
                        "type": "int",
                        "isVarArgs": "false",
                        "annotations": "[]"
                      },
                      "children": [
                        {
                          "type": "PrimitiveType",
                          "name": "",
                          "line": 22,
                          "column": 51,
                          "endLine": 22,
                          "endColumn": 53
                        },
                        {
                          "type": "SimpleName",
                          "name": "",
                          "line": 22,
                          "column": 55,
                          "endLine": 22,
                          "endColumn": 55
                        }
                      ]
                    },
                    {
                      "type": "Parameter",
                      "name": "k",
                      "line": 22,
                      "column": 58,
                      "endLine": 22,
                      "endColumn": 62,
                      "attrs": {
                        "modifiers": "[]",
                        "type": "int",
                        "isVarArgs": "false",
                        "annotations": "[]"
                      },
                      "children": [
                        {
                          "type": "PrimitiveType",
                          "name": "",
                          "line": 22,
                          "column": 58,
                          "endLine": 22,
                          "endColumn": 60
                        },
                        {
                          "type": "SimpleName",
                          "name": "",
                          "line": 22,
                          "column": 62,
                          "endLine": 22,
                          "endColumn": 62
                        }
                      ]
                    },
                    {
                      "type": "ClassOrInterfaceType",
                      "name": "List",
                      "line": 22,
                      "column": 19,
                      "endLine": 22,
                      "endColumn": 37,
                      "attrs": {
                        "typeArgs": "[List<Integer>]"
                      },
                      "children": [
                        {
                          "type": "SimpleName",
                          "name": "",
                          "line": 22,
                          "column": 19,
                          "endLine": 22,
                          "endColumn": 22
                        },
                        {
                          "type": "ClassOrInterfaceType",
                          "name": "List",
                          "line": 22,
                          "column": 24,
                          "endLine": 22,
                          "endColumn": 36,
                          "attrs": {
                            "typeArgs": "[Integer]"
                          },
                          "children": [
                            {
                              "type": "SimpleName",
                              "name": "",
                              "line": 22,
                              "column": 24,
                              "endLine": 22,
                              "endColumn": 27
                            },
                            {
                              "type": "ClassOrInterfaceType",
                              "name": "Integer",
                              "line": 22,
                              "column": 29,
                              "endLine": 22,
                              "endColumn": 35,
                              "children": [
                                {
                                  "type": "SimpleName",
                                  "name": "",
                                  "line": 22,
                                  "column": 29,
                                  "endLine": 22,
                                  "endColumn": 35
                                }
                              ]
                            }
                          ]
                        }
                      ]
                    },
                    {
                      "type": "BlockStmt",
                      "name": "",
                      "line": 22,
                      "column": 65,
                      "endLine": 30,
                      "endColumn": 5,
                      "children": [
                        {
                          "type": "IfStmt",
                          "name": "if(n < 0 || k < 0 || k > n)",
                          "line": 23,
                          "column": 9,
                          "endLine": 25,
                          "endColumn": 9,
                          "attrs": {
                            "condition": "n < 0 || k < 0 || k > n"
                          },
                          "children": [
                            {
                              "type": "BinaryExpr",
                              "name": "",
                              "line": 23,
                              "column": 13,
                              "endLine": 23,
                              "endColumn": 35,
                              "children": [
                                {
                                  "type": "BinaryExpr",
                                  "name": "",
                                  "line": 23,
                                  "column": 13,
                                  "endLine": 23,
                                  "endColumn": 26,
                                  "children": [
                                    {
                                      "type": "BinaryExpr",
                                      "name": "",
                                      "line": 23,
                                      "column": 13,
                                      "endLine": 23,
                                      "endColumn": 17,
                                      "children": [
                                        {
                                          "type": "NameExpr",
                                          "name": "n",
                                          "line": 23,
                                          "column": 13,
                                          "endLine": 23,
                                          "endColumn": 13,
                                          "children": [
                                            {
                                              "type": "SimpleName",
                                              "name": "",
                                              "line": 23,
                                              "column": 13,
                                              "endLine": 23,
                                              "endColumn": 13
                                            }
                                          ]
                                        },
                                        {
                                          "type": "IntegerLiteralExpr",
                                          "name": "",
                                          "line": 23,
                                          "column": 17,
                                          "endLine": 23,
                                          "endColumn": 17
                                        }
                                      ]
                                    },
                                    {
                                      "type": "BinaryExpr",
                                      "name": "",
                                      "line": 23,
                                      "column": 22,
                                      "endLine": 23,
                                      "endColumn": 26,
                                      "children": [
                                        {
                                          "type": "NameExpr",
                                          "name": "k",
                                          "line": 23,
                                          "column": 22,
                                          "endLine": 23,
                                          "endColumn": 22,
                                          "children": [
                                            {
                                              "type": "SimpleName",
                                              "name": "",
                                              "line": 23,
                                              "column": 22,
                                              "endLine": 23,
                                              "endColumn": 22
                                            }
                                          ]
                                        },
                                        {
                                          "type": "IntegerLiteralExpr",
                                          "name": "",
                                          "line": 23,
                                          "column": 26,
                                          "endLine": 23,
                                          "endColumn": 26
                                        }
                                      ]
                                    }
                                  ]
                                },
                                {
                                  "type": "BinaryExpr",
                                  "name": "",
                                  "line": 23,
                                  "column": 31,
                                  "endLine": 23,
                                  "endColumn": 35,
                                  "children": [
                                    {
                                      "type": "NameExpr",
                                      "name": "k",
                                      "line": 23,
                                      "column": 31,
                                      "endLine": 23,
                                      "endColumn": 31,
                                      "children": [
                                        {
                                          "type": "SimpleName",
                                          "name": "",
                                          "line": 23,
                                          "column": 31,
                                          "endLine": 23,
                                          "endColumn": 31
                                        }
                                      ]
                                    },
                                    {
                                      "type": "NameExpr",
                                      "name": "n",
                                      "line": 23,
                                      "column": 35,
                                      "endLine": 23,
                                      "endColumn": 35,
                                      "children": [
                                        {
                                          "type": "SimpleName",
                                          "name": "",
                                          "line": 23,
                                          "column": 35,
                                          "endLine": 23,
                                          "endColumn": 35
                                        }
                                      ]
                                    }
                                  ]
                                }
                              ]
                            },
                            {
                              "type": "BlockStmt",
                              "name": "",
                              "line": 23,
                              "column": 38,
                              "endLine": 25,
                              "endColumn": 9,
                              "children": [
                                {
                                  "type": "ThrowStmt",
                                  "name": "throw",
                                  "line": 24,
                                  "column": 13,
                                  "endLine": 24,
                                  "endColumn": 141,
                                  "attrs": {
                                    "expr": "new IllegalArgumentException(\"Invalid input: n must be non-negative, k must be non-negative and less than or equal to n.\")"
                                  },
                                  "children": [
                                    {
                                      "type": "ObjectCreationExpr",
                                      "name": "new IllegalArgumentException",
                                      "line": 24,
                                      "column": 19,
                                      "endLine": 24,
                                      "endColumn": 140,
                                      "attrs": {
                                        "type": "IllegalArgumentException",
                                        "hasAnonymousClassBody": "false",
                                        "args": "[\"Invalid input: n must be non-negative, k must be non-negative and less than or equal to n.\"]"
                                      },
                                      "children": [
                                        {
                                          "type": "ClassOrInterfaceType",
                                          "name": "IllegalArgumentException",
                                          "line": 24,
                                          "column": 23,
                                          "endLine": 24,
                                          "endColumn": 46,
                                          "children": [
                                            {
                                              "type": "SimpleName",
                                              "name": "",
                                              "line": 24,
                                              "column": 23,
                                              "endLine": 24,
                                              "endColumn": 46
                                            }
                                          ]
                                        },
                                        {
                                          "type": "StringLiteralExpr",
                                          "name": "",
                                          "line": 24,
                                          "column": 48,
                                          "endLine": 24,
                                          "endColumn": 139
                                        }
                                      ]
                                    }
                                  ]
                                }
                              ]
                            }
                          ]
                        },
                        {
                          "type": "ExpressionStmt",
                          "name": "",
                          "line": 27,
                          "column": 9,
                          "endLine": 27,
                          "endColumn": 61,
                          "attrs": {
                            "code": "List<List<Integer>> combinations = new ArrayList<>()"
                          },
                          "children": [
                            {
                              "type": "VariableDeclarationExpr",
                              "name": "",
                              "line": 27,
                              "column": 9,
                              "endLine": 27,
                              "endColumn": 60,
                              "attrs": {
                                "modifiers": "[]",
                                "code": "List<List<Integer>> combinations = new ArrayList<>()"
                              },
                              "children": [
                                {
                                  "type": "VariableDeclarator",
                                  "name": "combinations",
                                  "line": 27,
                                  "column": 29,
                                  "endLine": 27,
                                  "endColumn": 60,
                                  "value": "List<List<Integer>>",
                                  "attrs": {
                                    "initializer": "new ArrayList<>()",
                                    "type": "List<List<Integer>>"
                                  },
                                  "children": [
                                    {
                                      "type": "ClassOrInterfaceType",
                                      "name": "List",
                                      "line": 27,
                                      "column": 9,
                                      "endLine": 27,
                                      "endColumn": 27,
                                      "attrs": {
                                        "typeArgs": "[List<Integer>]"
                                      },
                                      "children": [
                                        {
                                          "type": "SimpleName",
                                          "name": "",
                                          "line": 27,
                                          "column": 9,
                                          "endLine": 27,
                                          "endColumn": 12
                                        },
                                        {
                                          "type": "ClassOrInterfaceType",
                                          "name": "List",
                                          "line": 27,
                                          "column": 14,
                                          "endLine": 27,
                                          "endColumn": 26,
                                          "attrs": {
                                            "typeArgs": "[Integer]"
                                          },
                                          "children": [
                                            {
                                              "type": "SimpleName",
                                              "name": "",
                                              "line": 27,
                                              "column": 14,
                                              "endLine": 27,
                                              "endColumn": 17
                                            },
                                            {
                                              "type": "ClassOrInterfaceType",
                                              "name": "Integer",
                                              "line": 27,
                                              "column": 19,
                                              "endLine": 27,
                                              "endColumn": 25,
                                              "children": [
                                                {
                                                  "type": "SimpleName",
                                                  "name": "",
                                                  "line": 27,
                                                  "column": 19,
                                                  "endLine": 27,
                                                  "endColumn": 25
                                                }
                                              ]
                                            }
                                          ]
                                        }
                                      ]
                                    },
                                    {
                                      "type": "SimpleName",
                                      "name": "",
                                      "line": 27,
                                      "column": 29,
                                      "endLine": 27,
                                      "endColumn": 40
                                    },
                                    {
                                      "type": "ObjectCreationExpr",
                                      "name": "new ArrayList<>",
                                      "line": 27,
                                      "column": 44,
                                      "endLine": 27,
                                      "endColumn": 60,
                                      "attrs": {
                                        "type": "ArrayList<>",
                                        "hasAnonymousClassBody": "false",
                                        "args": "[]"
                                      },
                                      "children": [
                                        {
                                          "type": "ClassOrInterfaceType",
                                          "name": "ArrayList",
                                          "line": 27,
                                          "column": 48,
                                          "endLine": 27,
                                          "endColumn": 58,
                                          "attrs": {
                                            "typeArgs": "[]"
                                          },
                                          "children": [
                                            {
                                              "type": "SimpleName",
                                              "name": "",
                                              "line": 27,
                                              "column": 48,
                                              "endLine": 27,
                                              "endColumn": 56
                                            }
                                          ]
                                        }
                                      ]
                                    }
                                  ]
                                }
                              ]
                            }
                          ]
                        },
                        {
                          "type": "ExpressionStmt",
                          "name": "",
                          "line": 28,
                          "column": 9,
                          "endLine": 28,
                          "endColumn": 58,
                          "attrs": {
                            "code": "combine(combinations, new ArrayList<>(), 0, n, k)"
                          },
                          "children": [
                            {
                              "type": "MethodCallExpr",
                              "name": "combine",
                              "line": 28,
                              "column": 9,
                              "endLine": 28,
                              "endColumn": 57,
                              "attrs": {
                                "args": "[combinations, new ArrayList<>(), 0, n, k]",
                                "code": "combine(combinations, new ArrayList<>(), 0, n, k)"
                              },
                              "children": [
                                {
                                  "type": "SimpleName",
                                  "name": "",
                                  "line": 28,
                                  "column": 9,
                                  "endLine": 28,
                                  "endColumn": 15
                                },
                                {
                                  "type": "NameExpr",
                                  "name": "combinations",
                                  "line": 28,
                                  "column": 17,
                                  "endLine": 28,
                                  "endColumn": 28,
                                  "children": [
                                    {
                                      "type": "SimpleName",
                                      "name": "",
                                      "line": 28,
                                      "column": 17,
                                      "endLine": 28,
                                      "endColumn": 28
                                    }
                                  ]
                                },
                                {
                                  "type": "ObjectCreationExpr",
                                  "name": "new ArrayList<>",
                                  "line": 28,
                                  "column": 31,
                                  "endLine": 28,
                                  "endColumn": 47,
                                  "attrs": {
                                    "type": "ArrayList<>",
                                    "hasAnonymousClassBody": "false",
                                    "args": "[]"
                                  },
                                  "children": [
                                    {
                                      "type": "ClassOrInterfaceType",
                                      "name": "ArrayList",
                                      "line": 28,
                                      "column": 35,
                                      "endLine": 28,
                                      "endColumn": 45,
                                      "attrs": {
                                        "typeArgs": "[]"
                                      },
                                      "children": [
                                        {
                                          "type": "SimpleName",
                                          "name": "",
                                          "line": 28,
                                          "column": 35,
                                          "endLine": 28,
                                          "endColumn": 43
                                        }
                                      ]
                                    }
                                  ]
                                },
                                {
                                  "type": "IntegerLiteralExpr",
                                  "name": "",
                                  "line": 28,
                                  "column": 50,
                                  "endLine": 28,
                                  "endColumn": 50
                                },
                                {
                                  "type": "NameExpr",
                                  "name": "n",
                                  "line": 28,
                                  "column": 53,
                                  "endLine": 28,
                                  "endColumn": 53,
                                  "children": [
                                    {
                                      "type": "SimpleName",
                                      "name": "",
                                      "line": 28,
                                      "column": 53,
                                      "endLine": 28,
                                      "endColumn": 53
                                    }
                                  ]
                                },
                                {
                                  "type": "NameExpr",
                                  "name": "k",
                                  "line": 28,
                                  "column": 56,
                                  "endLine": 28,
                                  "endColumn": 56,
                                  "children": [
                                    {
                                      "type": "SimpleName",
                                      "name": "",
                                      "line": 28,
                                      "column": 56,
                                      "endLine": 28,
                                      "endColumn": 56
                                    }
                                  ]
                                }
                              ]
                            }
                          ]
                        },
                        {
                          "type": "ReturnStmt",
                          "name": "return",
                          "line": 29,
                          "column": 9,
                          "endLine": 29,
                          "endColumn": 28,
                          "attrs": {
                            "expr": "combinations"
                          },
                          "children": [
                            {
                              "type": "NameExpr",
                              "name": "combinations",
                              "line": 29,
                              "column": 16,
                              "endLine": 29,
                              "endColumn": 27,
                              "children": [
                                {
                                  "type": "SimpleName",
                                  "name": "",
                                  "line": 29,
                                  "column": 16,
                                  "endLine": 29,
                                  "endColumn": 27
                                }
                              ]
                            }
                          ]
                        }
                      ]
                    }
                  ]
                },
                {
                  "type": "MethodDeclaration",
                  "name": "combine",
                  "line": 41,
                  "column": 5,
                  "endLine": 53,
                  "endColumn": 5,
                  "value": "void",
                  "attrs": {
                    "modifiers": "[private , static ]",
                    "typeParams": "[]",
                    "throws": "[]",
                    "annotations": "[]",
                    "type": "void",
                    "params": "[List<List<Integer>> combinations, List<Integer> current, int start, int n, int k]"
                  },
                  "children": [
                    {
                      "type": "Javadoc",
                      "name": "",
                      "line": 32,
                      "column": 5,
                      "endLine": 40,
                      "endColumn": 7,
                      "value": "\n     * A helper method that uses backtracking to find combinations.\n     *\n     * @param combinations The list to store all valid combinations found.\n     * @param current The current combination being built.\n     * @param start The starting index for the current recursion.\n     * @param n The total number of elements (0 to n-1).\n     * @param k The desired length of each combination.\n     "
                    },
                    {
                      "type": "Modifier",
                      "name": "",
                      "line": 41,
                      "column": 5,
                      "endLine": 41,
                      "endColumn": 11
                    },
                    {
                      "type": "Modifier",
                      "name": "",
                      "line": 41,
                      "column": 13,
                      "endLine": 41,
                      "endColumn": 18
                    },
                    {
                      "type": "SimpleName",
                      "name": "",
                      "line": 41,
                      "column": 25,
                      "endLine": 41,
                      "endColumn": 31
                    },
                    {
                      "type": "Parameter",
                      "name": "combinations",
                      "line": 41,
                      "column": 33,
                      "endLine": 41,
                      "endColumn": 64,
                      "attrs": {
                        "modifiers": "[]",
                        "type": "List<List<Integer>>",
                        "isVarArgs": "false",
                        "annotations": "[]"
                      },
                      "children": [
                        {
                          "type": "ClassOrInterfaceType",
                          "name": "List",
                          "line": 41,
                          "column": 33,
                          "endLine": 41,
                          "endColumn": 51,
                          "attrs": {
                            "typeArgs": "[List<Integer>]"
                          },
                          "children": [
                            {
                              "type": "SimpleName",
                              "name": "",
                              "line": 41,
                              "column": 33,
                              "endLine": 41,
                              "endColumn": 36
                            },
                            {
                              "type": "ClassOrInterfaceType",
                              "name": "List",
                              "line": 41,
                              "column": 38,
                              "endLine": 41,
                              "endColumn": 50,
                              "attrs": {
                                "typeArgs": "[Integer]"
                              },
                              "children": [
                                {
                                  "type": "SimpleName",
                                  "name": "",
                                  "line": 41,
                                  "column": 38,
                                  "endLine": 41,
                                  "endColumn": 41
                                },
                                {
                                  "type": "ClassOrInterfaceType",
                                  "name": "Integer",
                                  "line": 41,
                                  "column": 43,
                                  "endLine": 41,
                                  "endColumn": 49,
                                  "children": [
                                    {
                                      "type": "SimpleName",
                                      "name": "",
                                      "line": 41,
                                      "column": 43,
                                      "endLine": 41,
                                      "endColumn": 49
                                    }
                                  ]
                                }
                              ]
                            }
                          ]
                        },
                        {
                          "type": "SimpleName",
                          "name": "",
                          "line": 41,
                          "column": 53,
                          "endLine": 41,
                          "endColumn": 64
                        }
                      ]
                    },
                    {
                      "type": "Parameter",
                      "name": "current",
                      "line": 41,
                      "column": 67,
                      "endLine": 41,
                      "endColumn": 87,
                      "attrs": {
                        "modifiers": "[]",
                        "type": "List<Integer>",
                        "isVarArgs": "false",
                        "annotations": "[]"
                      },
                      "children": [
                        {
                          "type": "ClassOrInterfaceType",
                          "name": "List",
                          "line": 41,
                          "column": 67,
                          "endLine": 41,
                          "endColumn": 79,
                          "attrs": {
                            "typeArgs": "[Integer]"
                          },
                          "children": [
                            {
                              "type": "SimpleName",
                              "name": "",
                              "line": 41,
                              "column": 67,
                              "endLine": 41,
                              "endColumn": 70
                            },
                            {
                              "type": "ClassOrInterfaceType",
                              "name": "Integer",
                              "line": 41,
                              "column": 72,
                              "endLine": 41,
                              "endColumn": 78,
                              "children": [
                                {
                                  "type": "SimpleName",
                                  "name": "",
                                  "line": 41,
                                  "column": 72,
                                  "endLine": 41,
                                  "endColumn": 78
                                }
                              ]
                            }
                          ]
                        },
                        {
                          "type": "SimpleName",
                          "name": "",
                          "line": 41,
                          "column": 81,
                          "endLine": 41,
                          "endColumn": 87
                        }
                      ]
                    },
                    {
                      "type": "Parameter",
                      "name": "start",
                      "line": 41,
                      "column": 90,
                      "endLine": 41,
                      "endColumn": 98,
                      "attrs": {
                        "modifiers": "[]",
                        "type": "int",
                        "isVarArgs": "false",
                        "annotations": "[]"
                      },
                      "children": [
                        {
                          "type": "PrimitiveType",
                          "name": "",
                          "line": 41,
                          "column": 90,
                          "endLine": 41,
                          "endColumn": 92
                        },
                        {
                          "type": "SimpleName",
                          "name": "",
                          "line": 41,
                          "column": 94,
                          "endLine": 41,
                          "endColumn": 98
                        }
                      ]
                    },
                    {
                      "type": "Parameter",
                      "name": "n",
                      "line": 41,
                      "column": 101,
                      "endLine": 41,
                      "endColumn": 105,
                      "attrs": {
                        "modifiers": "[]",
                        "type": "int",
                        "isVarArgs": "false",
                        "annotations": "[]"
                      },
                      "children": [
                        {
                          "type": "PrimitiveType",
                          "name": "",
                          "line": 41,
                          "column": 101,
                          "endLine": 41,
                          "endColumn": 103
                        },
                        {
                          "type": "SimpleName",
                          "name": "",
                          "line": 41,
                          "column": 105,
                          "endLine": 41,
                          "endColumn": 105
                        }
                      ]
                    },
                    {
                      "type": "Parameter",
                      "name": "k",
                      "line": 41,
                      "column": 108,
                      "endLine": 41,
                      "endColumn": 112,
                      "attrs": {
                        "modifiers": "[]",
                        "type": "int",
                        "isVarArgs": "false",
                        "annotations": "[]"
                      },
                      "children": [
                        {
                          "type": "PrimitiveType",
                          "name": "",
                          "line": 41,
                          "column": 108,
                          "endLine": 41,
                          "endColumn": 110
                        },
                        {
                          "type": "SimpleName",
                          "name": "",
                          "line": 41,
                          "column": 112,
                          "endLine": 41,
                          "endColumn": 112
                        }
                      ]
                    },
                    {
                      "type": "VoidType",
                      "name": "",
                      "line": 41,
                      "column": 20,
                      "endLine": 41,
                      "endColumn": 23
                    },
                    {
                      "type": "BlockStmt",
                      "name": "",
                      "line": 41,
                      "column": 115,
                      "endLine": 53,
                      "endColumn": 5,
                      "children": [
                        {
                          "type": "IfStmt",
                          "name": "if(current.size() == k)",
                          "line": 43,
                          "column": 9,
                          "endLine": 46,
                          "endColumn": 9,
                          "attrs": {
                            "condition": "current.size() == k"
                          },
                          "children": [
                            {
                              "type": "LineComment",
                              "name": "",
                              "line": 42,
                              "column": 9,
                              "endLine": 42,
                              "endColumn": 39,
                              "value": " Base case: combination found"
                            },
                            {
                              "type": "BinaryExpr",
                              "name": "",
                              "line": 43,
                              "column": 13,
                              "endLine": 43,
                              "endColumn": 31,
                              "children": [
                                {
                                  "type": "MethodCallExpr",
                                  "name": "size",
                                  "line": 43,
                                  "column": 13,
                                  "endLine": 43,
                                  "endColumn": 26,
                                  "attrs": {
                                    "args": "[]",
                                    "code": "current.size()"
                                  },
                                  "children": [
                                    {
                                      "type": "NameExpr",
                                      "name": "current",
                                      "line": 43,
                                      "column": 13,
                                      "endLine": 43,
                                      "endColumn": 19,
                                      "children": [
                                        {
                                          "type": "SimpleName",
                                          "name": "",
                                          "line": 43,
                                          "column": 13,
                                          "endLine": 43,
                                          "endColumn": 19
                                        }
                                      ]
                                    },
                                    {
                                      "type": "SimpleName",
                                      "name": "",
                                      "line": 43,
                                      "column": 21,
                                      "endLine": 43,
                                      "endColumn": 24
                                    }
                                  ]
                                },
                                {
                                  "type": "NameExpr",
                                  "name": "k",
                                  "line": 43,
                                  "column": 31,
                                  "endLine": 43,
                                  "endColumn": 31,
                                  "children": [
                                    {
                                      "type": "SimpleName",
                                      "name": "",
                                      "line": 43,
                                      "column": 31,
                                      "endLine": 43,
                                      "endColumn": 31
                                    }
                                  ]
                                }
                              ]
                            },
                            {
                              "type": "BlockStmt",
                              "name": "",
                              "line": 43,
                              "column": 34,
                              "endLine": 46,
                              "endColumn": 9,
                              "children": [
                                {
                                  "type": "ExpressionStmt",
                                  "name": "",
                                  "line": 44,
                                  "column": 13,
                                  "endLine": 44,
                                  "endColumn": 55,
                                  "attrs": {
                                    "code": "combinations.add(new ArrayList<>(current))"
                                  },
                                  "children": [
                                    {
                                      "type": "MethodCallExpr",
                                      "name": "add",
                                      "line": 44,
                                      "column": 13,
                                      "endLine": 44,
                                      "endColumn": 54,
                                      "attrs": {
                                        "args": "[new ArrayList<>(current)]",
                                        "code": "combinations.add(new ArrayList<>(current))"
                                      },
                                      "children": [
                                        {
                                          "type": "NameExpr",
                                          "name": "combinations",
                                          "line": 44,
                                          "column": 13,
                                          "endLine": 44,
                                          "endColumn": 24,
                                          "children": [
                                            {
                                              "type": "SimpleName",
                                              "name": "",
                                              "line": 44,
                                              "column": 13,
                                              "endLine": 44,
                                              "endColumn": 24
                                            }
                                          ]
                                        },
                                        {
                                          "type": "SimpleName",
                                          "name": "",
                                          "line": 44,
                                          "column": 26,
                                          "endLine": 44,
                                          "endColumn": 28
                                        },
                                        {
                                          "type": "ObjectCreationExpr",
                                          "name": "new ArrayList<>",
                                          "line": 44,
                                          "column": 30,
                                          "endLine": 44,
                                          "endColumn": 53,
                                          "attrs": {
                                            "type": "ArrayList<>",
                                            "hasAnonymousClassBody": "false",
                                            "args": "[current]"
                                          },
                                          "children": [
                                            {
                                              "type": "ClassOrInterfaceType",
                                              "name": "ArrayList",
                                              "line": 44,
                                              "column": 34,
                                              "endLine": 44,
                                              "endColumn": 44,
                                              "attrs": {
                                                "typeArgs": "[]"
                                              },
                                              "children": [
                                                {
                                                  "type": "SimpleName",
                                                  "name": "",
                                                  "line": 44,
                                                  "column": 34,
                                                  "endLine": 44,
                                                  "endColumn": 42
                                                }
                                              ]
                                            },
                                            {
                                              "type": "NameExpr",
                                              "name": "current",
                                              "line": 44,
                                              "column": 46,
                                              "endLine": 44,
                                              "endColumn": 52,
                                              "children": [
                                                {
                                                  "type": "SimpleName",
                                                  "name": "",
                                                  "line": 44,
                                                  "column": 46,
                                                  "endLine": 44,
                                                  "endColumn": 52
                                                }
                                              ]
                                            }
                                          ]
                                        }
                                      ]
                                    }
                                  ]
                                },
                                {
                                  "type": "ReturnStmt",
                                  "name": "return",
                                  "line": 45,
                                  "column": 13,
                                  "endLine": 45,
                                  "endColumn": 19,
                                  "attrs": {
                                    "expr": ""
                                  }
                                }
                              ]
                            }
                          ]
                        },
                        {
                          "type": "ForStmt",
                          "name": "for(…)",
                          "line": 48,
                          "column": 9,
                          "endLine": 52,
                          "endColumn": 9,
                          "attrs": {
                            "init": "[int i = start]",
                            "compare": "i < n",
                            "update": "[i++]"
                          },
                          "children": [
                            {
                              "type": "VariableDeclarationExpr",
                              "name": "",
                              "line": 48,
                              "column": 14,
                              "endLine": 48,
                              "endColumn": 26,
                              "attrs": {
                                "modifiers": "[]",
                                "code": "int i = start"
                              },
                              "children": [
                                {
                                  "type": "VariableDeclarator",
                                  "name": "i",
                                  "line": 48,
                                  "column": 18,
                                  "endLine": 48,
                                  "endColumn": 26,
                                  "value": "int",
                                  "attrs": {
                                    "initializer": "start",
                                    "type": "int"
                                  },
                                  "children": [
                                    {
                                      "type": "PrimitiveType",
                                      "name": "",
                                      "line": 48,
                                      "column": 14,
                                      "endLine": 48,
                                      "endColumn": 16
                                    },
                                    {
                                      "type": "SimpleName",
                                      "name": "",
                                      "line": 48,
                                      "column": 18,
                                      "endLine": 48,
                                      "endColumn": 18
                                    },
                                    {
                                      "type": "NameExpr",
                                      "name": "start",
                                      "line": 48,
                                      "column": 22,
                                      "endLine": 48,
                                      "endColumn": 26,
                                      "children": [
                                        {
                                          "type": "SimpleName",
                                          "name": "",
                                          "line": 48,
                                          "column": 22,
                                          "endLine": 48,
                                          "endColumn": 26
                                        }
                                      ]
                                    }
                                  ]
                                }
                              ]
                            },
                            {
                              "type": "BinaryExpr",
                              "name": "",
                              "line": 48,
                              "column": 29,
                              "endLine": 48,
                              "endColumn": 33,
                              "children": [
                                {
                                  "type": "NameExpr",
                                  "name": "i",
                                  "line": 48,
                                  "column": 29,
                                  "endLine": 48,
                                  "endColumn": 29,
                                  "children": [
                                    {
                                      "type": "SimpleName",
                                      "name": "",
                                      "line": 48,
                                      "column": 29,
                                      "endLine": 48,
                                      "endColumn": 29
                                    }
                                  ]
                                },
                                {
                                  "type": "NameExpr",
                                  "name": "n",
                                  "line": 48,
                                  "column": 33,
                                  "endLine": 48,
                                  "endColumn": 33,
                                  "children": [
                                    {
                                      "type": "SimpleName",
                                      "name": "",
                                      "line": 48,
                                      "column": 33,
                                      "endLine": 48,
                                      "endColumn": 33
                                    }
                                  ]
                                }
                              ]
                            },
                            {
                              "type": "UnaryExpr",
                              "name": "",
                              "line": 48,
                              "column": 36,
                              "endLine": 48,
                              "endColumn": 38,
                              "children": [
                                {
                                  "type": "NameExpr",
                                  "name": "i",
                                  "line": 48,
                                  "column": 36,
                                  "endLine": 48,
                                  "endColumn": 36,
                                  "children": [
                                    {
                                      "type": "SimpleName",
                                      "name": "",
                                      "line": 48,
                                      "column": 36,
                                      "endLine": 48,
                                      "endColumn": 36
                                    }
                                  ]
                                }
                              ]
                            },
                            {
                              "type": "BlockStmt",
                              "name": "",
                              "line": 48,
                              "column": 41,
                              "endLine": 52,
                              "endColumn": 9,
                              "children": [
                                {
                                  "type": "ExpressionStmt",
                                  "name": "",
                                  "line": 49,
                                  "column": 13,
                                  "endLine": 49,
                                  "endColumn": 27,
                                  "attrs": {
                                    "code": "current.add(i)"
                                  },
                                  "children": [
                                    {
                                      "type": "MethodCallExpr",
                                      "name": "add",
                                      "line": 49,
                                      "column": 13,
                                      "endLine": 49,
                                      "endColumn": 26,
                                      "attrs": {
                                        "args": "[i]",
                                        "code": "current.add(i)"
                                      },
                                      "children": [
                                        {
                                          "type": "NameExpr",
                                          "name": "current",
                                          "line": 49,
                                          "column": 13,
                                          "endLine": 49,
                                          "endColumn": 19,
                                          "children": [
                                            {
                                              "type": "SimpleName",
                                              "name": "",
                                              "line": 49,
                                              "column": 13,
                                              "endLine": 49,
                                              "endColumn": 19
                                            }
                                          ]
                                        },
                                        {
                                          "type": "SimpleName",
                                          "name": "",
                                          "line": 49,
                                          "column": 21,
                                          "endLine": 49,
                                          "endColumn": 23
                                        },
                                        {
                                          "type": "NameExpr",
                                          "name": "i",
                                          "line": 49,
                                          "column": 25,
                                          "endLine": 49,
                                          "endColumn": 25,
                                          "children": [
                                            {
                                              "type": "SimpleName",
                                              "name": "",
                                              "line": 49,
                                              "column": 25,
                                              "endLine": 49,
                                              "endColumn": 25
                                            }
                                          ]
                                        }
                                      ]
                                    }
                                  ]
                                },
                                {
                                  "type": "ExpressionStmt",
                                  "name": "",
                                  "line": 50,
                                  "column": 13,
                                  "endLine": 50,
                                  "endColumn": 56,
                                  "attrs": {
                                    "code": "combine(combinations, current, i + 1, n, k)"
                                  },
                                  "children": [
                                    {
                                      "type": "MethodCallExpr",
                                      "name": "combine",
                                      "line": 50,
                                      "column": 13,
                                      "endLine": 50,
                                      "endColumn": 55,
                                      "attrs": {
                                        "args": "[combinations, current, i + 1, n, k]",
                                        "code": "combine(combinations, current, i + 1, n, k)"
                                      },
                                      "children": [
                                        {
                                          "type": "SimpleName",
                                          "name": "",
                                          "line": 50,
                                          "column": 13,
                                          "endLine": 50,
                                          "endColumn": 19
                                        },
                                        {
                                          "type": "NameExpr",
                                          "name": "combinations",
                                          "line": 50,
                                          "column": 21,
                                          "endLine": 50,
                                          "endColumn": 32,
                                          "children": [
                                            {
                                              "type": "SimpleName",
                                              "name": "",
                                              "line": 50,
                                              "column": 21,
                                              "endLine": 50,
                                              "endColumn": 32
                                            }
                                          ]
                                        },
                                        {
                                          "type": "NameExpr",
                                          "name": "current",
                                          "line": 50,
                                          "column": 35,
                                          "endLine": 50,
                                          "endColumn": 41,
                                          "children": [
                                            {
                                              "type": "SimpleName",
                                              "name": "",
                                              "line": 50,
                                              "column": 35,
                                              "endLine": 50,
                                              "endColumn": 41
                                            }
                                          ]
                                        },
                                        {
                                          "type": "BinaryExpr",
                                          "name": "",
                                          "line": 50,
                                          "column": 44,
                                          "endLine": 50,
                                          "endColumn": 48,
                                          "children": [
                                            {
                                              "type": "NameExpr",
                                              "name": "i",
                                              "line": 50,
                                              "column": 44,
                                              "endLine": 50,
                                              "endColumn": 44,
                                              "children": [
                                                {
                                                  "type": "SimpleName",
                                                  "name": "",
                                                  "line": 50,
                                                  "column": 44,
                                                  "endLine": 50,
                                                  "endColumn": 44
                                                }
                                              ]
                                            },
                                            {
                                              "type": "IntegerLiteralExpr",
                                              "name": "",
                                              "line": 50,
                                              "column": 48,
                                              "endLine": 50,
                                              "endColumn": 48
                                            }
                                          ]
                                        },
                                        {
                                          "type": "NameExpr",
                                          "name": "n",
                                          "line": 50,
                                          "column": 51,
                                          "endLine": 50,
                                          "endColumn": 51,
                                          "children": [
                                            {
                                              "type": "SimpleName",
                                              "name": "",
                                              "line": 50,
                                              "column": 51,
                                              "endLine": 50,
                                              "endColumn": 51
                                            }
                                          ]
                                        },
                                        {
                                          "type": "NameExpr",
                                          "name": "k",
                                          "line": 50,
                                          "column": 54,
                                          "endLine": 50,
                                          "endColumn": 54,
                                          "children": [
                                            {
                                              "type": "SimpleName",
                                              "name": "",
                                              "line": 50,
                                              "column": 54,
                                              "endLine": 50,
                                              "endColumn": 54
                                            }
                                          ]
                                        }
                                      ]
                                    }
                                  ]
                                },
                                {
                                  "type": "ExpressionStmt",
                                  "name": "",
                                  "line": 51,
                                  "column": 13,
                                  "endLine": 51,
                                  "endColumn": 47,
                                  "attrs": {
                                    "code": "current.remove(current.size() - 1)"
                                  },
                                  "children": [
                                    {
                                      "type": "LineComment",
                                      "name": "",
                                      "line": 51,
                                      "column": 49,
                                      "endLine": 51,
                                      "endColumn": 60,
                                      "value": " Backtrack"
                                    },
                                    {
                                      "type": "MethodCallExpr",
                                      "name": "remove",
                                      "line": 51,
                                      "column": 13,
                                      "endLine": 51,
                                      "endColumn": 46,
                                      "attrs": {
                                        "args": "[current.size() - 1]",
                                        "code": "current.remove(current.size() - 1)"
                                      },
                                      "children": [
                                        {
                                          "type": "NameExpr",
                                          "name": "current",
                                          "line": 51,
                                          "column": 13,
                                          "endLine": 51,
                                          "endColumn": 19,
                                          "children": [
                                            {
                                              "type": "SimpleName",
                                              "name": "",
                                              "line": 51,
                                              "column": 13,
                                              "endLine": 51,
                                              "endColumn": 19
                                            }
                                          ]
                                        },
                                        {
                                          "type": "SimpleName",
                                          "name": "",
                                          "line": 51,
                                          "column": 21,
                                          "endLine": 51,
                                          "endColumn": 26
                                        },
                                        {
                                          "type": "BinaryExpr",
                                          "name": "",
                                          "line": 51,
                                          "column": 28,
                                          "endLine": 51,
                                          "endColumn": 45,
                                          "children": [
                                            {
                                              "type": "MethodCallExpr",
                                              "name": "size",
                                              "line": 51,
                                              "column": 28,
                                              "endLine": 51,
                                              "endColumn": 41,
                                              "attrs": {
                                                "args": "[]",
                                                "code": "current.size()"
                                              },
                                              "children": [
                                                {
                                                  "type": "NameExpr",
                                                  "name": "current",
                                                  "line": 51,
                                                  "column": 28,
                                                  "endLine": 51,
                                                  "endColumn": 34,
                                                  "children": [
                                                    {
                                                      "type": "SimpleName",
                                                      "name": "",
                                                      "line": 51,
                                                      "column": 28,
                                                      "endLine": 51,
                                                      "endColumn": 34
                                                    }
                                                  ]
                                                },
                                                {
                                                  "type": "SimpleName",
                                                  "name": "",
                                                  "line": 51,
                                                  "column": 36,
                                                  "endLine": 51,
                                                  "endColumn": 39
                                                }
                                              ]
                                            },
                                            {
                                              "type": "IntegerLiteralExpr",
                                              "name": "",
                                              "line": 51,
                                              "column": 45,
                                              "endLine": 51,
                                              "endColumn": 45
                                            }
                                          ]
                                        }
                                      ]
                                    }
                                  ]
                                }
                              ]
                            }
                          ]
                        }
                      ]
                    }
                  ]
                }
              ]
            }
          ]
        }
      ]
    }
  ]
}